employee_id,role,salaire_brut,cot_salariale,cot_patronale,net_imposable,PAS,net_paye,avantages,total_cost,month
1,Intern,898.93,191.48,270.68,707.45,0.0,707.45,7.77,1177.38,2023-01-01
2,Intern,704.02,138.64,260.85,565.38,0.0,565.38,127.13,1092.0,2023-01-01
3,Intern,700.53,140.34,205.76,560.19,0.0,560.19,51.88,958.17,2023-01-01
4,Intern,826.08,154.31,254.5,671.77,0.0,671.77,120.3,1200.88,2023-01-01
5,Intern,871.51,185.03,265.16,686.49,0.0,686.49,128.11,1264.78,2023-01-01
6,Intern,740.97,176.96,299.26,564.01,0.0,564.01,133.94,1174.17,2023-01-01
7,Intern,630.07,147.03,160.66,483.05,0.0,483.05,24.01,814.75,2023-01-01
8,Intern,873.4,167.93,280.94,705.47,0.0,705.47,97.46,1251.8,2023-01-01
9,Intern,806.69,170.48,236.34,636.21,0.0,636.21,67.49,1110.52,2023-01-01
10,Intern,844.15,175.94,242.65,668.21,0.0,668.21,34.97,1121.77,2023-01-01
11,Intern,730.13,149.61,254.88,580.52,0.0,580.52,58.21,1043.22,2023-01-01
12,Intern,699.8,135.34,187.97,564.46,0.0,564.46,125.39,1013.16,2023-01-01
13,Junior,1932.34,461.9,656.04,1470.45,0.0,1470.45,116.08,2704.46,2023-01-01
14,Junior,1546.76,326.28,546.22,1220.48,0.0,1220.48,73.86,2166.84,2023-01-01
15,Junior,1515.01,308.24,620.45,1206.78,0.0,1206.78,9.58,2145.04,2023-01-01
16,Junior,2355.16,473.28,624.15,1881.88,118.76,1763.12,112.44,3091.75,2023-01-01
17,Junior,1667.54,346.38,631.5,1321.16,0.0,1321.16,104.96,2404.0,2023-01-01
18,Junior,1998.09,447.49,717.76,1550.6,59.22,1491.38,96.3,2812.16,2023-01-01
19,Junior,2315.29,532.85,684.08,1782.45,110.92,1671.53,111.56,3110.94,2023-01-01
20,Junior,2348.4,428.04,723.34,1920.36,101.26,1819.1,17.99,3089.73,2023-01-01
21,Junior,2715.57,596.86,767.71,2118.71,122.36,1996.35,94.42,3577.7,2023-01-01
22,Junior,2238.53,506.06,638.92,1732.47,63.29,1669.19,59.96,2937.41,2023-01-01
23,Junior,2198.45,457.72,723.91,1740.73,63.49,1677.24,23.9,2946.25,2023-01-01
24,Junior,1879.83,425.37,744.1,1454.46,0.0,1454.46,127.19,2751.12,2023-01-01
25,Junior,2589.45,582.48,872.12,2006.96,134.19,1872.78,2.75,3464.31,2023-01-01
26,Junior,2184.08,444.32,617.96,1739.75,83.37,1656.39,57.34,2859.38,2023-01-01
27,Junior,1449.23,303.93,378.29,1145.3,0.0,1145.3,11.99,1839.51,2023-01-01
28,Junior,1938.01,449.54,554.18,1488.47,0.0,1488.47,124.75,2616.93,2023-01-01
29,Junior,2007.58,432.98,535.64,1574.6,100.26,1474.34,20.07,2563.28,2023-01-01
30,Junior,2010.17,388.86,816.37,1621.31,49.44,1571.87,105.54,2932.09,2023-01-01
31,Junior,1996.25,373.02,597.06,1623.23,52.41,1570.82,43.31,2636.62,2023-01-01
32,Junior,1761.37,380.35,616.22,1381.02,0.0,1381.02,128.65,2506.24,2023-01-01
33,Junior,2825.04,597.88,1102.81,2227.16,138.11,2089.05,5.02,3932.86,2023-01-01
34,Junior,1516.26,316.42,525.87,1199.84,0.0,1199.84,5.71,2047.85,2023-01-01
35,Junior,1869.18,440.38,644.57,1428.8,0.0,1428.8,108.56,2622.31,2023-01-01
36,Junior,1745.67,369.98,623.68,1375.7,0.0,1375.7,109.42,2478.77,2023-01-01
37,Junior,2029.76,440.97,604.19,1588.79,80.92,1507.87,34.71,2668.65,2023-01-01
38,Junior,1694.0,335.52,638.71,1358.49,0.0,1358.49,88.62,2421.34,2023-01-01
39,Junior,1911.04,456.42,775.94,1454.62,0.0,1454.62,148.05,2835.03,2023-01-01
40,Junior,2266.34,492.06,683.04,1774.28,54.93,1719.35,42.32,2991.69,2023-01-01
41,Junior,2789.03,599.46,875.01,2189.57,114.14,2075.43,19.76,3683.81,2023-01-01
42,Junior,1639.76,391.43,436.28,1248.34,0.0,1248.34,112.0,2188.05,2023-01-01
43,Junior,1929.59,454.87,613.81,1474.71,0.0,1474.71,38.75,2582.14,2023-01-01
44,Junior,1807.6,329.75,674.52,1477.85,0.0,1477.85,139.57,2621.69,2023-01-01
45,Junior,1602.53,334.17,586.49,1268.36,0.0,1268.36,90.52,2279.55,2023-01-01
46,Junior,2321.29,438.96,608.92,1882.34,93.53,1788.81,35.91,2966.12,2023-01-01
47,Junior,1579.82,356.97,512.77,1222.86,0.0,1222.86,125.06,2217.66,2023-01-01
48,Junior,2777.92,592.65,754.15,2185.26,75.23,2110.03,144.36,3676.43,2023-01-01
49,Junior,1602.41,357.67,653.78,1244.74,0.0,1244.74,10.62,2266.81,2023-01-01
50,Junior,1835.77,369.53,697.48,1466.24,0.0,1466.24,91.58,2624.84,2023-01-01
51,Junior,1894.88,355.28,781.4,1539.6,75.41,1464.19,54.46,2730.74,2023-01-01
52,Junior,2117.0,416.4,628.55,1700.6,70.46,1630.14,133.37,2878.92,2023-01-01
53,Junior,1532.99,325.9,474.16,1207.09,0.0,1207.09,71.22,2078.37,2023-01-01
54,Junior,2521.41,511.64,722.48,2009.77,82.56,1927.21,98.25,3342.15,2023-01-01
55,Junior,2356.26,452.42,623.38,1903.84,95.13,1808.71,96.61,3076.25,2023-01-01
56,Junior,2069.53,379.96,707.24,1689.57,56.0,1633.58,47.51,2824.28,2023-01-01
57,Junior,2027.85,469.2,543.11,1558.64,48.84,1509.81,68.5,2639.46,2023-01-01
58,Junior,1659.67,312.07,422.3,1347.59,0.0,1347.59,9.45,2091.41,2023-01-01
59,Junior,1849.36,425.3,639.48,1424.05,0.0,1424.05,47.69,2536.53,2023-01-01
60,Junior,2064.84,416.44,622.08,1648.41,55.37,1593.04,73.97,2760.9,2023-01-01
61,Junior,2328.25,503.53,969.13,1824.72,61.41,1763.31,61.63,3359.02,2023-01-01
62,Junior,2328.82,513.5,610.71,1815.31,101.93,1713.38,20.71,2960.24,2023-01-01
63,Junior,1891.47,433.19,710.63,1458.28,0.0,1458.28,69.64,2671.74,2023-01-01
64,Junior,2077.21,399.01,575.17,1678.2,61.73,1616.46,143.25,2795.63,2023-01-01
65,Junior,2070.95,416.07,518.03,1654.88,91.51,1563.38,2.1,2591.08,2023-01-01
66,Junior,1876.8,356.17,733.94,1520.63,99.84,1420.79,83.7,2694.43,2023-01-01
67,Junior,1879.9,346.81,746.28,1533.09,84.86,1448.23,60.29,2686.47,2023-01-01
68,Junior,1712.29,384.41,613.2,1327.87,0.0,1327.87,24.35,2349.84,2023-01-01
69,Junior,2028.37,428.44,799.56,1599.93,84.56,1515.37,114.57,2942.5,2023-01-01
70,Junior,1833.54,420.25,728.06,1413.29,0.0,1413.29,66.85,2628.44,2023-01-01
71,Junior,2385.65,479.07,862.07,1906.58,84.2,1822.38,125.81,3373.53,2023-01-01
72,Junior,1521.28,320.35,609.06,1200.93,0.0,1200.93,103.94,2234.28,2023-01-01
73,Junior,1764.82,338.95,716.31,1425.88,0.0,1425.88,13.96,2495.09,2023-01-01
74,Junior,1677.99,307.62,642.83,1370.37,0.0,1370.37,144.94,2465.76,2023-01-01
75,Mid-Level,3451.51,827.59,1442.03,2623.91,199.87,2424.05,36.57,4930.1,2023-01-01
76,Mid-Level,2751.64,597.5,1022.13,2154.14,124.85,2029.29,104.56,3878.33,2023-01-01
77,Mid-Level,3152.44,626.28,1292.59,2526.16,186.57,2339.59,131.12,4576.14,2023-01-01
78,Mid-Level,3348.56,677.01,1391.26,2671.55,263.05,2408.49,129.12,4868.94,2023-01-01
79,Mid-Level,2975.93,652.01,975.1,2323.92,135.09,2188.83,12.08,3963.11,2023-01-01
80,Mid-Level,2394.08,454.02,640.75,1940.07,126.15,1813.92,4.22,3039.06,2023-01-01
81,Mid-Level,2862.05,544.44,917.39,2317.62,96.33,2221.29,94.63,3874.07,2023-01-01
82,Mid-Level,2460.29,526.7,845.31,1933.59,71.48,1862.11,64.36,3369.96,2023-01-01
83,Mid-Level,3060.94,717.35,798.72,2343.6,163.94,2179.66,127.71,3987.37,2023-01-01
84,Mid-Level,2560.19,465.18,880.44,2095.01,137.26,1957.75,147.9,3588.52,2023-01-01
85,Mid-Level,2473.57,479.49,819.57,1994.08,93.53,1900.55,79.84,3372.98,2023-01-01
86,Mid-Level,3405.63,804.15,880.78,2601.48,259.73,2341.75,52.8,4339.21,2023-01-01
87,Mid-Level,2450.38,493.87,1028.85,1956.5,63.63,1892.87,23.39,3502.62,2023-01-01
88,Mid-Level,2808.23,577.93,960.35,2230.3,88.69,2141.62,55.88,3824.46,2023-01-01
89,Mid-Level,3115.42,723.59,1006.58,2391.84,119.98,2271.86,96.45,4218.45,2023-01-01
90,Mid-Level,3333.01,651.21,1283.78,2681.8,274.55,2407.25,48.87,4665.66,2023-01-01
91,Mid-Level,3342.27,715.21,1092.87,2627.06,258.84,2368.22,2.33,4437.48,2023-01-01
92,Mid-Level,2840.43,522.14,1005.18,2318.29,82.65,2235.64,11.44,3857.05,2023-01-01
93,Mid-Level,2936.91,544.62,903.23,2392.29,83.7,2308.59,41.64,3881.77,2023-01-01
94,Mid-Level,2930.3,681.21,744.91,2249.1,121.3,2127.8,116.38,3791.59,2023-01-01
95,Mid-Level,2445.51,511.46,677.65,1934.05,58.34,1875.71,18.23,3141.39,2023-01-01
96,Mid-Level,3738.51,874.45,1520.16,2864.06,304.81,2559.25,139.46,5398.13,2023-01-01
97,Mid-Level,3408.34,766.85,1331.96,2641.49,269.34,2372.15,28.22,4768.51,2023-01-01
98,Mid-Level,2659.72,507.62,830.82,2152.11,131.92,2020.19,136.58,3627.12,2023-01-01
99,Mid-Level,3365.64,648.54,1018.28,2717.1,207.56,2509.54,98.34,4482.25,2023-01-01
100,Mid-Level,3378.92,708.58,1117.2,2670.34,219.99,2450.35,92.83,4588.96,2023-01-01
101,Mid-Level,3433.28,762.61,999.03,2670.68,195.95,2474.73,80.68,4513.0,2023-01-01
102,Mid-Level,2699.05,546.04,1066.57,2153.01,101.35,2051.66,65.74,3831.36,2023-01-01
103,Mid-Level,3156.04,693.26,1308.66,2462.78,126.06,2336.72,116.32,4581.03,2023-01-01
104,Mid-Level,2451.16,502.05,940.14,1949.11,76.16,1872.95,40.38,3431.68,2023-01-01
105,Mid-Level,2861.45,679.53,773.03,2181.92,136.4,2045.53,10.04,3644.52,2023-01-01
106,Mid-Level,3295.32,784.78,880.65,2510.54,246.46,2264.08,96.28,4272.25,2023-01-01
107,Mid-Level,3307.62,626.69,1154.37,2680.93,276.11,2404.83,103.1,4565.09,2023-01-01
108,Mid-Level,3148.4,620.92,932.29,2527.48,276.28,2251.19,53.38,4134.08,2023-01-01
109,Mid-Level,3314.65,609.38,1331.56,2705.26,279.33,2425.93,84.92,4731.13,2023-01-01
110,Mid-Level,2966.34,679.96,992.21,2286.38,77.56,2208.81,117.5,4076.04,2023-01-01
111,Mid-Level,3477.13,834.51,939.1,2642.62,233.37,2409.25,149.65,4565.88,2023-01-01
112,Mid-Level,3304.99,644.04,1118.52,2660.95,290.08,2370.87,53.39,4476.9,2023-01-01
113,Mid-Level,2924.48,537.71,1013.03,2386.77,86.6,2300.18,5.52,3943.04,2023-01-01
114,Mid-Level,4333.91,812.31,1697.26,3521.61,452.54,3069.07,55.58,6086.76,2023-01-01
115,Mid-Level,2509.26,542.56,928.2,1966.7,123.03,1843.67,52.97,3490.42,2023-01-01
116,Mid-Level,3200.54,621.97,1251.66,2578.58,275.83,2302.75,112.76,4564.96,2023-01-01
117,Mid-Level,3221.23,689.31,1250.42,2531.92,250.24,2281.69,8.88,4480.53,2023-01-01
118,Mid-Level,3456.81,643.86,1019.5,2812.96,206.6,2606.36,122.96,4599.27,2023-01-01
119,Mid-Level,2434.72,485.61,897.27,1949.12,87.65,1861.47,29.62,3361.61,2023-01-01
120,Mid-Level,3390.65,616.12,1211.25,2774.53,282.19,2492.35,135.56,4737.46,2023-01-01
121,Mid-Level,4324.77,917.32,1568.04,3407.45,299.19,3108.26,108.88,6001.69,2023-01-01
122,Mid-Level,3151.55,584.7,955.21,2566.85,208.72,2358.14,82.59,4189.36,2023-01-01
123,Mid-Level,4351.3,838.98,1291.81,3512.33,451.75,3060.58,102.99,5746.1,2023-01-01
124,Mid-Level,3160.19,748.13,1305.65,2412.05,151.93,2260.12,44.47,4510.31,2023-01-01
125,Mid-Level,2829.04,632.96,863.95,2196.08,144.09,2051.99,12.42,3705.41,2023-01-01
126,Mid-Level,3289.08,615.9,1362.93,2673.18,202.07,2471.11,90.72,4742.72,2023-01-01
127,Mid-Level,3352.09,696.97,1306.33,2655.13,224.58,2430.55,87.2,4745.63,2023-01-01
128,Mid-Level,3268.74,595.72,1059.54,2673.02,189.97,2483.05,61.61,4389.89,2023-01-01
129,Mid-Level,2974.05,645.33,876.79,2328.73,98.86,2229.87,56.94,3907.79,2023-01-01
130,Mid-Level,4303.3,893.2,1781.13,3410.1,297.6,3112.5,27.94,6112.37,2023-01-01
131,Mid-Level,2653.74,494.38,929.18,2159.36,137.88,2021.48,79.86,3662.77,2023-01-01
132,Mid-Level,3785.32,898.06,1454.16,2887.26,221.27,2665.98,4.91,5244.38,2023-01-01
133,Mid-Level,3011.45,681.18,765.26,2330.28,118.41,2211.87,77.44,3854.14,2023-01-01
134,Mid-Level,3254.77,601.78,1131.51,2652.99,275.06,2377.93,51.92,4438.19,2023-01-01
135,Mid-Level,2519.05,495.26,872.3,2023.79,84.63,1939.16,73.99,3465.34,2023-01-01
136,Mid-Level,4297.67,838.72,1656.38,3458.95,368.18,3090.77,21.04,5975.09,2023-01-01
137,Mid-Level,2914.9,641.31,1011.11,2273.59,89.46,2184.13,104.11,4030.13,2023-01-01
138,Mid-Level,3399.82,778.33,1080.51,2621.49,266.83,2354.66,127.13,4607.45,2023-01-01
139,Mid-Level,2484.26,565.94,815.41,1918.33,129.8,1788.53,101.59,3401.26,2023-01-01
140,Mid-Level,2727.93,506.78,850.83,2221.15,79.08,2142.07,12.28,3591.03,2023-01-01
141,Mid-Level,2606.13,499.65,806.25,2106.48,146.92,1959.56,134.54,3546.93,2023-01-01
142,Mid-Level,2669.79,533.54,807.18,2136.25,136.79,1999.46,145.3,3622.27,2023-01-01
143,Mid-Level,2615.89,567.89,980.29,2048.01,128.79,1919.22,100.86,3697.04,2023-01-01
144,Mid-Level,2982.11,549.05,1112.02,2433.06,112.45,2320.61,123.38,4217.51,2023-01-01
145,Mid-Level,2962.84,638.0,960.35,2324.84,145.0,2179.85,147.57,4070.76,2023-01-01
146,Mid-Level,3231.22,615.73,1289.21,2615.49,260.53,2354.96,79.22,4599.66,2023-01-01
147,Mid-Level,3742.16,730.15,1323.57,3012.0,264.8,2747.2,9.08,5074.81,2023-01-01
148,Mid-Level,3900.6,804.25,1533.2,3096.35,247.05,2849.3,40.79,5474.58,2023-01-01
149,Mid-Level,3404.96,657.25,1113.89,2747.71,298.01,2449.7,90.22,4609.06,2023-01-01
150,Mid-Level,3108.68,588.17,826.59,2520.51,205.62,2314.89,105.11,4040.38,2023-01-01
151,Mid-Level,4568.96,978.98,1197.91,3589.98,441.29,3148.69,45.72,5812.58,2023-01-01
152,Mid-Level,2752.72,534.98,746.42,2217.74,136.59,2081.15,121.11,3620.25,2023-01-01
153,Mid-Level,2687.04,534.16,878.89,2152.88,113.91,2038.97,22.99,3588.93,2023-01-01
154,Mid-Level,3239.9,641.61,1300.8,2598.3,221.09,2377.2,36.92,4577.63,2023-01-01
155,Mid-Level,2430.69,438.41,859.83,1992.28,137.3,1854.98,99.34,3389.86,2023-01-01
156,Mid-Level,2907.57,588.97,984.71,2318.6,95.11,2223.49,113.79,4006.07,2023-01-01
157,Mid-Level,3210.8,721.75,878.38,2489.05,115.26,2373.79,128.02,4217.21,2023-01-01
158,Mid-Level,2546.17,508.57,851.21,2037.61,99.07,1938.53,49.07,3446.46,2023-01-01
159,Mid-Level,2599.21,549.1,874.29,2050.11,65.87,1984.24,53.52,3527.02,2023-01-01
160,Mid-Level,3305.54,747.83,1040.78,2557.71,262.97,2294.74,16.34,4362.66,2023-01-01
161,Mid-Level,2875.32,663.31,1014.16,2212.0,124.04,2087.96,54.23,3943.7,2023-01-01
162,Mid-Level,3180.06,646.23,1007.76,2533.83,244.88,2288.95,74.77,4262.59,2023-01-01
163,Mid-Level,3159.37,674.46,934.86,2484.91,171.32,2313.59,112.61,4206.84,2023-01-01
164,Mid-Level,4140.12,923.06,1319.45,3217.05,286.24,2930.81,23.02,5482.59,2023-01-01
165,Mid-Level,2673.08,562.87,759.54,2110.21,90.67,2019.54,58.25,3490.87,2023-01-01
166,Mid-Level,3891.01,862.91,1144.08,3028.1,324.67,2703.43,93.13,5128.22,2023-01-01
167,Mid-Level,3190.17,596.73,1169.44,2593.44,265.74,2327.7,23.12,4382.74,2023-01-01
168,Mid-Level,2636.05,623.69,899.67,2012.35,83.24,1929.11,139.49,3675.21,2023-01-01
169,Mid-Level,2868.1,518.28,743.8,2349.82,79.97,2269.85,12.9,3624.8,2023-01-01
170,Mid-Level,2474.58,483.25,919.98,1991.33,95.72,1895.61,11.12,3405.68,2023-01-01
171,Mid-Level,3426.29,741.55,1414.73,2684.74,220.29,2464.45,47.49,4888.51,2023-01-01
172,Mid-Level,3365.03,782.01,907.58,2583.02,240.84,2342.17,99.97,4372.58,2023-01-01
173,Mid-Level,3360.44,696.67,1051.5,2663.77,242.85,2420.92,6.4,4418.34,2023-01-01
174,Mid-Level,3381.66,773.09,1123.09,2608.57,189.1,2419.47,19.62,4524.37,2023-01-01
175,Senior,4992.72,975.35,1276.09,4017.37,532.95,3484.42,89.06,6357.88,2023-01-01
176,Senior,5310.92,1002.7,1541.48,4308.22,592.31,3715.91,8.41,6860.81,2023-01-01
177,Senior,4490.09,980.0,1159.1,3510.09,468.83,3041.26,3.35,5652.53,2023-01-01
178,Senior,5617.57,1278.21,2201.25,4339.36,551.56,3787.8,49.53,7868.34,2023-01-01
179,Senior,4292.52,794.95,1749.22,3497.57,378.05,3119.52,78.51,6120.24,2023-01-01
180,Senior,3635.31,689.43,1250.25,2945.89,303.85,2642.04,85.11,4970.68,2023-01-01
181,Senior,5198.53,1140.61,1522.88,4057.93,450.71,3607.22,142.59,6864.01,2023-01-01
182,Senior,4154.17,965.04,1533.8,3189.13,336.06,2853.07,3.73,5691.7,2023-01-01
183,Senior,5426.17,1194.56,2115.54,4231.61,559.57,3672.04,108.09,7649.8,2023-01-01
184,Senior,5834.79,1299.47,1698.32,4535.32,582.25,3953.08,47.81,7580.92,2023-01-01
185,Senior,3609.69,861.93,938.98,2747.77,281.91,2465.86,17.89,4566.56,2023-01-01
186,Senior,5079.12,1200.69,1777.86,3878.43,541.08,3337.35,0.41,6857.39,2023-01-01
187,Senior,5630.06,1033.86,1787.71,4596.2,621.3,3974.9,137.81,7555.58,2023-01-01
188,Senior,3965.42,865.22,1183.69,3100.21,336.48,2763.73,98.94,5248.06,2023-01-01
189,Senior,4733.05,927.84,1264.28,3805.21,505.18,3300.04,20.43,6017.76,2023-01-01
190,Senior,6382.2,1250.82,2577.95,5131.38,862.27,4269.11,7.36,8967.51,2023-01-01
191,Senior,6806.49,1542.51,2570.03,5263.98,864.74,4399.24,85.77,9462.29,2023-01-01
192,Senior,4692.5,967.26,1203.3,3725.24,447.87,3277.37,119.17,6014.97,2023-01-01
193,Senior,7508.87,1491.92,2081.4,6016.95,1011.76,5005.19,1.26,9591.53,2023-01-01
194,Senior,4101.0,868.25,1303.14,3232.75,296.08,2936.67,45.11,5449.24,2023-01-01
195,Senior,4377.63,965.79,1577.87,3411.84,315.18,3096.66,146.92,6102.42,2023-01-01
196,Senior,5327.64,1194.24,1722.64,4133.4,467.77,3665.63,101.15,7151.42,2023-01-01
197,Senior,4498.21,811.71,1866.92,3686.51,444.05,3242.46,53.64,6418.78,2023-01-01
198,Senior,6288.21,1415.85,1760.13,4872.35,598.68,4273.67,63.5,8111.83,2023-01-01
199,Senior,4506.82,870.77,1190.0,3636.06,445.14,3190.92,98.23,5795.05,2023-01-01
200,Senior,4108.47,806.72,1159.94,3301.75,317.28,2984.47,75.62,5344.03,2023-01-01
201,Senior,3940.82,797.98,1459.2,3142.84,240.14,2902.7,52.2,5452.22,2023-01-01
202,Senior,3501.16,735.79,967.87,2765.36,270.55,2494.81,8.83,4477.86,2023-01-01
203,Senior,5394.2,1270.55,1623.6,4123.65,501.28,3622.37,118.37,7136.17,2023-01-01
204,Senior,3696.16,883.62,1537.37,2812.54,250.03,2562.51,128.31,5361.84,2023-01-01
205,Senior,4128.61,866.67,1439.56,3261.94,336.49,2925.45,137.84,5706.01,2023-01-01
206,Senior,4377.24,1006.63,1564.02,3370.6,365.35,3005.25,10.84,5952.1,2023-01-01
207,Senior,4888.52,1140.47,1408.18,3748.05,491.29,3256.76,117.5,6414.2,2023-01-01
208,Senior,3555.78,644.35,1362.04,2911.43,306.9,2604.54,11.83,4929.66,2023-01-01
209,Senior,3932.29,777.85,1476.03,3154.44,285.87,2868.57,86.62,5494.94,2023-01-01
210,Senior,4771.78,960.55,1238.97,3811.23,436.54,3374.69,113.62,6124.37,2023-01-01
211,Senior,3747.34,722.0,1034.1,3025.33,323.49,2701.84,93.67,4875.11,2023-01-01
212,Senior,4831.7,1115.56,1826.89,3716.13,442.77,3273.36,85.96,6744.55,2023-01-01
213,Senior,5203.15,1062.17,1702.97,4140.98,532.67,3608.31,4.33,6910.46,2023-01-01
214,Senior,5054.5,1168.63,2100.12,3885.87,525.15,3360.72,146.84,7301.46,2023-01-01
215,Senior,5044.75,1010.61,1702.48,4034.14,527.95,3506.2,53.68,6800.91,2023-01-01
216,Senior,4025.16,846.79,1341.41,3178.37,341.85,2836.52,114.4,5480.97,2023-01-01
217,Senior,5523.8,1270.18,2308.81,4253.63,532.09,3721.54,134.75,7967.36,2023-01-01
218,Senior,4633.72,991.08,1461.55,3642.64,442.11,3200.53,72.36,6167.63,2023-01-01
219,Senior,4422.88,818.35,1132.6,3604.53,485.4,3119.13,48.51,5603.99,2023-01-01
220,Senior,6155.02,1287.62,2141.91,4867.4,601.49,4265.91,1.75,8298.68,2023-01-01
221,Senior,4374.89,903.18,1170.8,3471.71,314.74,3156.97,112.92,5658.6,2023-01-01
222,Senior,7225.43,1356.26,2596.74,5869.17,966.67,4902.5,5.03,9827.19,2023-01-01
223,Senior,3586.85,734.55,1147.09,2852.3,309.29,2543.01,38.06,4772.0,2023-01-01
224,Senior,3915.73,864.01,1570.29,3051.72,216.77,2834.95,105.74,5591.76,2023-01-01
225,Manager,13063.73,2539.84,4879.04,10523.89,1773.03,8750.86,82.88,18025.65,2023-01-01
226,Manager,10234.86,2145.68,3438.74,8089.18,1328.31,6760.86,149.33,13822.93,2023-01-01
227,Manager,6349.21,1335.43,2354.83,5013.78,827.15,4186.64,148.09,8852.13,2023-01-01
228,Manager,8007.01,1662.2,2637.9,6344.81,918.32,5426.49,40.49,10685.39,2023-01-01
229,Manager,14484.77,3008.63,4233.78,11476.14,1888.44,9587.7,45.03,18763.58,2023-01-01
230,Manager,8242.56,1544.02,2715.12,6698.55,1152.64,5545.9,139.58,11097.26,2023-01-01
231,Manager,7359.04,1645.92,2150.27,5713.12,978.81,4734.31,116.0,9625.31,2023-01-01
232,Manager,12151.09,2718.07,4408.18,9433.02,1613.98,7819.04,47.75,16607.02,2023-01-01
233,Manager,10018.25,2148.38,4097.79,7869.87,1251.63,6618.24,36.05,14152.09,2023-01-01
234,Manager,8990.79,2113.06,3772.28,6877.73,1120.58,5757.16,111.96,12875.04,2023-01-01
235,Manager,13701.05,2597.34,3451.3,11103.71,1964.02,9139.7,103.14,17255.5,2023-01-01
236,Manager,8018.43,1606.43,2272.29,6411.99,1145.05,5266.95,79.8,10370.51,2023-01-01
237,Manager,8460.81,1689.63,2487.42,6771.17,961.85,5809.32,80.95,11029.18,2023-01-01
238,Manager,6130.79,1435.83,1634.04,4694.95,545.53,4149.42,20.86,7785.69,2023-01-01
239,Manager,10855.34,2237.3,4465.1,8618.04,1536.07,7081.97,28.61,15349.06,2023-01-01
240,Manager,15356.22,3417.62,4155.44,11938.61,2089.28,9849.32,103.55,19615.21,2023-01-01
241,Manager,7732.89,1471.5,1941.79,6261.39,927.89,5333.5,17.48,9692.16,2023-01-01
242,Manager,8308.3,1585.89,2365.74,6722.41,994.03,5728.38,68.37,10742.42,2023-01-01
243,Manager,6148.18,1278.0,1547.56,4870.18,603.2,4266.98,71.2,7766.94,2023-01-01
244,Manager,7891.41,1457.35,2101.35,6434.06,990.71,5443.35,102.9,10095.66,2023-01-01
245,Manager,7055.64,1521.85,2485.91,5533.79,792.81,4740.97,107.02,9648.56,2023-01-01
246,Manager,13008.39,2451.87,5122.02,10556.52,1746.42,8810.1,105.39,18235.8,2023-01-01
247,Manager,12154.4,2600.97,3056.71,9553.44,1348.73,8204.71,133.61,15344.73,2023-01-01
248,Manager,7877.36,1742.42,2523.93,6134.94,983.48,5151.46,94.89,10496.18,2023-01-01
249,Manager,12831.67,2815.18,3318.29,10016.49,1642.13,8374.36,137.48,16287.44,2023-01-01
1,Intern,914.98,190.84,275.8,724.15,0.0,724.15,53.57,1244.35,2023-02-01
2,Intern,639.84,118.01,259.87,521.83,0.0,521.83,32.21,931.92,2023-02-01
3,Intern,691.39,164.7,290.16,526.68,0.0,526.68,114.8,1096.34,2023-02-01
4,Intern,820.91,174.64,341.8,646.27,0.0,646.27,73.49,1236.19,2023-02-01
5,Intern,852.41,190.88,356.34,661.53,0.0,661.53,40.8,1249.55,2023-02-01
6,Intern,745.89,168.94,284.3,576.96,0.0,576.96,114.63,1144.83,2023-02-01
7,Intern,605.34,127.2,204.68,478.14,0.0,478.14,115.52,925.54,2023-02-01
8,Intern,861.92,197.57,340.79,664.35,0.0,664.35,2.6,1205.3,2023-02-01
9,Intern,833.7,164.58,269.58,669.12,0.0,669.12,88.29,1191.56,2023-02-01
10,Intern,862.68,181.79,326.59,680.89,0.0,680.89,100.42,1289.69,2023-02-01
11,Intern,736.36,164.66,225.27,571.7,0.0,571.7,15.54,977.17,2023-02-01
12,Intern,683.24,157.38,175.36,525.86,0.0,525.86,127.18,985.78,2023-02-01
13,Junior,1965.86,363.55,701.21,1602.31,63.48,1538.83,142.78,2809.85,2023-02-01
14,Junior,1547.68,319.31,492.74,1228.37,0.0,1228.37,63.45,2103.87,2023-02-01
15,Junior,1508.66,307.89,577.1,1200.77,0.0,1200.77,100.62,2186.38,2023-02-01
16,Junior,2409.35,450.17,614.65,1959.19,118.1,1841.08,70.22,3094.22,2023-02-01
17,Junior,2411.54,518.35,788.84,1893.19,112.85,1780.34,18.73,3219.11,2023-02-01
18,Junior,1945.96,453.96,680.28,1492.0,0.0,1492.0,128.29,2754.53,2023-02-01
19,Junior,2331.76,441.32,967.31,1890.44,124.38,1766.06,40.07,3339.14,2023-02-01
20,Junior,2337.98,531.86,686.81,1806.12,106.87,1699.25,117.79,3142.57,2023-02-01
21,Junior,2728.04,641.76,707.4,2086.28,93.08,1993.19,98.4,3533.84,2023-02-01
22,Junior,2246.39,454.73,732.81,1791.66,96.75,1694.91,77.73,3056.93,2023-02-01
23,Junior,2203.21,419.23,784.08,1783.99,100.39,1683.6,140.99,3128.29,2023-02-01
24,Junior,1875.48,349.81,664.58,1525.67,58.24,1467.43,91.69,2631.75,2023-02-01
25,Junior,2585.69,480.6,917.32,2105.09,139.91,1965.18,122.45,3625.46,2023-02-01
26,Junior,2189.86,446.37,720.12,1743.49,92.62,1650.86,5.66,2915.64,2023-02-01
27,Junior,1468.81,330.33,427.95,1138.49,0.0,1138.49,137.62,2034.39,2023-02-01
28,Junior,2002.81,478.7,826.89,1524.11,89.07,1435.04,67.44,2897.13,2023-02-01
29,Junior,2039.08,412.28,658.7,1626.8,73.92,1552.88,84.02,2781.8,2023-02-01
30,Junior,2033.95,438.74,790.91,1595.2,72.37,1522.84,130.83,2955.68,2023-02-01
31,Junior,1967.51,399.19,665.68,1568.32,51.09,1517.23,93.84,2727.03,2023-02-01
32,Junior,1731.6,325.46,554.57,1406.14,0.0,1406.14,89.99,2376.16,2023-02-01
33,Junior,2818.92,641.03,936.22,2177.89,119.68,2058.21,111.24,3866.37,2023-02-01
34,Junior,1514.37,280.35,467.73,1234.02,0.0,1234.02,89.57,2071.67,2023-02-01
35,Junior,1911.74,359.01,524.83,1552.73,84.19,1468.54,108.37,2544.94,2023-02-01
36,Junior,2278.39,518.81,617.02,1759.58,109.1,1650.48,77.73,2973.14,2023-02-01
37,Junior,2003.73,424.1,839.46,1579.63,49.16,1530.47,124.13,2967.31,2023-02-01
38,Junior,2354.89,448.58,973.56,1906.3,104.73,1801.58,94.91,3423.36,2023-02-01
39,Junior,1912.02,348.08,505.01,1563.94,63.26,1500.68,59.07,2476.1,2023-02-01
40,Junior,2336.53,504.5,731.43,1832.03,92.16,1739.87,139.16,3207.13,2023-02-01
41,Junior,2831.03,545.97,802.38,2285.06,107.96,2177.1,57.21,3690.62,2023-02-01
42,Junior,1638.53,354.21,572.5,1284.32,0.0,1284.32,73.87,2284.91,2023-02-01
43,Junior,1976.45,463.75,813.34,1512.7,85.69,1427.01,113.3,2903.09,2023-02-01
44,Junior,1818.34,416.36,617.31,1401.98,0.0,1401.98,78.71,2514.37,2023-02-01
45,Junior,1661.37,336.59,615.17,1324.78,0.0,1324.78,34.36,2310.9,2023-02-01
46,Junior,2332.33,553.24,905.58,1779.09,108.08,1671.0,74.35,3312.26,2023-02-01
47,Junior,1788.68,336.55,478.25,1452.13,0.0,1452.13,71.49,2338.41,2023-02-01
48,Junior,2765.92,592.37,1048.75,2173.55,125.97,2047.58,71.81,3886.48,2023-02-01
49,Junior,1611.27,355.73,661.71,1255.54,0.0,1255.54,15.16,2288.15,2023-02-01
50,Junior,1850.46,438.37,526.38,1412.1,0.0,1412.1,37.22,2414.07,2023-02-01
51,Junior,1894.38,416.93,533.52,1477.45,0.0,1477.45,139.21,2567.12,2023-02-01
52,Junior,2138.84,462.33,584.52,1676.51,111.73,1564.78,97.8,2821.16,2023-02-01
53,Junior,1580.45,292.18,508.49,1288.27,0.0,1288.27,55.39,2144.33,2023-02-01
54,Junior,2593.22,591.39,651.65,2001.82,130.14,1871.68,23.07,3267.94,2023-02-01
55,Junior,2359.42,449.77,776.64,1909.66,71.9,1837.76,119.28,3255.35,2023-02-01
56,Junior,2036.2,463.07,534.7,1573.12,71.41,1501.72,76.55,2647.45,2023-02-01
57,Junior,2007.73,443.63,647.23,1564.09,81.55,1482.55,35.8,2690.76,2023-02-01
58,Junior,1669.56,366.5,632.46,1303.06,0.0,1303.06,44.78,2346.81,2023-02-01
59,Junior,1838.25,353.52,696.71,1484.73,0.0,1484.73,132.55,2667.5,2023-02-01
60,Junior,2017.59,402.6,586.42,1614.99,50.65,1564.34,66.97,2670.98,2023-02-01
61,Junior,2551.19,599.63,876.29,1951.56,75.84,1875.72,63.02,3490.49,2023-02-01
62,Junior,2372.21,439.47,769.91,1932.74,83.41,1849.33,133.11,3275.23,2023-02-01
63,Junior,1892.34,425.37,601.85,1466.97,0.0,1466.97,56.85,2551.03,2023-02-01
64,Junior,2055.71,419.97,589.32,1635.74,83.4,1552.35,4.8,2649.83,2023-02-01
65,Junior,2099.2,477.87,560.26,1621.33,77.37,1543.96,145.7,2805.16,2023-02-01
66,Junior,1874.66,431.15,497.96,1443.51,0.0,1443.51,62.54,2435.16,2023-02-01
67,Junior,1934.75,432.94,755.73,1501.81,57.86,1443.95,36.23,2726.71,2023-02-01
68,Junior,1725.74,335.51,640.52,1390.23,0.0,1390.23,7.45,2373.71,2023-02-01
69,Junior,2043.72,411.59,642.23,1632.13,82.25,1549.88,9.33,2695.28,2023-02-01
70,Junior,1864.65,414.27,665.8,1450.38,0.0,1450.38,57.16,2587.61,2023-02-01
71,Junior,2380.29,560.39,613.63,1819.9,92.64,1727.26,80.72,3074.65,2023-02-01
72,Junior,1491.03,307.9,430.56,1183.13,0.0,1183.13,130.92,2052.52,2023-02-01
73,Junior,1794.73,411.29,452.28,1383.45,0.0,1383.45,38.45,2285.46,2023-02-01
74,Junior,1683.75,382.62,574.38,1301.13,0.0,1301.13,110.54,2368.67,2023-02-01
75,Mid-Level,3439.46,683.26,912.08,2756.2,250.13,2506.07,40.21,4391.76,2023-02-01
76,Mid-Level,2662.81,630.22,759.73,2032.59,123.4,1909.19,127.45,3549.99,2023-02-01
77,Mid-Level,3632.92,705.32,1219.41,2927.6,283.91,2643.69,119.95,4972.29,2023-02-01
78,Mid-Level,3366.88,738.38,978.52,2628.5,239.64,2388.86,49.97,4395.37,2023-02-01
79,Mid-Level,2983.12,686.08,1243.07,2297.04,78.91,2218.13,49.22,4275.4,2023-02-01
80,Mid-Level,2391.07,471.52,794.14,1919.56,82.35,1837.21,73.55,3258.77,2023-02-01
81,Mid-Level,2854.6,516.92,715.09,2337.69,130.61,2207.08,46.62,3616.31,2023-02-01
82,Mid-Level,2494.37,450.16,991.06,2044.21,108.63,1935.58,74.22,3559.64,2023-02-01
83,Mid-Level,3040.25,612.95,1082.96,2427.3,95.75,2331.55,36.19,4159.4,2023-02-01
84,Mid-Level,3643.72,831.72,1368.75,2812.0,219.45,2592.54,24.31,5036.77,2023-02-01
85,Mid-Level,2494.7,522.21,830.93,1972.49,106.54,1865.95,5.91,3331.53,2023-02-01
86,Mid-Level,3404.14,634.47,1200.59,2769.67,233.33,2536.34,56.55,4661.28,2023-02-01
87,Mid-Level,2464.31,496.84,716.26,1967.47,120.59,1846.89,110.03,3290.6,2023-02-01
88,Mid-Level,2845.59,525.07,1112.63,2320.52,98.51,2222.01,148.99,4107.21,2023-02-01
89,Mid-Level,3748.68,861.81,1314.23,2886.87,219.65,2667.22,13.36,5076.28,2023-02-01
90,Mid-Level,3798.5,884.39,1421.66,2914.11,227.0,2687.11,101.61,5321.77,2023-02-01
91,Mid-Level,3340.08,642.6,854.01,2697.48,239.52,2457.96,72.3,4266.39,2023-02-01
92,Mid-Level,3337.58,617.3,1177.68,2720.29,199.26,2521.03,104.04,4619.31,2023-02-01
93,Mid-Level,3401.12,776.87,1235.32,2624.25,229.93,2394.33,53.8,4690.23,2023-02-01
94,Mid-Level,2955.25,573.09,1236.9,2382.16,135.54,2246.63,102.74,4294.89,2023-02-01
95,Mid-Level,2801.59,538.32,748.66,2263.27,122.65,2140.62,141.27,3691.52,2023-02-01
96,Mid-Level,3797.11,885.87,1493.08,2911.24,274.32,2636.92,115.52,5405.71,2023-02-01
97,Mid-Level,3373.02,661.94,954.56,2711.09,242.88,2468.21,104.22,4431.8,2023-02-01
98,Mid-Level,2635.55,525.57,704.81,2109.98,78.46,2031.52,13.98,3354.33,2023-02-01
99,Mid-Level,3304.37,751.67,1287.67,2552.7,181.26,2371.44,7.01,4599.05,2023-02-01
100,Mid-Level,3378.0,798.71,990.48,2579.29,235.64,2343.64,9.87,4378.35,2023-02-01
101,Mid-Level,3343.95,728.74,1186.65,2615.21,283.82,2331.39,15.18,4545.79,2023-02-01
102,Mid-Level,2685.25,525.8,923.42,2159.45,133.75,2025.71,74.03,3682.7,2023-02-01
103,Mid-Level,3110.32,614.64,1260.19,2495.68,109.67,2386.01,103.29,4473.79,2023-02-01
104,Mid-Level,2449.05,452.54,841.74,1996.51,138.07,1858.44,25.57,3316.36,2023-02-01
105,Mid-Level,2867.29,579.03,910.63,2288.25,112.7,2175.55,77.02,3854.94,2023-02-01
106,Mid-Level,3272.2,667.49,1373.58,2604.71,202.66,2402.05,27.98,4673.76,2023-02-01
107,Mid-Level,3342.75,609.14,1201.05,2733.61,230.89,2502.72,62.37,4606.17,2023-02-01
108,Mid-Level,3138.33,724.91,1102.07,2413.42,82.8,2330.63,46.18,4286.58,2023-02-01
109,Mid-Level,3359.87,672.12,1279.21,2687.75,293.76,2393.98,10.73,4649.81,2023-02-01
110,Mid-Level,3057.15,616.85,1145.94,2440.3,135.64,2304.66,135.23,4338.32,2023-02-01
111,Mid-Level,3471.56,771.08,1267.5,2700.47,189.38,2511.09,121.15,4860.2,2023-02-01
112,Mid-Level,3368.32,749.94,1226.48,2618.37,187.3,2431.08,48.12,4642.92,2023-02-01
113,Mid-Level,2911.97,622.23,1040.2,2289.74,69.45,2220.29,55.33,4007.5,2023-02-01
114,Mid-Level,4352.07,993.09,1097.77,3358.97,341.28,3017.69,78.46,5528.29,2023-02-01
115,Mid-Level,3020.77,566.99,786.44,2453.77,83.22,2370.55,101.15,3908.36,2023-02-01
116,Mid-Level,3208.25,674.25,1026.3,2533.99,223.9,2310.1,133.65,4368.2,2023-02-01
117,Mid-Level,3175.88,626.09,1296.68,2549.79,259.79,2290.01,56.16,4528.72,2023-02-01
118,Mid-Level,3478.77,782.36,1389.48,2696.41,281.5,2414.91,44.86,4913.11,2023-02-01
119,Mid-Level,2433.68,469.45,853.94,1964.23,98.86,1865.37,69.38,3357.01,2023-02-01
120,Mid-Level,3470.84,832.54,1106.71,2638.31,269.16,2369.15,130.69,4708.25,2023-02-01
121,Mid-Level,5486.63,1279.06,2241.76,4207.57,466.62,3740.95,19.6,7747.99,2023-02-01
122,Mid-Level,3096.88,559.33,1056.64,2537.56,251.73,2285.83,65.45,4218.98,2023-02-01
123,Mid-Level,5186.67,1062.53,1940.35,4124.14,569.25,3554.89,27.67,7154.69,2023-02-01
124,Mid-Level,3168.61,648.35,1122.81,2520.26,197.32,2322.94,33.27,4324.69,2023-02-01
125,Mid-Level,3251.76,698.81,1056.22,2552.95,278.59,2274.36,144.45,4452.43,2023-02-01
126,Mid-Level,3262.88,695.55,1099.23,2567.33,279.01,2288.33,61.22,4423.32,2023-02-01
127,Mid-Level,3356.49,683.33,1098.48,2673.17,204.43,2468.73,115.28,4570.25,2023-02-01
128,Mid-Level,3269.96,763.01,1359.73,2506.94,213.25,2293.69,24.16,4653.84,2023-02-01
129,Mid-Level,3470.69,648.19,953.76,2822.5,299.5,2523.0,120.98,4545.43,2023-02-01
130,Mid-Level,4311.25,865.72,1324.26,3445.53,241.31,3204.22,147.42,5782.92,2023-02-01
131,Mid-Level,2631.2,571.69,1061.15,2059.51,131.86,1927.65,1.8,3694.15,2023-02-01
132,Mid-Level,3825.14,874.08,1534.69,2951.06,215.53,2735.53,145.49,5505.31,2023-02-01
133,Mid-Level,4213.35,946.39,1249.04,3266.96,305.62,2961.34,90.42,5552.81,2023-02-01
134,Mid-Level,3274.68,656.4,833.4,2618.28,198.15,2420.13,5.39,4113.47,2023-02-01
135,Mid-Level,3707.77,840.47,1549.53,2867.3,222.17,2645.12,64.28,5321.58,2023-02-01
136,Mid-Level,4298.96,946.59,1297.97,3352.37,342.17,3010.19,111.07,5708.01,2023-02-01
137,Mid-Level,2888.11,662.99,1128.36,2225.11,127.19,2097.92,15.84,4032.3,2023-02-01
138,Mid-Level,3378.55,781.88,1201.28,2596.67,192.88,2403.79,13.61,4593.44,2023-02-01
139,Mid-Level,2497.28,523.64,700.04,1973.64,76.24,1897.4,94.71,3292.03,2023-02-01
140,Mid-Level,2699.89,515.31,937.53,2184.58,104.77,2079.81,140.82,3778.24,2023-02-01
141,Mid-Level,2557.15,575.13,1022.47,1982.02,82.36,1899.66,72.03,3651.65,2023-02-01
142,Mid-Level,3770.86,867.58,1026.02,2903.28,244.78,2658.5,93.25,4890.14,2023-02-01
143,Mid-Level,2614.07,557.71,1066.09,2056.36,106.49,1949.87,123.69,3803.85,2023-02-01
144,Mid-Level,3023.66,565.81,849.15,2457.84,154.14,2303.71,133.81,4006.62,2023-02-01
145,Mid-Level,2964.14,577.48,1216.12,2386.66,97.8,2288.86,12.14,4192.4,2023-02-01
146,Mid-Level,3295.42,727.53,1365.96,2567.9,270.96,2296.94,52.86,4714.25,2023-02-01
147,Mid-Level,3772.98,838.45,1358.24,2934.53,238.26,2696.27,29.96,5161.17,2023-02-01
148,Mid-Level,3941.88,865.43,1389.08,3076.44,269.31,2807.14,144.65,5475.61,2023-02-01
149,Mid-Level,3436.1,663.33,1407.55,2772.77,276.36,2496.41,48.59,4892.24,2023-02-01
150,Mid-Level,3165.14,611.37,1149.78,2553.77,245.35,2308.42,58.81,4373.73,2023-02-01
151,Mid-Level,4507.28,882.02,1465.3,3625.26,501.76,3123.5,127.16,6099.74,2023-02-01
152,Mid-Level,2709.2,639.87,1004.93,2069.33,131.45,1937.89,137.01,3851.14,2023-02-01
153,Mid-Level,3629.83,745.73,1297.75,2884.11,289.41,2594.7,64.58,4992.16,2023-02-01
154,Mid-Level,3290.09,638.3,1066.23,2651.79,193.99,2457.8,140.22,4496.54,2023-02-01
155,Mid-Level,2443.92,551.05,797.57,1892.87,75.42,1817.44,128.09,3369.58,2023-02-01
156,Mid-Level,2915.73,542.91,1151.71,2372.82,136.82,2236.0,20.22,4087.65,2023-02-01
157,Mid-Level,3217.75,702.79,946.41,2514.97,177.52,2337.45,88.36,4252.52,2023-02-01
158,Mid-Level,2468.43,566.94,804.35,1901.49,58.41,1843.08,36.09,3308.88,2023-02-01
159,Mid-Level,2621.12,573.66,808.01,2047.46,90.96,1956.49,48.35,3477.48,2023-02-01
160,Mid-Level,3342.56,643.25,965.7,2699.3,278.75,2420.56,137.93,4446.19,2023-02-01
161,Mid-Level,2870.16,639.43,787.5,2230.73,89.42,2141.31,81.58,3739.24,2023-02-01
162,Mid-Level,3609.94,826.5,962.03,2783.44,284.8,2498.64,142.7,4714.66,2023-02-01
163,Mid-Level,3146.42,679.81,904.71,2466.61,85.6,2381.01,130.62,4181.75,2023-02-01
164,Mid-Level,5125.5,1198.45,1327.73,3927.05,498.52,3428.53,46.15,6499.39,2023-02-01
165,Mid-Level,2740.45,639.85,852.72,2100.59,122.22,1978.37,76.78,3669.95,2023-02-01
166,Mid-Level,3882.46,888.61,1290.0,2993.85,308.41,2685.44,55.38,5227.84,2023-02-01
167,Mid-Level,3135.29,735.04,1240.76,2400.25,128.41,2271.84,147.26,4523.31,2023-02-01
168,Mid-Level,2660.91,567.37,665.97,2093.55,74.5,2019.04,11.25,3338.12,2023-02-01
169,Mid-Level,2858.88,667.94,804.6,2190.94,106.11,2084.83,142.34,3805.81,2023-02-01
170,Mid-Level,2517.06,453.77,1054.27,2063.29,90.61,1972.67,7.08,3578.4,2023-02-01
171,Mid-Level,3394.25,706.39,1391.45,2687.86,246.4,2441.45,52.29,4837.99,2023-02-01
172,Mid-Level,4437.46,952.41,1460.59,3485.05,361.01,3124.04,65.69,5963.74,2023-02-01
173,Mid-Level,3799.67,885.87,1338.65,2913.81,260.26,2653.55,125.77,5264.1,2023-02-01
174,Mid-Level,3812.11,887.85,1229.11,2924.26,228.95,2695.32,147.75,5188.96,2023-02-01
175,Senior,4999.46,1119.47,1839.55,3879.98,524.01,3355.97,129.51,6968.52,2023-02-01
176,Senior,5316.2,1246.34,1720.17,4069.86,449.21,3620.64,50.23,7086.6,2023-02-01
177,Senior,6433.2,1471.26,1694.41,4961.94,641.09,4320.85,7.9,8135.51,2023-02-01
178,Senior,5656.88,1121.38,1542.57,4535.5,578.48,3957.02,26.79,7226.23,2023-02-01
179,Senior,4965.88,1142.81,1529.99,3823.07,517.24,3305.83,80.77,6576.64,2023-02-01
180,Senior,4671.67,851.42,1738.54,3820.25,487.22,3333.03,44.71,6454.93,2023-02-01
181,Senior,7534.6,1474.1,2682.89,6060.51,922.95,5137.56,47.6,10265.09,2023-02-01
182,Senior,5112.15,1149.41,1434.84,3962.73,511.5,3451.23,146.27,6693.25,2023-02-01
183,Senior,5441.51,1047.88,1954.23,4393.63,536.9,3856.73,138.87,7534.61,2023-02-01
184,Senior,5846.58,1396.53,1697.81,4450.05,500.78,3949.27,98.64,7643.04,2023-02-01
185,Senior,3697.25,857.19,1274.03,2840.07,261.53,2578.54,38.12,5009.41,2023-02-01
186,Senior,5082.11,1195.18,1409.24,3886.93,434.87,3452.07,80.78,6572.14,2023-02-01
187,Senior,5641.75,1037.83,1804.83,4603.93,612.79,3991.14,29.66,7476.24,2023-02-01
188,Senior,3978.22,869.25,1060.55,3108.97,339.42,2769.55,133.88,5172.65,2023-02-01
189,Senior,4708.16,968.43,1727.45,3739.73,487.03,3252.69,12.51,6448.12,2023-02-01
190,Senior,6405.63,1228.52,2194.15,5177.11,802.47,4374.64,113.21,8712.99,2023-02-01
191,Senior,6925.12,1284.23,1909.21,5640.89,811.66,4829.23,97.08,8931.41,2023-02-01
192,Senior,4640.25,927.42,1228.58,3712.84,415.34,3297.49,107.56,5976.4,2023-02-01
193,Senior,7515.78,1373.02,2179.69,6142.76,1009.05,5133.71,139.33,9834.8,2023-02-01
194,Senior,4039.89,855.19,1086.79,3184.7,334.94,2849.76,107.17,5233.85,2023-02-01
195,Senior,4402.14,1046.75,1158.0,3355.39,357.73,2997.66,81.43,5641.57,2023-02-01
196,Senior,5396.77,1257.76,1951.29,4139.01,527.14,3611.87,147.27,7495.33,2023-02-01
197,Senior,6071.34,1295.87,2414.87,4775.47,529.91,4245.56,119.54,8605.75,2023-02-01
198,Senior,8255.68,1804.55,3015.01,6451.13,1129.35,5321.78,90.91,11361.6,2023-02-01
199,Senior,4451.03,1007.61,1837.06,3443.42,278.48,3164.94,5.79,6293.88,2023-02-01
200,Senior,6066.25,1355.56,2505.55,4710.69,629.13,4081.56,88.53,8660.33,2023-02-01
201,Senior,4537.29,903.31,1549.77,3633.98,478.03,3155.95,8.05,6095.12,2023-02-01
202,Senior,5528.81,996.62,1665.79,4532.19,628.47,3903.72,48.89,7243.49,2023-02-01
203,Senior,5389.66,1187.44,1555.89,4202.22,467.0,3735.22,46.33,6991.88,2023-02-01
204,Senior,4125.7,885.44,1443.25,3240.26,301.81,2938.46,106.4,5675.35,2023-02-01
205,Senior,6273.86,1397.14,2159.59,4876.72,669.02,4207.7,97.77,8531.21,2023-02-01
206,Senior,4455.1,826.83,1191.28,3628.27,426.15,3202.12,25.69,5672.07,2023-02-01
207,Senior,4903.51,1155.32,1992.64,3748.19,419.79,3328.4,94.6,6990.75,2023-02-01
208,Senior,3499.0,749.94,1318.58,2749.05,236.57,2512.48,69.63,4887.21,2023-02-01
209,Senior,3902.51,798.53,1235.56,3103.97,237.97,2866.0,107.28,5245.34,2023-02-01
210,Senior,4720.23,980.77,1213.18,3739.46,469.25,3270.21,0.61,5934.03,2023-02-01
211,Senior,3749.86,826.35,1490.47,2923.51,224.87,2698.64,88.91,5329.24,2023-02-01
212,Senior,4904.74,1135.66,1334.94,3769.08,455.33,3313.74,56.16,6295.84,2023-02-01
213,Senior,7192.12,1475.71,3018.02,5716.4,952.96,4763.44,77.93,10288.07,2023-02-01
214,Senior,5052.5,960.75,1956.08,4091.75,568.65,3523.1,29.33,7037.91,2023-02-01
215,Senior,4952.6,1169.53,1718.34,3783.07,521.82,3261.25,55.08,6726.03,2023-02-01
216,Senior,4071.56,773.38,1703.62,3298.18,315.95,2982.23,121.02,5896.2,2023-02-01
217,Senior,5447.06,1239.17,1427.23,4207.88,512.0,3695.88,107.49,6981.78,2023-02-01
218,Senior,4729.11,1072.11,1221.95,3657.0,508.82,3148.18,48.39,5999.45,2023-02-01
219,Senior,4386.29,810.05,1784.3,3576.23,470.2,3106.03,55.29,6225.88,2023-02-01
220,Senior,6248.64,1441.88,1925.54,4806.77,593.03,4213.74,78.49,8252.67,2023-02-01
221,Senior,4264.66,967.09,1185.36,3297.57,355.01,2942.56,110.57,5560.59,2023-02-01
222,Senior,7247.08,1435.67,2691.49,5811.41,895.32,4916.09,77.31,10015.88,2023-02-01
223,Senior,4943.63,984.68,1788.72,3958.96,443.99,3514.97,31.44,6763.79,2023-02-01
224,Senior,3973.05,940.98,1448.68,3032.08,228.0,2804.07,124.26,5546.0,2023-02-01
225,Manager,13004.95,2761.43,5434.23,10243.51,1475.27,8768.24,60.88,18500.06,2023-02-01
226,Manager,13295.28,3164.08,4281.26,10131.2,1473.45,8657.75,99.2,17675.74,2023-02-01
227,Manager,6463.02,1226.54,1906.17,5236.47,905.7,4330.77,40.97,8410.16,2023-02-01
228,Manager,7995.74,1646.02,2604.61,6349.72,1047.21,5302.51,3.77,10604.12,2023-02-01
229,Manager,14363.42,2892.21,4942.39,11471.22,1802.55,9668.66,82.02,19387.83,2023-02-01
230,Manager,8319.24,1841.64,2101.71,6477.6,1088.29,5389.31,69.53,10490.48,2023-02-01
231,Manager,7305.03,1449.15,2262.07,5855.88,923.49,4932.38,36.96,9604.06,2023-02-01
232,Manager,12185.36,2364.01,4630.67,9821.35,1741.49,8079.86,5.38,16821.42,2023-02-01
233,Manager,10010.95,1977.61,4194.37,8033.34,1434.97,6598.37,30.82,14236.14,2023-02-01
234,Manager,9001.55,1978.91,2695.7,7022.64,1234.32,5788.32,65.62,11762.86,2023-02-01
235,Manager,13713.55,2763.1,5167.22,10950.46,1629.46,9320.99,95.92,18976.7,2023-02-01
236,Manager,11921.69,2617.53,3075.92,9304.16,1379.65,7924.51,33.02,15030.63,2023-02-01
237,Manager,8444.5,1882.16,3151.61,6562.34,1017.92,5544.42,69.73,11665.84,2023-02-01
238,Manager,5992.85,1402.55,2260.22,4590.3,576.79,4013.51,66.78,8319.84,2023-02-01
239,Manager,10918.41,2521.26,4487.05,8397.15,1258.42,7138.73,131.0,15536.47,2023-02-01
240,Manager,15358.87,3033.55,4783.53,12325.32,2065.71,10259.62,70.52,20212.92,2023-02-01
241,Manager,10201.5,2153.97,4049.69,8047.54,1275.85,6771.69,145.11,14396.3,2023-02-01
242,Manager,12037.81,2888.42,3246.6,9149.39,1481.1,7668.29,96.21,15380.62,2023-02-01
243,Manager,6019.45,1152.03,1807.98,4867.42,575.06,4292.36,109.2,7936.62,2023-02-01
244,Manager,7875.2,1482.22,2872.0,6392.98,1097.33,5295.65,126.6,10873.8,2023-02-01
245,Manager,7280.62,1656.46,2804.0,5624.16,958.65,4665.52,42.84,10127.46,2023-02-01
246,Manager,13161.28,3157.2,4877.23,10004.09,1482.32,8521.77,135.63,18174.14,2023-02-01
247,Manager,12153.27,2242.45,4486.47,9910.82,1514.83,8395.99,91.63,16731.37,2023-02-01
248,Manager,7839.65,1507.88,2846.09,6331.77,1082.5,5249.27,135.88,10821.63,2023-02-01
249,Manager,15699.71,3559.92,4063.77,12139.79,2072.69,10067.11,106.94,19870.42,2023-02-01
1,Intern,922.04,178.94,363.01,743.1,0.0,743.1,85.23,1370.27,2023-03-01
2,Intern,636.67,117.53,159.62,519.14,0.0,519.14,139.27,935.56,2023-03-01
3,Intern,655.05,151.45,165.92,503.6,0.0,503.6,2.67,823.63,2023-03-01
4,Intern,804.07,172.53,289.48,631.54,0.0,631.54,120.29,1213.84,2023-03-01
5,Intern,861.99,172.75,295.19,689.24,0.0,689.24,59.68,1216.86,2023-03-01
6,Intern,728.5,173.13,286.99,555.37,0.0,555.37,39.76,1055.25,2023-03-01
7,Intern,592.57,127.88,223.12,464.7,0.0,464.7,82.39,898.08,2023-03-01
8,Intern,839.08,185.86,223.28,653.22,0.0,653.22,79.87,1142.23,2023-03-01
9,Intern,808.36,166.42,214.97,641.94,0.0,641.94,50.75,1074.07,2023-03-01
10,Intern,863.51,192.85,299.14,670.66,0.0,670.66,108.89,1271.54,2023-03-01
11,Intern,743.53,143.89,226.98,599.64,0.0,599.64,4.79,975.3,2023-03-01
12,Intern,647.84,134.61,267.17,513.24,0.0,513.24,127.68,1042.69,2023-03-01
13,Junior,1992.15,451.15,545.23,1540.99,47.82,1493.17,64.14,2601.51,2023-03-01
14,Junior,1566.87,317.56,473.65,1249.31,0.0,1249.31,64.61,2105.13,2023-03-01
15,Junior,1496.49,292.96,518.5,1203.53,0.0,1203.53,123.25,2138.25,2023-03-01
16,Junior,2424.66,445.7,767.2,1978.96,79.7,1899.27,24.74,3216.61,2023-03-01
17,Junior,2411.26,489.06,663.45,1922.2,112.96,1809.24,120.49,3195.2,2023-03-01
18,Junior,1911.78,409.29,716.08,1502.49,75.27,1427.22,20.89,2648.75,2023-03-01
19,Junior,2354.06,484.0,915.99,1870.06,110.06,1760.0,113.68,3383.73,2023-03-01
20,Junior,2351.01,489.77,721.56,1861.24,101.39,1759.85,121.32,3193.89,2023-03-01
21,Junior,2711.95,645.16,697.27,2066.79,103.41,1963.38,107.09,3516.31,2023-03-01
22,Junior,2291.1,542.37,717.0,1748.73,111.62,1637.11,148.73,3156.84,2023-03-01
23,Junior,2228.95,436.25,880.22,1792.7,123.09,1669.61,46.66,3155.83,2023-03-01
24,Junior,2349.11,487.98,643.74,1861.13,82.45,1778.67,114.87,3107.72,2023-03-01
25,Junior,2568.37,477.83,839.09,2090.54,65.73,2024.81,109.54,3517.01,2023-03-01
26,Junior,2208.59,519.75,572.73,1688.84,117.36,1571.48,84.34,2865.66,2023-03-01
27,Junior,2261.5,506.93,737.44,1754.57,99.17,1655.4,1.96,3000.9,2023-03-01
28,Junior,1982.54,456.51,562.81,1526.02,76.86,1449.16,95.99,2641.34,2023-03-01
29,Junior,2026.28,442.49,584.04,1583.79,94.12,1489.66,72.29,2682.61,2023-03-01
30,Junior,2059.53,433.68,634.26,1625.84,102.5,1523.34,54.41,2748.19,2023-03-01
31,Junior,1988.43,421.43,587.78,1567.0,91.19,1475.81,53.23,2629.44,2023-03-01
32,Junior,1774.16,360.97,628.05,1413.19,0.0,1413.19,139.77,2541.98,2023-03-01
33,Junior,2836.73,514.3,938.27,2322.43,100.97,2221.46,23.4,3798.41,2023-03-01
34,Junior,1594.15,373.77,580.42,1220.38,0.0,1220.38,36.0,2210.57,2023-03-01
35,Junior,1931.23,407.36,529.55,1523.87,92.73,1431.14,69.53,2530.31,2023-03-01
36,Junior,3022.1,660.01,1246.36,2362.09,111.12,2250.97,1.31,4269.77,2023-03-01
37,Junior,2011.86,413.16,531.58,1598.69,104.13,1494.56,106.74,2650.18,2023-03-01
38,Junior,2341.94,550.76,973.71,1791.18,114.23,1676.95,148.27,3463.92,2023-03-01
39,Junior,1940.71,395.64,597.41,1545.08,84.68,1460.4,1.3,2539.43,2023-03-01
40,Junior,2375.3,441.36,925.64,1933.94,100.34,1833.59,53.96,3354.89,2023-03-01
41,Junior,2844.19,663.65,1004.38,2180.54,111.14,2069.4,53.02,3901.59,2023-03-01
42,Junior,1631.42,354.66,619.66,1276.76,0.0,1276.76,42.16,2293.24,2023-03-01
43,Junior,1945.07,440.83,552.31,1504.24,56.59,1447.65,25.76,2523.14,2023-03-01
44,Junior,1785.23,422.94,709.5,1362.29,0.0,1362.29,12.96,2507.68,2023-03-01
45,Junior,1686.02,331.66,436.54,1354.36,0.0,1354.36,133.68,2256.23,2023-03-01
46,Junior,2569.11,486.93,873.55,2082.18,67.71,2014.46,95.83,3538.5,2023-03-01
47,Junior,1863.09,375.4,701.64,1487.68,0.0,1487.68,107.87,2672.6,2023-03-01
48,Junior,2764.95,622.45,856.94,2142.51,108.08,2034.42,52.01,3673.91,2023-03-01
49,Junior,2379.01,500.08,745.98,1878.93,77.5,1801.43,50.52,3175.5,2023-03-01
50,Junior,1823.07,329.89,472.69,1493.19,0.0,1493.19,24.72,2320.48,2023-03-01
51,Junior,1909.53,445.72,687.78,1463.82,0.0,1463.82,92.01,2689.32,2023-03-01
52,Junior,2067.55,395.2,690.7,1672.35,95.59,1576.77,100.97,2859.21,2023-03-01
53,Junior,1596.63,303.21,527.14,1293.41,0.0,1293.41,116.98,2240.75,2023-03-01
54,Junior,2613.12,527.86,843.8,2085.26,78.83,2006.43,81.93,3538.85,2023-03-01
55,Junior,2401.31,481.72,753.33,1919.58,80.71,1838.88,9.06,3163.7,2023-03-01
56,Junior,2089.17,382.94,730.53,1706.23,119.23,1587.0,7.46,2827.16,2023-03-01
57,Junior,1977.31,472.07,756.66,1505.24,96.97,1408.27,111.87,2845.84,2023-03-01
58,Junior,2287.75,484.91,746.95,1802.83,112.87,1689.96,118.44,3153.14,2023-03-01
59,Junior,2050.64,464.53,827.1,1586.11,107.99,1478.12,86.86,2964.6,2023-03-01
60,Junior,2041.87,414.0,754.1,1627.87,79.76,1548.11,112.05,2908.03,2023-03-01
61,Junior,2757.98,524.8,1041.15,2233.18,81.14,2152.04,56.72,3855.85,2023-03-01
62,Junior,2380.63,495.07,678.42,1885.56,81.78,1803.78,10.41,3069.46,2023-03-01
63,Junior,1918.64,411.59,619.94,1507.05,104.67,1402.38,120.37,2658.94,2023-03-01
64,Junior,2026.04,453.98,746.53,1572.06,99.5,1472.56,127.07,2899.63,2023-03-01
65,Junior,2093.59,466.06,746.07,1627.53,108.46,1519.07,126.58,2966.25,2023-03-01
66,Junior,1921.29,349.88,780.92,1571.41,70.73,1500.68,73.24,2775.45,2023-03-01
67,Junior,1913.32,425.24,669.94,1488.08,0.0,1488.08,25.89,2609.15,2023-03-01
68,Junior,1749.91,364.65,508.43,1385.26,0.0,1385.26,79.78,2338.12,2023-03-01
69,Junior,2034.18,370.08,549.16,1664.1,94.26,1569.84,40.37,2623.71,2023-03-01
70,Junior,1926.11,365.48,589.21,1560.63,47.3,1513.33,143.62,2658.95,2023-03-01
71,Junior,2439.83,500.13,842.07,1939.7,85.57,1854.12,62.64,3344.54,2023-03-01
72,Junior,1816.7,342.07,602.66,1474.63,0.0,1474.63,50.73,2470.09,2023-03-01
73,Junior,2330.26,532.71,623.21,1797.55,62.54,1735.01,103.91,3057.38,2023-03-01
74,Junior,1757.4,339.64,584.67,1417.76,0.0,1417.76,112.85,2454.92,2023-03-01
75,Mid-Level,3350.03,646.92,842.15,2703.1,197.29,2505.82,70.2,4262.37,2023-03-01
76,Mid-Level,2628.77,630.7,887.69,1998.07,125.91,1872.16,135.85,3652.32,2023-03-01
77,Mid-Level,3595.16,681.75,1131.38,2913.41,303.44,2609.96,121.11,4847.65,2023-03-01
78,Mid-Level,3431.31,730.85,1287.29,2700.46,224.68,2475.78,33.09,4751.69,2023-03-01
79,Mid-Level,3597.05,855.14,1244.31,2741.91,196.02,2545.89,69.25,4910.61,2023-03-01
80,Mid-Level,2376.54,568.91,652.81,1807.63,114.52,1693.11,128.63,3157.98,2023-03-01
81,Mid-Level,3447.35,794.54,1160.25,2652.81,207.76,2445.05,52.51,4660.11,2023-03-01
82,Mid-Level,2579.23,564.73,1079.26,2014.5,92.51,1921.99,135.78,3794.27,2023-03-01
83,Mid-Level,3031.49,664.82,1131.66,2366.67,85.11,2281.56,19.81,4182.95,2023-03-01
84,Mid-Level,3619.99,827.2,1437.7,2792.78,243.86,2548.92,36.73,5094.42,2023-03-01
85,Mid-Level,2524.74,521.12,713.33,2003.61,73.08,1930.53,104.88,3342.95,2023-03-01
86,Mid-Level,3459.33,625.46,1144.7,2833.86,257.7,2576.17,118.35,4722.38,2023-03-01
87,Mid-Level,2387.51,561.89,816.32,1825.62,54.9,1770.72,90.88,3294.71,2023-03-01
88,Mid-Level,2834.59,611.96,918.36,2222.63,134.92,2087.72,90.99,3843.95,2023-03-01
89,Mid-Level,3792.88,703.08,1438.78,3089.8,266.91,2822.89,19.49,5251.14,2023-03-01
90,Mid-Level,3752.77,795.16,1261.05,2957.6,241.88,2715.73,112.37,5126.18,2023-03-01
91,Mid-Level,3894.46,706.74,1000.93,3187.72,350.07,2837.65,36.62,4932.01,2023-03-01
92,Mid-Level,4033.82,899.02,1103.08,3134.8,263.14,2871.65,32.18,5169.08,2023-03-01
93,Mid-Level,3366.07,672.62,883.32,2693.45,207.43,2486.01,90.66,4340.05,2023-03-01
94,Mid-Level,3705.18,861.78,961.94,2843.4,301.59,2541.81,65.3,4732.42,2023-03-01
95,Mid-Level,2778.2,626.1,1152.89,2152.11,82.04,2070.07,143.99,4075.08,2023-03-01
96,Mid-Level,4735.39,918.01,1850.91,3817.37,525.22,3292.15,110.26,6696.56,2023-03-01
97,Mid-Level,3412.62,794.13,1029.72,2618.49,261.37,2357.12,2.79,4445.14,2023-03-01
98,Mid-Level,2722.22,621.26,699.66,2100.96,89.86,2011.1,76.5,3498.39,2023-03-01
99,Mid-Level,3311.39,624.73,1238.86,2686.66,284.66,2402.0,135.47,4685.72,2023-03-01
100,Mid-Level,3354.58,752.45,1173.38,2602.14,252.94,2349.2,32.25,4560.21,2023-03-01
101,Mid-Level,3402.84,744.6,953.57,2658.24,194.7,2463.54,117.48,4473.88,2023-03-01
102,Mid-Level,2703.99,627.73,865.63,2076.26,118.89,1957.37,89.52,3659.14,2023-03-01
103,Mid-Level,3114.64,712.71,976.92,2401.92,90.65,2311.27,32.64,4124.2,2023-03-01
104,Mid-Level,2501.44,545.57,874.61,1955.87,128.54,1827.33,148.09,3524.14,2023-03-01
105,Mid-Level,2907.26,693.23,891.42,2214.03,151.58,2062.45,36.42,3835.1,2023-03-01
106,Mid-Level,4077.68,780.92,1625.75,3296.77,322.56,2974.21,40.66,5744.1,2023-03-01
107,Mid-Level,3283.76,660.62,1214.12,2623.15,208.65,2414.5,90.31,4588.19,2023-03-01
108,Mid-Level,4061.42,795.24,1245.67,3266.18,350.46,2915.72,63.28,5370.37,2023-03-01
109,Mid-Level,3354.52,761.61,1079.16,2592.92,268.78,2324.14,39.96,4473.64,2023-03-01
110,Mid-Level,3068.62,645.13,1023.51,2423.49,164.55,2258.94,81.81,4173.94,2023-03-01
111,Mid-Level,4450.17,1016.17,1599.82,3433.99,366.42,3067.57,76.83,6126.82,2023-03-01
112,Mid-Level,3379.69,684.63,1002.69,2695.05,274.97,2420.08,99.61,4481.98,2023-03-01
113,Mid-Level,2946.37,695.92,799.9,2250.45,76.15,2174.3,22.65,3768.92,2023-03-01
114,Mid-Level,4405.22,922.84,1573.8,3482.39,264.83,3217.56,33.41,6012.43,2023-03-01
115,Mid-Level,3751.87,820.08,1569.72,2931.79,254.46,2677.33,38.11,5359.7,2023-03-01
116,Mid-Level,4097.32,941.71,1375.75,3155.6,335.69,2819.91,39.94,5513.01,2023-03-01
117,Mid-Level,3176.09,617.03,980.45,2559.06,254.2,2304.86,142.18,4298.71,2023-03-01
118,Mid-Level,3451.29,791.51,882.88,2659.78,254.52,2405.26,69.55,4403.71,2023-03-01
119,Mid-Level,2487.42,581.36,951.91,1906.06,67.88,1838.17,91.57,3530.91,2023-03-01
120,Mid-Level,3457.06,663.38,1441.41,2793.68,291.6,2502.08,29.28,4927.76,2023-03-01
121,Mid-Level,5515.36,1215.51,1932.87,4299.85,505.56,3794.29,78.84,7527.06,2023-03-01
122,Mid-Level,3086.43,579.14,995.05,2507.29,221.93,2285.36,32.36,4113.84,2023-03-01
123,Mid-Level,5206.23,1175.73,1618.47,4030.5,498.63,3531.88,22.63,6847.33,2023-03-01
124,Mid-Level,4090.01,822.78,1312.08,3267.23,355.41,2911.82,134.59,5536.68,2023-03-01
125,Mid-Level,3187.14,583.22,1295.75,2603.92,281.03,2322.88,140.14,4623.03,2023-03-01
126,Mid-Level,3324.56,637.5,1362.45,2687.06,196.57,2490.5,116.43,4803.43,2023-03-01
127,Mid-Level,3778.95,684.81,1578.24,3094.14,233.29,2860.86,149.27,5506.45,2023-03-01
128,Mid-Level,3324.03,788.53,987.58,2535.5,177.72,2357.78,111.04,4422.65,2023-03-01
129,Mid-Level,3462.33,699.93,1108.17,2762.4,212.79,2549.61,140.66,4711.17,2023-03-01
130,Mid-Level,4339.96,998.8,1120.77,3341.15,349.37,2991.78,77.01,5537.74,2023-03-01
131,Mid-Level,2625.33,612.88,918.73,2012.46,114.24,1898.22,111.43,3655.5,2023-03-01
132,Mid-Level,3778.51,742.44,1172.7,3036.07,294.6,2741.47,131.05,5082.27,2023-03-01
133,Mid-Level,5108.42,1107.02,1836.07,4001.4,454.63,3546.77,39.05,6983.54,2023-03-01
134,Mid-Level,3286.21,637.07,949.55,2649.14,253.18,2395.96,51.8,4287.56,2023-03-01
135,Mid-Level,3636.46,837.38,1098.04,2799.07,204.37,2594.71,139.66,4874.15,2023-03-01
136,Mid-Level,4383.1,1008.18,1723.07,3374.91,343.56,3031.36,15.13,6121.3,2023-03-01
137,Mid-Level,2931.58,601.77,820.0,2329.81,155.91,2173.9,148.47,3900.04,2023-03-01
138,Mid-Level,4157.76,987.21,1274.28,3170.55,304.33,2866.22,81.99,5514.03,2023-03-01
139,Mid-Level,2567.7,550.29,659.52,2017.41,130.77,1886.63,123.63,3350.85,2023-03-01
140,Mid-Level,2709.36,496.96,818.72,2212.39,131.84,2080.55,110.72,3638.8,2023-03-01
141,Mid-Level,2609.9,515.45,695.16,2094.46,144.34,1950.12,94.68,3399.75,2023-03-01
142,Mid-Level,4248.61,917.05,1243.45,3331.56,325.84,3005.72,121.18,5613.24,2023-03-01
143,Mid-Level,2657.32,491.22,1027.88,2166.1,112.54,2053.56,35.17,3720.37,2023-03-01
144,Mid-Level,3033.32,573.84,1169.62,2459.48,164.15,2295.33,18.04,4220.98,2023-03-01
145,Mid-Level,3033.19,591.85,1125.01,2441.34,122.18,2319.16,49.01,4207.21,2023-03-01
146,Mid-Level,3248.14,619.21,1134.37,2628.93,213.63,2415.3,145.53,4528.03,2023-03-01
147,Mid-Level,4176.16,875.07,1219.5,3301.09,345.82,2955.27,102.91,5498.57,2023-03-01
148,Mid-Level,3987.04,766.58,1571.95,3220.46,271.01,2949.45,86.77,5645.76,2023-03-01
149,Mid-Level,3475.84,776.62,918.91,2699.22,238.95,2460.27,6.57,4401.32,2023-03-01
150,Mid-Level,3205.07,629.46,866.44,2575.6,227.24,2348.37,55.81,4127.31,2023-03-01
151,Mid-Level,4514.7,818.41,1598.02,3696.29,464.64,3231.65,36.49,6149.21,2023-03-01
152,Mid-Level,2723.51,651.03,1048.29,2072.47,88.75,1983.72,117.74,3889.54,2023-03-01
153,Mid-Level,3904.04,705.46,1572.66,3198.58,340.16,2858.42,125.23,5601.93,2023-03-01
154,Mid-Level,3346.23,625.22,1325.27,2721.01,245.17,2475.84,56.06,4727.57,2023-03-01
155,Mid-Level,2426.23,455.13,1008.8,1971.1,105.42,1865.69,110.31,3545.35,2023-03-01
156,Mid-Level,3745.84,874.86,1119.86,2870.99,269.96,2601.03,97.55,4963.26,2023-03-01
157,Mid-Level,3181.06,700.3,1011.46,2480.77,75.23,2405.54,69.5,4262.03,2023-03-01
158,Mid-Level,2408.79,504.67,834.99,1904.12,128.83,1775.29,74.74,3318.52,2023-03-01
159,Mid-Level,2655.26,525.12,1045.99,2130.14,115.84,2014.29,27.4,3728.65,2023-03-01
160,Mid-Level,3389.27,808.81,1373.28,2580.45,207.49,2372.96,2.39,4764.94,2023-03-01
161,Mid-Level,2886.34,557.25,867.89,2329.09,73.86,2255.23,148.28,3902.52,2023-03-01
162,Mid-Level,3641.47,708.38,911.63,2933.09,247.37,2685.72,112.41,4665.51,2023-03-01
163,Mid-Level,3176.67,618.33,842.45,2558.34,222.4,2335.94,40.11,4059.23,2023-03-01
164,Mid-Level,6269.7,1216.28,1750.78,5053.42,718.59,4334.84,88.12,8108.6,2023-03-01
165,Mid-Level,3521.13,651.65,962.53,2869.49,267.3,2602.19,110.39,4594.05,2023-03-01
166,Mid-Level,3926.62,819.7,1231.4,3106.92,277.19,2829.73,104.18,5262.21,2023-03-01
167,Mid-Level,3194.01,696.23,1094.29,2497.78,111.22,2386.56,22.82,4311.12,2023-03-01
168,Mid-Level,2648.49,625.79,1086.87,2022.7,105.32,1917.38,11.75,3747.11,2023-03-01
169,Mid-Level,2781.73,622.41,1107.33,2159.31,145.41,2013.9,9.98,3899.04,2023-03-01
170,Mid-Level,3318.54,680.0,993.55,2638.54,185.86,2452.68,21.7,4333.79,2023-03-01
171,Mid-Level,4589.35,920.3,1313.31,3669.04,496.41,3172.63,2.71,5905.36,2023-03-01
172,Mid-Level,5469.95,1002.71,2225.57,4467.23,526.37,3940.87,93.53,7789.04,2023-03-01
173,Mid-Level,3808.48,907.12,1119.43,2901.36,218.92,2682.44,48.71,4976.61,2023-03-01
174,Mid-Level,3815.91,891.47,1014.02,2924.43,224.28,2700.16,103.6,4933.53,2023-03-01
175,Senior,4978.62,1106.53,1342.35,3872.09,511.08,3361.01,124.1,6445.07,2023-03-01
176,Senior,5408.64,1237.65,1368.55,4170.99,460.15,3710.84,92.65,6869.84,2023-03-01
177,Senior,6479.24,1484.18,2463.57,4995.06,564.92,4430.14,131.64,9074.45,2023-03-01
178,Senior,7831.62,1628.54,3168.22,6203.08,1056.44,5146.63,70.32,11070.16,2023-03-01
179,Senior,4862.55,1145.36,1883.14,3717.19,510.35,3206.84,117.75,6863.45,2023-03-01
180,Senior,4656.14,925.89,1808.96,3730.25,417.22,3313.03,23.03,6488.13,2023-03-01
181,Senior,9499.51,2182.97,3815.38,7316.54,1313.18,6003.36,137.84,13452.73,2023-03-01
182,Senior,5093.4,1002.67,1662.85,4090.72,540.62,3550.1,22.22,6778.46,2023-03-01
183,Senior,5434.76,1115.22,1858.44,4319.54,534.4,3785.14,118.18,7411.38,2023-03-01
184,Senior,6493.01,1187.05,1722.19,5305.96,790.02,4515.95,143.88,8359.09,2023-03-01
185,Senior,3565.05,734.0,1122.85,2831.05,201.55,2629.5,42.19,4730.09,2023-03-01
186,Senior,5030.42,997.85,1994.52,4032.56,501.64,3530.93,130.51,7155.45,2023-03-01
187,Senior,5583.8,1128.93,1419.85,4454.86,566.12,3888.74,124.48,7128.13,2023-03-01
188,Senior,3968.59,845.79,1030.41,3122.8,287.59,2835.21,138.15,5137.15,2023-03-01
189,Senior,4779.45,936.31,1885.27,3843.15,456.86,3386.29,65.86,6730.58,2023-03-01
190,Senior,6347.19,1170.1,2138.11,5177.08,893.14,4283.94,84.28,8569.58,2023-03-01
191,Senior,6951.88,1547.6,2509.65,5404.28,867.2,4537.09,139.67,9601.21,2023-03-01
192,Senior,5545.2,1289.85,2008.22,4255.35,536.77,3718.58,108.91,7662.33,2023-03-01
193,Senior,8406.23,1809.36,3394.57,6596.86,979.4,5617.46,70.69,11871.49,2023-03-01
194,Senior,4081.59,869.47,1650.57,3212.11,234.03,2978.08,60.27,5792.43,2023-03-01
195,Senior,4386.4,1036.63,1194.77,3349.77,310.22,3039.55,144.12,5725.3,2023-03-01
196,Senior,5376.77,1054.29,1580.71,4322.48,562.03,3760.45,43.79,7001.27,2023-03-01
197,Senior,6071.57,1342.42,2031.3,4729.15,652.01,4077.14,41.48,8144.35,2023-03-01
198,Senior,8293.82,1650.29,3219.23,6643.53,1019.19,5624.34,139.33,11652.37,2023-03-01
199,Senior,4560.13,841.58,1837.62,3718.54,490.03,3228.51,131.32,6529.07,2023-03-01
200,Senior,6063.71,1334.29,2173.97,4729.42,610.2,4119.22,45.91,8283.59,2023-03-01
201,Senior,5327.91,1253.79,1479.94,4074.12,532.89,3541.23,137.49,6945.34,2023-03-01
202,Senior,5543.48,1320.6,2293.22,4222.89,517.59,3705.3,83.32,7920.03,2023-03-01
203,Senior,5430.81,1136.53,1983.0,4294.28,551.58,3742.7,143.5,7557.31,2023-03-01
204,Senior,4161.62,889.56,1066.62,3272.06,349.64,2922.42,9.01,5237.25,2023-03-01
205,Senior,6279.03,1229.49,2323.43,5049.54,869.85,4179.68,41.11,8643.57,2023-03-01
206,Senior,4430.57,817.64,1221.35,3612.93,415.93,3197.0,57.53,5709.45,2023-03-01
207,Senior,4868.96,1165.45,1292.9,3703.51,411.94,3291.57,56.39,6218.25,2023-03-01
208,Senior,5711.32,1273.33,1809.06,4437.99,541.34,3896.65,23.63,7544.01,2023-03-01
209,Senior,3920.25,734.45,1401.42,3185.8,258.69,2927.11,25.25,5346.92,2023-03-01
210,Senior,6256.58,1395.31,2305.81,4861.27,555.33,4305.94,132.9,8695.29,2023-03-01
211,Senior,5417.53,1085.08,2081.43,4332.44,522.22,3810.23,87.53,7586.49,2023-03-01
212,Senior,7156.83,1667.76,2992.93,5489.07,852.07,4637.0,30.19,10179.95,2023-03-01
213,Senior,7225.72,1696.25,2571.51,5529.47,899.62,4629.85,52.64,9849.88,2023-03-01
214,Senior,5092.07,931.33,1513.21,4160.74,572.82,3587.92,84.75,6690.04,2023-03-01
215,Senior,4986.93,1007.19,1469.57,3979.75,509.19,3470.56,113.63,6570.14,2023-03-01
216,Senior,5093.03,1101.35,2018.53,3991.68,465.98,3525.7,139.34,7250.9,2023-03-01
217,Senior,5538.69,1121.8,1839.52,4416.9,590.83,3826.07,19.62,7397.82,2023-03-01
218,Senior,4839.28,1151.45,1610.67,3687.83,406.46,3281.38,107.82,6557.76,2023-03-01
219,Senior,5254.69,1067.06,2043.42,4187.63,556.66,3630.96,65.35,7363.46,2023-03-01
220,Senior,6187.76,1215.71,1815.42,4972.05,672.73,4299.32,22.74,8025.92,2023-03-01
221,Senior,4290.64,926.9,1323.51,3363.74,251.61,3112.13,146.91,5761.06,2023-03-01
222,Senior,7294.54,1407.53,2688.88,5887.01,958.99,4928.02,29.32,10012.75,2023-03-01
223,Senior,4899.63,990.38,1384.24,3909.25,464.31,3444.94,11.67,6295.54,2023-03-01
224,Senior,4001.31,775.88,1050.5,3225.43,320.34,2905.09,22.58,5074.38,2023-03-01
225,Manager,13039.41,2903.91,5469.74,10135.49,1622.89,8512.6,21.26,18530.4,2023-03-01
226,Manager,18083.15,3994.35,7575.44,14088.8,2330.52,11758.28,62.23,25720.82,2023-03-01
227,Manager,6484.03,1432.0,2715.58,5052.04,865.03,4187.01,47.12,9246.73,2023-03-01
228,Manager,10199.73,1888.62,2573.41,8311.11,1213.91,7097.19,95.1,12868.24,2023-03-01
229,Manager,19891.41,4303.72,5816.87,15587.69,2742.49,12845.19,70.85,25779.13,2023-03-01
230,Manager,8160.04,1630.19,3425.35,6529.85,1122.06,5407.79,132.43,11717.82,2023-03-01
231,Manager,10301.98,2338.4,3145.09,7963.58,1191.79,6771.79,17.25,13464.31,2023-03-01
232,Manager,12050.58,2816.47,3388.95,9234.1,1410.84,7823.27,86.03,15525.55,2023-03-01
233,Manager,15285.99,3490.39,5478.23,11795.61,1891.51,9904.1,72.37,20836.59,2023-03-01
234,Manager,9044.68,2047.13,3695.87,6997.55,1161.84,5835.72,122.2,12862.74,2023-03-01
235,Manager,16358.34,3579.19,5368.82,12779.15,2142.4,10636.75,123.32,21850.48,2023-03-01
236,Manager,12003.18,2235.58,4815.46,9767.59,1692.14,8075.46,83.9,16902.54,2023-03-01
237,Manager,8434.07,1544.7,2956.44,6889.37,1226.9,5662.47,149.86,11540.37,2023-03-01
238,Manager,6007.97,1144.23,2467.56,4863.74,659.27,4204.47,125.37,8600.9,2023-03-01
239,Manager,10836.68,1957.39,2939.58,8879.29,1581.1,7298.19,70.43,13846.7,2023-03-01
240,Manager,15478.59,3208.69,6330.48,12269.9,1751.56,10518.34,39.46,21848.54,2023-03-01
241,Manager,10236.44,1944.14,3617.63,8292.3,1167.2,7125.1,49.16,13903.23,2023-03-01
242,Manager,15491.17,3481.4,5840.83,12009.77,2089.79,9919.98,46.57,21378.58,2023-03-01
243,Manager,6037.03,1436.74,2187.14,4600.29,522.63,4077.66,100.64,8324.81,2023-03-01
244,Manager,11634.56,2734.8,4323.21,8899.76,1552.95,7346.81,56.97,16014.74,2023-03-01
245,Manager,8881.97,1601.82,2909.9,7280.15,1235.91,6044.24,13.41,11805.28,2023-03-01
246,Manager,13108.46,2608.85,5171.31,10499.61,1822.25,8677.36,70.12,18349.89,2023-03-01
247,Manager,12001.98,2539.66,3313.67,9462.32,1665.2,7797.12,89.21,15404.87,2023-03-01
248,Manager,7784.71,1569.73,3169.0,6214.98,1045.26,5169.71,37.54,10991.26,2023-03-01
249,Manager,15704.85,2931.99,5552.64,12772.87,2145.99,10626.87,145.99,21403.49,2023-03-01
1,Intern,927.63,189.64,376.25,737.99,0.0,737.99,101.62,1405.5,2023-04-01
2,Intern,647.5,121.89,230.35,525.61,0.0,525.61,148.0,1025.85,2023-04-01
3,Intern,629.09,143.99,173.63,485.1,0.0,485.1,147.26,949.98,2023-04-01
4,Intern,818.31,155.73,267.56,662.59,0.0,662.59,116.79,1202.66,2023-04-01
5,Intern,867.24,200.71,345.24,666.53,0.0,666.53,103.4,1315.88,2023-04-01
6,Intern,713.91,166.43,205.27,547.48,0.0,547.48,73.01,992.2,2023-04-01
7,Intern,584.16,133.01,185.73,451.14,0.0,451.14,5.39,775.28,2023-04-01
8,Intern,867.77,201.66,324.92,666.11,0.0,666.11,106.11,1298.79,2023-04-01
9,Intern,811.02,191.08,270.32,619.93,0.0,619.93,98.73,1180.06,2023-04-01
10,Intern,868.06,204.69,360.56,663.37,0.0,663.37,19.67,1248.29,2023-04-01
11,Intern,736.74,139.48,184.62,597.25,0.0,597.25,58.57,979.93,2023-04-01
12,Intern,651.65,132.66,213.07,518.99,0.0,518.99,145.94,1010.67,2023-04-01
13,Junior,1952.43,371.21,776.81,1581.22,92.96,1488.25,91.02,2820.25,2023-04-01
14,Junior,1596.02,316.54,465.12,1279.48,0.0,1279.48,63.1,2124.24,2023-04-01
15,Junior,1503.39,315.53,596.59,1187.86,0.0,1187.86,57.04,2157.02,2023-04-01
16,Junior,2444.07,505.59,901.9,1938.49,131.75,1806.74,41.21,3387.19,2023-04-01
17,Junior,2422.22,465.22,679.97,1957.0,86.37,1870.63,98.1,3200.29,2023-04-01
18,Junior,1931.18,402.03,676.9,1529.15,83.29,1445.86,63.47,2671.55,2023-04-01
19,Junior,2381.37,479.51,990.38,1901.86,78.16,1823.7,105.55,3477.29,2023-04-01
20,Junior,2360.25,431.78,973.03,1928.47,93.27,1835.2,146.92,3480.2,2023-04-01
21,Junior,3452.18,729.75,983.02,2722.43,197.28,2525.15,94.9,4530.1,2023-04-01
22,Junior,2281.43,479.24,803.17,1802.19,96.39,1705.8,92.45,3177.05,2023-04-01
23,Junior,2621.38,518.68,658.69,2102.7,122.97,1979.72,67.61,3347.68,2023-04-01
24,Junior,2376.34,568.84,983.32,1807.51,117.94,1689.56,131.86,3491.53,2023-04-01
25,Junior,2521.95,602.67,698.52,1919.28,127.76,1791.52,4.12,3224.58,2023-04-01
26,Junior,2241.61,410.35,713.51,1831.26,98.59,1732.66,33.48,2988.6,2023-04-01
27,Junior,2995.36,594.81,1151.1,2400.56,90.69,2309.87,71.94,4218.4,2023-04-01
28,Junior,2029.33,413.15,823.46,1616.18,110.82,1505.36,125.16,2977.95,2023-04-01
29,Junior,2056.24,374.83,544.78,1681.42,93.31,1588.11,3.05,2604.07,2023-04-01
30,Junior,2031.22,390.04,653.9,1641.19,87.2,1553.99,119.89,2805.02,2023-04-01
31,Junior,2039.61,458.81,556.68,1580.8,53.8,1527.0,149.9,2746.19,2023-04-01
32,Junior,1802.53,372.67,452.03,1429.86,0.0,1429.86,10.99,2265.55,2023-04-01
33,Junior,3200.18,747.53,1168.86,2452.65,100.82,2351.83,128.41,4497.45,2023-04-01
34,Junior,2005.83,371.17,692.65,1634.66,88.68,1545.98,74.25,2772.73,2023-04-01
35,Junior,1938.14,398.87,536.75,1539.27,99.44,1439.83,96.68,2571.57,2023-04-01
36,Junior,3029.69,653.5,940.83,2376.19,114.71,2261.48,65.27,4035.78,2023-04-01
37,Junior,2067.64,381.84,715.41,1685.8,57.6,1628.2,20.72,2803.76,2023-04-01
38,Junior,2371.93,500.16,780.2,1871.77,61.83,1809.95,51.45,3203.58,2023-04-01
39,Junior,1898.81,405.97,747.25,1492.84,0.0,1492.84,141.06,2787.12,2023-04-01
40,Junior,2392.54,456.26,951.32,1936.28,63.54,1872.74,47.73,3391.6,2023-04-01
41,Junior,2822.52,531.26,976.9,2291.26,114.35,2176.91,40.42,3839.84,2023-04-01
42,Junior,1689.65,334.49,689.13,1355.16,0.0,1355.16,115.56,2494.34,2023-04-01
43,Junior,1936.75,387.58,731.03,1549.17,69.46,1479.71,16.54,2684.32,2023-04-01
44,Junior,1776.55,343.6,697.66,1432.95,0.0,1432.95,118.39,2592.59,2023-04-01
45,Junior,2486.48,565.67,963.05,1920.8,79.79,1841.02,101.79,3551.31,2023-04-01
46,Junior,2604.77,581.59,798.47,2023.18,64.19,1958.99,27.09,3430.34,2023-04-01
47,Junior,1912.87,443.0,684.86,1469.88,0.0,1469.88,98.32,2696.05,2023-04-01
48,Junior,2837.98,641.02,1026.9,2196.95,76.23,2120.73,127.24,3992.12,2023-04-01
49,Junior,2339.77,462.52,607.62,1877.25,88.14,1789.11,80.49,3027.89,2023-04-01
50,Junior,1915.91,442.95,763.72,1472.96,0.0,1472.96,82.03,2761.66,2023-04-01
51,Junior,1928.46,366.57,710.41,1561.89,107.19,1454.69,149.2,2788.07,2023-04-01
52,Junior,2052.13,471.87,522.92,1580.26,57.16,1523.1,56.26,2631.31,2023-04-01
53,Junior,1653.01,324.56,418.14,1328.44,0.0,1328.44,60.16,2131.3,2023-04-01
54,Junior,2677.07,556.33,779.94,2120.75,80.23,2040.52,8.19,3465.2,2023-04-01
55,Junior,2405.33,535.92,802.13,1869.41,92.76,1776.65,51.11,3258.57,2023-04-01
56,Junior,2072.35,475.72,753.09,1596.64,93.85,1502.78,117.43,2942.88,2023-04-01
57,Junior,1961.75,447.24,653.14,1514.51,46.74,1467.77,96.44,2711.34,2023-04-01
58,Junior,2309.28,552.87,859.81,1756.41,63.5,1692.92,61.53,3230.62,2023-04-01
59,Junior,2088.23,407.69,814.05,1680.53,72.62,1607.92,10.13,2912.41,2023-04-01
60,Junior,2494.93,488.51,740.35,2006.42,87.93,1918.49,106.29,3341.57,2023-04-01
61,Junior,2766.97,511.79,836.78,2255.18,155.87,2099.31,75.85,3679.6,2023-04-01
62,Junior,2452.17,555.36,904.18,1896.81,61.1,1835.71,48.79,3405.13,2023-04-01
63,Junior,1889.39,445.76,599.64,1443.64,0.0,1443.64,132.09,2621.12,2023-04-01
64,Junior,2663.5,568.0,867.65,2095.5,128.46,1967.04,94.19,3625.33,2023-04-01
65,Junior,2553.37,544.45,851.01,2008.92,135.79,1873.13,9.75,3414.14,2023-04-01
66,Junior,1973.12,375.42,743.45,1597.69,69.94,1527.75,26.62,2743.2,2023-04-01
67,Junior,2634.72,491.1,838.11,2143.62,94.74,2048.88,123.08,3595.91,2023-04-01
68,Junior,1705.36,323.81,606.11,1381.55,0.0,1381.55,78.93,2390.4,2023-04-01
69,Junior,2025.14,434.15,728.67,1590.99,54.36,1536.63,7.97,2761.78,2023-04-01
70,Junior,1966.03,441.1,559.73,1524.93,63.93,1461.0,148.04,2673.8,2023-04-01
71,Junior,2769.11,647.02,829.97,2122.09,124.66,1997.43,42.93,3642.0,2023-04-01
72,Junior,1822.13,415.22,613.81,1406.92,0.0,1406.92,10.84,2446.78,2023-04-01
73,Junior,2267.84,496.77,799.97,1771.07,82.08,1688.99,52.09,3119.9,2023-04-01
74,Junior,1812.73,431.45,655.21,1381.28,0.0,1381.28,135.79,2603.73,2023-04-01
75,Mid-Level,3343.98,666.26,1153.72,2677.72,289.79,2387.92,45.36,4543.06,2023-04-01
76,Mid-Level,3520.1,793.43,956.89,2726.67,226.08,2500.6,113.76,4590.76,2023-04-01
77,Mid-Level,4811.97,982.64,1285.15,3829.33,494.17,3335.16,36.2,6133.33,2023-04-01
78,Mid-Level,3519.43,819.93,1274.8,2699.49,212.75,2486.74,114.7,4908.93,2023-04-01
79,Mid-Level,3566.9,715.16,1046.1,2851.73,272.1,2579.64,143.24,4756.24,2023-04-01
80,Mid-Level,2883.58,642.95,1153.27,2240.64,121.39,2119.25,35.16,4072.02,2023-04-01
81,Mid-Level,4384.26,967.09,1572.98,3417.17,369.08,3048.09,137.09,6094.33,2023-04-01
82,Mid-Level,2627.01,516.58,867.64,2110.43,79.45,2030.98,57.34,3552.0,2023-04-01
83,Mid-Level,2974.63,663.2,1229.99,2311.44,116.43,2195.01,50.65,4255.27,2023-04-01
84,Mid-Level,4248.49,1015.45,1259.82,3233.04,277.7,2955.34,112.12,5620.43,2023-04-01
85,Mid-Level,2601.57,547.53,657.43,2054.04,133.85,1920.19,84.88,3343.88,2023-04-01
86,Mid-Level,3469.26,715.98,1150.26,2753.28,281.13,2472.15,104.02,4723.54,2023-04-01
87,Mid-Level,2450.74,450.59,924.21,2000.16,80.53,1919.63,105.18,3480.14,2023-04-01
88,Mid-Level,2862.93,631.11,1027.17,2231.82,119.04,2112.78,134.6,4024.69,2023-04-01
89,Mid-Level,4118.58,896.59,1448.28,3221.99,308.93,2913.07,31.01,5597.87,2023-04-01
90,Mid-Level,3752.02,849.88,1204.56,2902.14,286.93,2615.21,148.3,5104.88,2023-04-01
91,Mid-Level,4642.1,1060.03,1494.47,3582.07,431.3,3150.77,113.21,6249.78,2023-04-01
92,Mid-Level,4043.09,731.83,1245.55,3311.26,273.58,3037.69,76.67,5365.31,2023-04-01
93,Mid-Level,3308.59,738.34,993.59,2570.25,266.23,2304.02,109.03,4411.21,2023-04-01
94,Mid-Level,3645.3,813.93,1457.99,2831.36,292.56,2538.8,136.25,5239.54,2023-04-01
95,Mid-Level,2741.6,497.88,861.6,2243.72,88.57,2155.15,38.33,3641.54,2023-04-01
96,Mid-Level,4743.49,941.36,1324.16,3802.13,490.11,3312.02,96.17,6163.82,2023-04-01
97,Mid-Level,4090.34,805.19,1662.29,3285.15,304.48,2980.67,124.4,5877.03,2023-04-01
98,Mid-Level,3916.33,871.17,1536.33,3045.16,246.13,2799.03,17.83,5470.49,2023-04-01
99,Mid-Level,4160.88,866.05,1221.96,3294.83,235.74,3059.1,115.83,5498.67,2023-04-01
100,Mid-Level,4233.76,954.48,1120.36,3279.28,317.66,2961.62,97.64,5451.76,2023-04-01
101,Mid-Level,3727.77,894.57,1168.6,2833.21,303.01,2530.19,114.99,5011.37,2023-04-01
102,Mid-Level,2764.95,613.12,917.16,2151.83,94.57,2057.25,128.11,3810.22,2023-04-01
103,Mid-Level,3158.41,738.17,1215.94,2420.23,116.25,2303.98,79.82,4454.17,2023-04-01
104,Mid-Level,2528.04,480.89,1061.28,2047.14,77.59,1969.55,68.21,3657.52,2023-04-01
105,Mid-Level,3294.64,789.65,1270.29,2504.99,187.23,2317.76,53.82,4618.74,2023-04-01
106,Mid-Level,4080.28,897.75,1569.97,3182.53,243.59,2938.94,92.68,5742.93,2023-04-01
107,Mid-Level,3373.5,738.75,1151.2,2634.76,200.96,2433.79,18.33,4543.03,2023-04-01
108,Mid-Level,4112.17,748.8,1049.24,3363.37,351.58,3011.79,56.81,5218.22,2023-04-01
109,Mid-Level,3391.75,669.65,981.94,2722.09,194.4,2527.7,114.74,4488.43,2023-04-01
110,Mid-Level,3022.97,684.65,786.63,2338.32,151.53,2186.78,36.02,3845.62,2023-04-01
111,Mid-Level,4465.05,857.6,1304.45,3607.46,497.19,3110.27,65.48,5834.98,2023-04-01
112,Mid-Level,3382.9,732.95,1115.97,2649.95,219.65,2430.3,43.38,4542.25,2023-04-01
113,Mid-Level,3432.18,751.39,1162.95,2680.79,193.55,2487.24,39.71,4634.84,2023-04-01
114,Mid-Level,4955.05,1183.04,1794.8,3772.01,527.07,3244.94,101.23,6851.08,2023-04-01
115,Mid-Level,3781.26,714.47,1195.97,3066.79,310.97,2755.82,107.83,5085.05,2023-04-01
116,Mid-Level,5008.26,1191.67,1261.24,3816.59,439.73,3376.85,142.63,6412.13,2023-04-01
117,Mid-Level,3826.37,728.61,1115.85,3097.76,276.04,2821.72,81.83,5024.04,2023-04-01
118,Mid-Level,3471.99,731.43,1165.0,2740.57,214.29,2526.28,115.64,4752.64,2023-04-01
119,Mid-Level,2447.26,510.86,717.2,1936.4,102.16,1834.23,142.27,3306.73,2023-04-01
120,Mid-Level,4624.21,997.12,1270.41,3627.1,419.51,3207.58,64.92,5959.54,2023-04-01
121,Mid-Level,5576.7,1060.16,1965.3,4516.54,569.58,3946.96,66.41,7608.42,2023-04-01
122,Mid-Level,3007.27,554.58,1177.15,2452.69,139.56,2313.13,63.84,4248.25,2023-04-01
123,Mid-Level,5335.09,1016.01,2158.81,4319.07,511.98,3807.09,127.66,7621.56,2023-04-01
124,Mid-Level,4107.1,829.1,1107.44,3278.0,259.88,3018.12,37.57,5252.11,2023-04-01
125,Mid-Level,3274.49,770.75,911.41,2503.74,244.14,2259.6,95.28,4281.18,2023-04-01
126,Mid-Level,3371.82,648.89,1037.47,2722.93,292.26,2430.68,139.62,4548.92,2023-04-01
127,Mid-Level,3793.83,904.98,1356.02,2888.85,297.79,2591.06,128.28,5278.13,2023-04-01
128,Mid-Level,3401.19,722.77,1089.19,2678.42,246.09,2432.33,26.77,4517.15,2023-04-01
129,Mid-Level,3509.93,671.68,954.46,2838.24,200.8,2637.44,41.2,4505.58,2023-04-01
130,Mid-Level,4372.41,823.61,1162.52,3548.8,423.67,3125.13,120.86,5655.79,2023-04-01
131,Mid-Level,2660.65,624.49,894.3,2036.17,108.71,1927.45,143.34,3698.3,2023-04-01
132,Mid-Level,3801.54,741.02,1275.33,3060.52,292.16,2768.36,17.17,5094.05,2023-04-01
133,Mid-Level,4939.39,1102.94,1825.32,3836.45,511.38,3325.07,4.47,6769.19,2023-04-01
134,Mid-Level,3271.41,705.53,818.66,2565.89,220.21,2345.68,69.0,4159.07,2023-04-01
135,Mid-Level,3682.56,787.06,1354.4,2895.5,316.59,2578.91,18.43,5055.39,2023-04-01
136,Mid-Level,4424.97,1011.63,1184.97,3413.34,322.24,3091.1,92.99,5702.92,2023-04-01
137,Mid-Level,2928.42,690.65,1094.49,2237.77,119.72,2118.05,89.19,4112.1,2023-04-01
138,Mid-Level,4156.07,902.63,1633.32,3253.44,265.25,2988.19,47.69,5837.08,2023-04-01
139,Mid-Level,2618.34,530.11,873.21,2088.23,75.31,2012.92,83.94,3575.48,2023-04-01
140,Mid-Level,3204.92,726.93,867.07,2477.99,109.34,2368.64,93.29,4165.27,2023-04-01
141,Mid-Level,2539.79,514.55,993.6,2025.24,73.46,1951.78,85.57,3618.95,2023-04-01
142,Mid-Level,4252.84,962.0,1084.97,3290.85,296.69,2994.16,129.07,5466.89,2023-04-01
143,Mid-Level,3778.49,718.18,1328.37,3060.3,240.42,2819.88,63.19,5170.04,2023-04-01
144,Mid-Level,2957.54,690.03,933.51,2267.51,157.89,2109.62,101.57,3992.63,2023-04-01
145,Mid-Level,3018.46,697.25,1053.03,2321.21,139.89,2181.32,30.82,4102.31,2023-04-01
146,Mid-Level,3298.65,645.0,1178.88,2653.65,240.93,2412.72,148.04,4625.58,2023-04-01
147,Mid-Level,4184.73,848.73,1176.16,3336.0,363.55,2972.45,3.71,5364.61,2023-04-01
148,Mid-Level,4060.77,825.73,1070.75,3235.04,266.09,2968.96,41.38,5172.9,2023-04-01
149,Mid-Level,3482.51,755.77,1337.93,2726.74,216.76,2509.97,144.96,4965.4,2023-04-01
150,Mid-Level,3325.5,783.95,1064.92,2541.55,241.88,2299.67,135.43,4525.85,2023-04-01
151,Mid-Level,4494.74,942.36,1504.57,3552.38,441.84,3110.54,22.1,6021.4,2023-04-01
152,Mid-Level,2739.68,508.53,810.05,2231.15,109.58,2121.57,81.11,3630.84,2023-04-01
153,Mid-Level,3943.45,905.68,1218.33,3037.77,223.01,2814.76,34.43,5196.21,2023-04-01
154,Mid-Level,3728.52,680.33,1443.35,3048.2,279.17,2769.03,75.8,5247.68,2023-04-01
155,Mid-Level,2529.14,595.58,856.51,1933.56,84.65,1848.91,36.45,3422.1,2023-04-01
156,Mid-Level,3720.24,839.99,1356.22,2880.25,294.45,2585.8,35.17,5111.63,2023-04-01
157,Mid-Level,3230.52,705.44,1223.82,2525.08,187.49,2337.59,24.44,4478.78,2023-04-01
158,Mid-Level,2472.38,518.41,880.79,1953.97,133.09,1820.87,55.57,3408.74,2023-04-01
159,Mid-Level,3527.85,683.43,1447.44,2844.42,310.52,2533.91,60.47,5035.77,2023-04-01
160,Mid-Level,3371.43,769.06,897.71,2602.37,257.79,2344.59,66.46,4335.61,2023-04-01
161,Mid-Level,3410.1,801.21,1063.52,2608.89,221.0,2387.88,113.91,4587.53,2023-04-01
162,Mid-Level,3597.19,766.65,940.75,2830.55,226.36,2604.18,146.84,4684.79,2023-04-01
163,Mid-Level,3193.75,579.04,987.07,2614.7,215.92,2398.78,46.72,4227.53,2023-04-01
164,Mid-Level,6298.9,1437.61,2507.56,4861.29,631.38,4229.91,93.73,8900.2,2023-04-01
165,Mid-Level,4247.41,907.79,1306.85,3339.62,274.63,3064.99,121.74,5676.01,2023-04-01
166,Mid-Level,3963.21,720.66,1223.73,3242.55,261.0,2981.55,143.11,5330.05,2023-04-01
167,Mid-Level,3152.23,680.79,852.97,2471.44,131.55,2339.89,61.45,4066.65,2023-04-01
168,Mid-Level,2622.82,576.89,859.52,2045.93,140.77,1905.16,110.28,3592.63,2023-04-01
169,Mid-Level,2733.48,599.03,973.24,2134.45,118.04,2016.41,69.54,3776.26,2023-04-01
170,Mid-Level,3389.46,640.32,1229.82,2749.14,203.48,2545.66,132.34,4751.61,2023-04-01
171,Mid-Level,5561.54,1079.12,2284.24,4482.42,606.19,3876.23,10.27,7856.05,2023-04-01
172,Mid-Level,6015.19,1206.67,2230.11,4808.52,569.11,4239.42,136.57,8381.87,2023-04-01
173,Mid-Level,3827.89,706.98,1116.5,3120.9,300.39,2820.52,143.71,5088.1,2023-04-01
174,Mid-Level,3863.78,696.58,1478.24,3167.21,229.97,2937.24,139.43,5481.45,2023-04-01
175,Senior,4996.56,1108.08,1822.1,3888.48,542.09,3346.39,11.36,6830.02,2023-04-01
176,Senior,6502.11,1310.54,2352.4,5191.57,880.84,4310.73,143.4,8997.91,2023-04-01
177,Senior,6524.13,1515.13,1984.8,5009.0,752.74,4256.26,40.0,8548.93,2023-04-01
178,Senior,9278.23,1862.15,3348.15,7416.08,1201.44,6214.63,95.67,12722.05,2023-04-01
179,Senior,4863.7,1063.15,1943.11,3800.55,508.62,3291.94,94.62,6901.43,2023-04-01
180,Senior,5344.86,1205.1,1682.18,4139.76,482.39,3657.38,138.88,7165.92,2023-04-01
181,Senior,9495.73,2278.88,3899.29,7216.85,1175.92,6040.93,133.29,13528.31,2023-04-01
182,Senior,5049.16,1159.27,1372.76,3889.89,494.1,3395.79,9.94,6431.86,2023-04-01
183,Senior,6246.34,1280.23,2416.37,4966.11,583.59,4382.52,75.79,8738.51,2023-04-01
184,Senior,6513.78,1373.78,2154.27,5140.0,788.4,4351.59,147.21,8815.25,2023-04-01
185,Senior,3459.83,715.76,910.4,2744.07,278.67,2465.4,5.14,4375.37,2023-04-01
186,Senior,7358.11,1500.52,2352.32,5857.6,857.11,5000.48,125.66,9836.09,2023-04-01
187,Senior,6872.22,1491.43,1727.72,5380.79,813.2,4567.59,128.96,8728.9,2023-04-01
188,Senior,4008.72,856.03,1409.44,3152.69,315.99,2836.7,117.57,5535.73,2023-04-01
189,Senior,4677.32,995.32,1254.74,3681.99,454.35,3227.64,24.48,5956.53,2023-04-01
190,Senior,6306.04,1473.92,1676.35,4832.12,588.34,4243.77,86.84,8069.23,2023-04-01
191,Senior,7008.04,1517.28,1849.59,5490.76,808.85,4681.91,58.66,8916.29,2023-04-01
192,Senior,7551.46,1715.96,2366.96,5835.5,973.41,4862.09,119.31,10037.73,2023-04-01
193,Senior,9571.21,1877.93,3491.72,7693.28,1379.29,6313.99,125.98,13188.92,2023-04-01
194,Senior,5371.67,1106.44,2069.62,4265.23,471.79,3793.44,41.38,7482.68,2023-04-01
195,Senior,6935.43,1430.54,1942.89,5504.9,847.18,4657.72,38.78,8917.11,2023-04-01
196,Senior,5398.8,1243.23,2132.59,4155.57,558.1,3597.46,32.5,7563.89,2023-04-01
197,Senior,6027.92,1210.2,2327.79,4817.72,552.99,4264.74,49.56,8405.28,2023-04-01
198,Senior,8366.33,1711.38,2782.79,6654.94,949.0,5705.94,95.54,11244.65,2023-04-01
199,Senior,5499.27,1145.98,2075.47,4353.29,556.43,3796.86,79.39,7654.13,2023-04-01
200,Senior,6107.14,1132.37,2232.88,4974.77,675.5,4299.28,143.06,8483.08,2023-04-01
201,Senior,5372.73,1188.64,1536.9,4184.09,537.58,3646.51,69.1,6978.72,2023-04-01
202,Senior,5575.92,1141.32,2100.04,4434.61,589.86,3844.75,95.05,7771.01,2023-04-01
203,Senior,5465.0,1254.37,2240.6,4210.62,487.03,3723.59,9.98,7715.58,2023-04-01
204,Senior,4189.03,803.69,1081.17,3385.34,259.98,3125.36,113.58,5383.78,2023-04-01
205,Senior,6290.52,1188.91,2086.04,5101.61,737.18,4364.43,13.56,8390.12,2023-04-01
206,Senior,4443.77,1006.68,1781.27,3437.08,329.53,3107.55,54.31,6279.35,2023-04-01
207,Senior,6734.65,1526.95,2236.37,5207.7,933.76,4273.94,121.73,9092.74,2023-04-01
208,Senior,8037.54,1474.34,3196.72,6563.2,1040.97,5522.22,54.47,11288.72,2023-04-01
209,Senior,5066.58,1135.99,1601.53,3930.59,481.24,3449.35,5.76,6673.88,2023-04-01
210,Senior,6874.62,1567.28,2558.59,5307.34,802.24,4505.1,109.49,9542.7,2023-04-01
211,Senior,7835.57,1650.45,2253.95,6185.12,1085.2,5099.91,76.47,10165.98,2023-04-01
212,Senior,7238.25,1455.74,2373.09,5782.51,817.09,4965.42,11.82,9623.16,2023-04-01
213,Senior,7176.3,1697.22,2972.86,5479.09,915.51,4563.57,112.93,10262.09,2023-04-01
214,Senior,6777.58,1369.19,2416.41,5408.38,911.88,4496.5,61.16,9255.15,2023-04-01
215,Senior,4999.16,1139.39,1623.53,3859.78,445.61,3414.17,143.55,6766.25,2023-04-01
216,Senior,5072.35,1059.03,2007.34,4013.32,468.02,3545.3,44.19,7123.88,2023-04-01
217,Senior,7829.87,1776.21,2452.43,6053.66,865.9,5187.76,99.67,10381.97,2023-04-01
218,Senior,4765.55,1040.56,1376.28,3724.99,426.03,3298.96,96.83,6238.65,2023-04-01
219,Senior,5286.69,1026.65,1507.04,4260.04,577.82,3682.23,19.25,6812.98,2023-04-01
220,Senior,7849.2,1829.56,2618.41,6019.64,1036.16,4983.47,94.54,10562.14,2023-04-01
221,Senior,4238.52,893.89,1709.17,3344.63,365.45,2979.18,149.44,6097.13,2023-04-01
222,Senior,7358.79,1438.58,2266.57,5920.21,859.62,5060.59,19.76,9645.12,2023-04-01
223,Senior,4911.9,1156.68,1568.77,3755.22,432.32,3322.9,27.89,6508.56,2023-04-01
224,Senior,6093.48,1157.04,2558.83,4936.44,637.09,4299.35,64.79,8717.1,2023-04-01
225,Manager,17586.64,3790.28,6334.02,13796.36,2396.39,11399.96,62.94,23983.6,2023-04-01
226,Manager,18269.64,3449.86,6686.3,14819.78,2271.23,12548.55,63.37,25019.31,2023-04-01
227,Manager,9787.66,1840.1,3814.58,7947.56,1260.3,6687.25,107.45,13709.68,2023-04-01
228,Manager,15112.6,2878.24,5037.47,12234.36,2109.55,10124.82,19.64,20169.71,2023-04-01
229,Manager,19943.12,4152.63,6653.15,15790.5,2320.17,13470.32,0.76,26597.03,2023-04-01
230,Manager,8204.55,1677.63,3393.56,6526.91,1082.71,5444.21,132.2,11730.31,2023-04-01
231,Manager,16823.96,3044.51,6355.79,13779.44,2122.1,11657.34,134.68,23314.42,2023-04-01
232,Manager,12123.71,2393.9,3629.29,9729.81,1595.75,8134.06,131.21,15884.21,2023-04-01
233,Manager,15329.24,3004.71,4484.71,12324.54,2168.47,10156.07,64.56,19878.52,2023-04-01
234,Manager,14042.97,3215.98,3605.46,10826.99,1644.07,9182.92,129.2,17777.62,2023-04-01
235,Manager,17463.54,3910.14,5432.59,13553.4,2265.5,11287.91,70.81,22966.95,2023-04-01
236,Manager,12144.18,2911.49,3641.71,9232.69,1645.19,7587.5,58.39,15844.28,2023-04-01
237,Manager,8426.06,1966.93,2149.01,6459.14,1004.56,5454.57,41.88,10616.95,2023-04-01
238,Manager,10355.76,1914.03,3609.74,8441.73,1225.9,7215.83,45.36,14010.86,2023-04-01
239,Manager,10717.45,2442.65,2953.66,8274.8,1246.1,7028.7,47.75,13718.86,2023-04-01
240,Manager,15425.29,3690.41,4051.85,11734.89,2087.22,9647.66,50.96,19528.1,2023-04-01
241,Manager,10278.09,2072.49,2669.47,8205.6,1324.97,6880.63,123.71,13071.26,2023-04-01
242,Manager,15450.92,3205.56,6141.96,12245.36,1817.28,10428.08,26.48,21619.36,2023-04-01
243,Manager,7034.99,1362.88,2754.54,5672.11,922.96,4749.15,136.46,9926.0,2023-04-01
244,Manager,11611.77,2117.16,4151.7,9494.62,1594.54,7900.07,14.2,15777.67,2023-04-01
245,Manager,12311.48,2588.36,3990.12,9723.12,1452.17,8270.95,72.59,16374.19,2023-04-01
246,Manager,13200.41,3074.45,3727.88,10125.95,1498.15,8627.8,67.71,16995.99,2023-04-01
247,Manager,18747.89,3938.85,4901.65,14809.04,2257.7,12551.34,4.76,23654.3,2023-04-01
248,Manager,7757.94,1565.87,2096.72,6192.08,1053.42,5138.66,85.19,9939.85,2023-04-01
249,Manager,22491.69,4738.05,9349.32,17753.64,2527.02,15226.62,90.94,31931.96,2023-04-01
1,Intern,955.76,208.26,360.73,747.5,0.0,747.5,45.59,1362.08,2023-05-01
2,Intern,653.96,137.74,164.38,516.22,0.0,516.22,73.5,891.84,2023-05-01
3,Intern,632.45,132.08,182.85,500.36,0.0,500.36,117.69,932.98,2023-05-01
4,Intern,804.98,192.17,225.49,612.81,0.0,612.81,41.43,1071.9,2023-05-01
5,Intern,848.32,166.47,243.7,681.85,0.0,681.85,35.45,1127.47,2023-05-01
6,Intern,720.99,146.28,297.59,574.71,0.0,574.71,71.23,1089.82,2023-05-01
7,Intern,572.22,110.11,215.33,462.1,0.0,462.1,66.27,853.82,2023-05-01
8,Intern,867.9,161.24,345.47,706.66,0.0,706.66,101.53,1314.89,2023-05-01
9,Intern,817.01,152.72,204.43,664.29,0.0,664.29,7.86,1029.3,2023-05-01
10,Intern,921.8,182.26,350.52,739.54,0.0,739.54,30.66,1302.99,2023-05-01
11,Intern,739.59,136.52,280.01,603.07,0.0,603.07,118.01,1137.61,2023-05-01
12,Intern,613.89,139.45,193.46,474.44,0.0,474.44,29.84,837.19,2023-05-01
13,Junior,2006.29,364.23,751.28,1642.06,82.8,1559.26,33.9,2791.48,2023-05-01
14,Junior,1630.8,338.58,491.0,1292.22,0.0,1292.22,57.16,2178.96,2023-05-01
15,Junior,1513.37,275.47,602.06,1237.9,0.0,1237.9,22.45,2137.89,2023-05-01
16,Junior,2517.63,595.09,844.38,1922.54,87.4,1835.14,56.18,3418.19,2023-05-01
17,Junior,2442.19,451.15,974.71,1991.04,111.22,1879.81,62.92,3479.82,2023-05-01
18,Junior,1952.45,407.14,633.65,1545.31,105.69,1439.62,125.47,2711.58,2023-05-01
19,Junior,2347.99,512.0,644.22,1835.99,103.45,1732.54,2.05,2994.25,2023-05-01
20,Junior,2360.13,488.51,630.52,1871.62,60.01,1811.61,44.37,3035.02,2023-05-01
21,Junior,3457.39,630.08,1332.77,2827.31,286.05,2541.26,122.51,4912.67,2023-05-01
22,Junior,2290.5,506.01,917.37,1784.48,101.68,1682.8,83.02,3290.89,2023-05-01
23,Junior,2615.29,604.93,734.59,2010.36,79.73,1930.62,94.54,3444.42,2023-05-01
24,Junior,2399.99,467.78,915.25,1932.2,83.49,1848.72,39.7,3354.94,2023-05-01
25,Junior,2888.02,603.93,1047.07,2284.09,141.09,2143.0,120.94,4056.02,2023-05-01
26,Junior,2248.19,417.04,863.9,1831.15,101.22,1729.93,14.98,3127.07,2023-05-01
27,Junior,2946.64,548.04,893.05,2398.6,137.42,2261.17,144.1,3983.79,2023-05-01
28,Junior,2007.22,462.0,783.98,1545.22,63.13,1482.09,103.88,2895.08,2023-05-01
29,Junior,2048.95,386.56,681.14,1662.39,94.09,1568.3,69.94,2800.03,2023-05-01
30,Junior,2070.02,477.91,800.52,1592.11,65.64,1526.47,82.46,2953.0,2023-05-01
31,Junior,2064.56,462.75,547.59,1601.81,59.02,1542.8,52.99,2665.15,2023-05-01
32,Junior,1778.45,420.73,593.93,1357.73,0.0,1357.73,83.2,2455.58,2023-05-01
33,Junior,3206.52,646.73,1188.89,2559.79,199.35,2360.44,23.93,4419.34,2023-05-01
34,Junior,1971.93,468.48,674.92,1503.44,51.07,1452.38,146.99,2793.83,2023-05-01
35,Junior,1964.98,375.44,699.34,1589.54,108.15,1481.38,62.0,2726.32,2023-05-01
36,Junior,3059.44,653.23,1276.92,2406.21,122.5,2283.72,114.32,4450.67,2023-05-01
37,Junior,2013.16,456.84,573.05,1556.32,85.85,1470.47,123.29,2709.5,2023-05-01
38,Junior,2869.89,670.07,1033.9,2199.82,121.45,2078.37,9.38,3913.17,2023-05-01
39,Junior,1923.14,425.23,791.67,1497.91,0.0,1497.91,130.92,2845.73,2023-05-01
40,Junior,2391.54,571.15,735.96,1820.39,125.14,1695.25,124.97,3252.46,2023-05-01
41,Junior,2802.72,534.58,1006.92,2268.14,156.94,2111.2,15.34,3824.98,2023-05-01
42,Junior,1713.79,377.23,490.21,1336.56,0.0,1336.56,131.0,2335.0,2023-05-01
43,Junior,1955.35,440.52,741.38,1514.83,51.29,1463.54,25.6,2722.33,2023-05-01
44,Junior,1803.46,367.57,642.08,1435.89,0.0,1435.89,146.35,2591.89,2023-05-01
45,Junior,2494.18,512.93,846.21,1981.25,102.07,1879.18,82.73,3423.12,2023-05-01
46,Junior,2587.04,479.01,971.78,2108.03,141.84,1966.19,128.88,3687.69,2023-05-01
47,Junior,1871.26,416.83,551.21,1454.44,0.0,1454.44,66.68,2489.15,2023-05-01
48,Junior,2863.22,548.65,1008.09,2314.57,153.08,2161.49,9.7,3881.0,2023-05-01
49,Junior,2340.93,497.73,769.79,1843.2,114.74,1728.45,128.37,3239.1,2023-05-01
50,Junior,1983.19,370.57,554.94,1612.61,92.22,1520.4,23.2,2561.32,2023-05-01
51,Junior,1889.18,373.67,712.97,1515.51,54.25,1461.26,45.77,2647.91,2023-05-01
52,Junior,2048.04,459.55,750.92,1588.49,61.91,1526.58,23.53,2822.49,2023-05-01
53,Junior,1707.75,388.38,430.71,1319.37,0.0,1319.37,129.42,2267.87,2023-05-01
54,Junior,2686.9,545.22,959.05,2141.68,124.33,2017.35,89.06,3735.01,2023-05-01
55,Junior,2350.43,461.57,972.36,1888.86,81.26,1807.59,108.54,3431.33,2023-05-01
56,Junior,2086.61,465.87,728.94,1620.74,96.37,1524.38,60.11,2875.66,2023-05-01
57,Junior,1995.24,416.61,587.97,1578.64,57.51,1521.12,94.56,2677.77,2023-05-01
58,Junior,2360.17,465.06,653.6,1895.11,68.75,1826.36,143.71,3157.48,2023-05-01
59,Junior,2157.27,497.0,544.78,1660.26,62.71,1597.55,64.33,2766.38,2023-05-01
60,Junior,2542.17,460.56,864.23,2081.61,118.45,1963.16,75.01,3481.41,2023-05-01
61,Junior,2747.04,656.65,704.59,2090.4,111.09,1979.31,8.07,3459.7,2023-05-01
62,Junior,2453.78,483.9,857.75,1969.88,85.09,1884.79,139.3,3450.83,2023-05-01
63,Junior,1922.31,377.07,599.23,1545.24,105.86,1439.38,31.9,2553.44,2023-05-01
64,Junior,2674.73,589.62,970.17,2085.1,123.27,1961.83,119.8,3764.7,2023-05-01
65,Junior,2555.74,500.13,993.24,2055.61,63.67,1991.94,7.43,3556.41,2023-05-01
66,Junior,1921.15,388.55,597.42,1532.6,100.58,1432.02,81.98,2600.56,2023-05-01
67,Junior,2670.74,562.73,1098.15,2108.02,80.67,2027.35,146.1,3915.0,2023-05-01
68,Junior,1683.7,306.54,544.69,1377.16,0.0,1377.16,65.32,2293.7,2023-05-01
69,Junior,2034.28,431.85,721.56,1602.43,70.68,1531.75,5.08,2760.91,2023-05-01
70,Junior,1962.18,435.39,530.77,1526.79,86.49,1440.3,51.16,2544.11,2023-05-01
71,Junior,2795.59,623.78,720.95,2171.81,71.91,2099.9,36.09,3552.64,2023-05-01
72,Junior,1856.2,431.92,692.35,1424.28,0.0,1424.28,78.84,2627.4,2023-05-01
73,Junior,2236.21,472.59,692.88,1763.62,115.45,1648.17,5.29,2934.38,2023-05-01
74,Junior,1845.61,372.34,560.51,1473.27,0.0,1473.27,143.69,2549.82,2023-05-01
75,Mid-Level,3278.11,770.97,873.87,2507.15,207.68,2299.47,120.67,4272.65,2023-05-01
76,Mid-Level,3587.71,781.74,1293.64,2805.97,229.98,2575.98,92.48,4973.83,2023-05-01
77,Mid-Level,5313.77,1127.98,1987.01,4185.79,469.47,3716.32,118.81,7419.59,2023-05-01
78,Mid-Level,3470.72,682.95,1152.95,2787.76,263.77,2524.0,139.52,4763.18,2023-05-01
79,Mid-Level,3492.56,774.45,1289.16,2718.11,210.08,2508.02,131.92,4913.64,2023-05-01
80,Mid-Level,2867.94,605.0,919.91,2262.94,143.95,2118.99,106.97,3894.82,2023-05-01
81,Mid-Level,4417.27,924.63,1791.99,3492.64,288.43,3204.2,106.24,6315.5,2023-05-01
82,Mid-Level,2602.1,564.91,785.23,2037.19,111.89,1925.3,52.93,3440.25,2023-05-01
83,Mid-Level,3913.82,830.53,1210.08,3083.29,253.54,2829.75,135.01,5258.91,2023-05-01
84,Mid-Level,4245.23,974.17,1620.84,3271.07,343.53,2927.54,62.74,5928.82,2023-05-01
85,Mid-Level,2574.86,546.12,904.72,2028.74,62.09,1966.65,47.93,3527.51,2023-05-01
86,Mid-Level,3491.81,767.6,1261.45,2724.21,226.64,2497.57,2.36,4755.62,2023-05-01
87,Mid-Level,2438.85,524.79,999.72,1914.06,129.81,1784.25,16.19,3454.76,2023-05-01
88,Mid-Level,2864.3,574.61,746.41,2289.69,125.84,2163.85,14.26,3624.97,2023-05-01
89,Mid-Level,4159.33,976.18,1127.73,3183.15,339.73,2843.43,54.7,5341.76,2023-05-01
90,Mid-Level,3753.04,796.54,1197.83,2956.49,273.17,2683.32,67.77,5018.64,2023-05-01
91,Mid-Level,4723.14,1032.4,1583.94,3690.74,515.08,3175.66,122.36,6429.44,2023-05-01
92,Mid-Level,4059.88,943.95,1335.89,3115.93,237.64,2878.29,3.0,5398.77,2023-05-01
93,Mid-Level,3373.11,658.99,1283.25,2714.12,212.17,2501.96,24.76,4681.13,2023-05-01
94,Mid-Level,3682.87,837.84,988.91,2845.03,279.41,2565.62,141.63,4813.41,2023-05-01
95,Mid-Level,2753.76,530.3,826.37,2223.46,115.97,2107.49,145.9,3726.03,2023-05-01
96,Mid-Level,5788.29,1386.92,2301.07,4401.37,594.61,3806.76,60.05,8149.41,2023-05-01
97,Mid-Level,4044.93,966.34,1188.6,3078.59,278.21,2800.38,95.99,5329.53,2023-05-01
98,Mid-Level,3941.58,849.3,1194.31,3092.28,247.9,2844.37,55.35,5191.24,2023-05-01
99,Mid-Level,5216.92,1008.08,2016.13,4208.84,490.82,3718.02,138.73,7371.78,2023-05-01
100,Mid-Level,4284.52,803.31,1279.18,3481.21,326.73,3154.48,106.48,5670.18,2023-05-01
101,Mid-Level,3754.32,871.13,990.91,2883.19,212.85,2670.34,144.83,4890.06,2023-05-01
102,Mid-Level,2764.21,548.78,1020.56,2215.43,107.57,2107.86,130.76,3915.53,2023-05-01
103,Mid-Level,3111.25,605.65,819.42,2505.6,247.11,2258.49,19.96,3950.62,2023-05-01
104,Mid-Level,3669.76,772.61,1290.42,2897.15,235.92,2661.23,31.63,4991.82,2023-05-01
105,Mid-Level,3365.37,762.82,1072.81,2602.55,278.4,2324.15,34.98,4473.16,2023-05-01
106,Mid-Level,4088.8,880.67,1288.53,3208.13,272.24,2935.88,100.68,5478.01,2023-05-01
107,Mid-Level,3391.02,710.06,919.17,2680.96,194.67,2486.28,62.54,4372.72,2023-05-01
108,Mid-Level,4140.87,800.33,1075.93,3340.54,279.86,3060.68,98.63,5315.43,2023-05-01
109,Mid-Level,3423.97,645.69,1329.87,2778.28,234.85,2543.43,76.39,4830.23,2023-05-01
110,Mid-Level,3020.32,640.69,871.33,2379.64,159.55,2220.09,5.53,3897.19,2023-05-01
111,Mid-Level,4546.69,1001.4,1563.17,3545.29,478.64,3066.64,92.97,6202.82,2023-05-01
112,Mid-Level,4559.07,1028.39,1457.64,3530.69,395.45,3135.23,44.02,6060.73,2023-05-01
113,Mid-Level,4469.71,1065.56,1436.51,3404.15,275.29,3128.86,108.62,6014.83,2023-05-01
114,Mid-Level,5763.16,1246.11,1690.13,4517.04,553.68,3963.37,44.22,7497.51,2023-05-01
115,Mid-Level,3795.18,905.11,1228.84,2890.07,275.33,2614.74,119.62,5143.64,2023-05-01
116,Mid-Level,5084.51,1129.93,1684.29,3954.57,553.2,3401.37,137.58,6906.37,2023-05-01
117,Mid-Level,4731.17,897.5,1869.16,3833.67,422.93,3410.74,139.09,6739.42,2023-05-01
118,Mid-Level,3454.6,697.2,1111.07,2757.41,213.56,2543.85,51.73,4617.4,2023-05-01
119,Mid-Level,2418.65,459.7,941.7,1958.96,101.77,1857.18,146.35,3506.7,2023-05-01
120,Mid-Level,4600.34,945.12,1602.42,3655.21,405.9,3249.32,125.75,6328.5,2023-05-01
121,Mid-Level,5628.29,1345.2,1639.15,4283.09,542.88,3740.21,106.43,7373.87,2023-05-01
122,Mid-Level,3038.78,622.27,1265.54,2416.51,75.62,2340.88,94.62,4398.94,2023-05-01
123,Mid-Level,5379.19,1136.33,2217.96,4242.86,515.93,3726.93,148.11,7745.25,2023-05-01
124,Mid-Level,4167.09,852.17,1300.27,3314.92,352.82,2962.1,149.07,5616.43,2023-05-01
125,Mid-Level,3283.26,645.19,1259.15,2638.07,261.53,2376.54,93.86,4636.26,2023-05-01
126,Mid-Level,3350.2,620.23,941.77,2729.98,238.94,2491.03,96.33,4388.31,2023-05-01
127,Mid-Level,3742.33,808.0,1151.31,2934.33,317.25,2617.08,135.74,5029.38,2023-05-01
128,Mid-Level,3420.87,780.85,1310.13,2640.02,196.69,2443.33,95.25,4826.25,2023-05-01
129,Mid-Level,3546.73,673.47,912.62,2873.26,264.43,2608.83,7.69,4467.04,2023-05-01
130,Mid-Level,4324.19,919.69,1753.09,3404.51,360.89,3043.62,29.39,6106.68,2023-05-01
131,Mid-Level,2654.12,515.5,908.86,2138.62,79.19,2059.43,99.41,3662.39,2023-05-01
132,Mid-Level,3810.65,714.61,1096.54,3096.04,258.18,2837.86,108.21,5015.4,2023-05-01
133,Mid-Level,4956.32,1027.97,2079.47,3928.35,433.29,3495.06,65.52,7101.32,2023-05-01
134,Mid-Level,3256.91,733.73,866.52,2523.18,223.5,2299.68,134.75,4258.18,2023-05-01
135,Mid-Level,3700.98,860.23,1399.11,2840.74,310.13,2530.62,25.97,5126.06,2023-05-01
136,Mid-Level,5156.99,972.21,2104.93,4184.78,510.32,3674.46,147.3,7409.23,2023-05-01
137,Mid-Level,4040.04,754.65,1647.4,3285.38,234.46,3050.92,84.85,5772.29,2023-05-01
138,Mid-Level,4233.2,797.51,1453.39,3435.69,323.75,3111.94,55.21,5741.8,2023-05-01
139,Mid-Level,2589.21,592.89,758.8,1996.32,130.74,1865.58,100.16,3448.17,2023-05-01
140,Mid-Level,3259.94,622.96,940.2,2636.98,220.94,2416.04,49.85,4249.99,2023-05-01
141,Mid-Level,2551.55,513.03,862.33,2038.52,119.86,1918.66,27.18,3441.06,2023-05-01
142,Mid-Level,4164.16,837.8,1509.83,3326.35,294.74,3031.61,61.99,5735.98,2023-05-01
143,Mid-Level,3836.62,713.7,1203.99,3122.92,295.37,2827.54,61.23,5101.84,2023-05-01
144,Mid-Level,2990.6,650.62,878.73,2339.98,89.87,2250.11,63.01,3932.34,2023-05-01
145,Mid-Level,3020.59,619.63,1246.21,2400.96,153.7,2247.26,122.17,4388.97,2023-05-01
146,Mid-Level,3336.73,737.91,1080.93,2598.82,247.23,2351.6,83.09,4500.75,2023-05-01
147,Mid-Level,4205.36,941.93,1710.13,3263.43,325.57,2937.86,22.97,5938.46,2023-05-01
148,Mid-Level,4057.86,761.41,1634.04,3296.45,330.78,2965.66,92.23,5784.13,2023-05-01
149,Mid-Level,3537.11,640.92,891.3,2896.19,269.97,2626.22,83.29,4511.7,2023-05-01
150,Mid-Level,3992.75,945.84,1336.11,3046.91,223.99,2822.92,145.63,5474.48,2023-05-01
151,Mid-Level,4489.91,1055.79,1818.78,3434.12,286.86,3147.26,59.77,6368.46,2023-05-01
152,Mid-Level,2737.86,582.97,784.84,2154.88,112.23,2042.66,63.02,3585.71,2023-05-01
153,Mid-Level,3932.84,782.81,1360.16,3150.03,345.7,2804.33,101.94,5394.94,2023-05-01
154,Mid-Level,4957.94,1150.9,1809.22,3807.05,466.09,3340.96,146.93,6914.09,2023-05-01
155,Mid-Level,2634.58,544.44,872.09,2090.14,66.44,2023.7,99.14,3605.81,2023-05-01
156,Mid-Level,3758.77,776.52,1021.55,2982.25,319.18,2663.07,9.49,4789.81,2023-05-01
157,Mid-Level,3321.74,652.7,1179.7,2669.04,210.34,2458.71,86.94,4588.38,2023-05-01
158,Mid-Level,2499.37,469.67,843.05,2029.7,99.04,1930.66,96.71,3439.13,2023-05-01
159,Mid-Level,3532.26,705.56,1206.5,2826.7,218.21,2608.49,149.25,4888.02,2023-05-01
160,Mid-Level,3372.67,751.86,1221.09,2620.81,244.74,2376.07,15.95,4609.7,2023-05-01
161,Mid-Level,3425.48,707.03,1365.05,2718.45,236.76,2481.7,143.06,4933.6,2023-05-01
162,Mid-Level,3581.69,720.49,1267.37,2861.2,254.22,2606.98,57.8,4906.86,2023-05-01
163,Mid-Level,3187.34,596.67,962.42,2590.67,256.4,2334.27,144.44,4294.19,2023-05-01
164,Mid-Level,7120.95,1476.83,2742.79,5644.12,915.91,4728.21,101.92,9965.66,2023-05-01
165,Mid-Level,4257.29,840.78,1666.04,3416.51,297.79,3118.72,57.28,5980.61,2023-05-01
166,Mid-Level,4924.77,1163.5,1647.38,3761.27,496.18,3265.09,94.11,6666.26,2023-05-01
167,Mid-Level,4277.03,875.39,1179.44,3401.64,246.87,3154.77,90.11,5546.58,2023-05-01
168,Mid-Level,2559.91,532.91,709.09,2027.0,121.64,1905.36,96.58,3365.58,2023-05-01
169,Mid-Level,2657.33,537.75,1043.98,2119.58,98.65,2020.93,31.0,3732.32,2023-05-01
170,Mid-Level,3410.3,627.24,1119.14,2783.06,267.8,2515.26,119.32,4648.77,2023-05-01
171,Mid-Level,5503.53,1095.86,2226.81,4407.67,529.99,3877.68,147.53,7877.87,2023-05-01
172,Mid-Level,5960.29,1319.55,2138.84,4640.74,612.86,4027.87,21.09,8120.22,2023-05-01
173,Mid-Level,3881.93,785.16,1438.78,3096.77,295.36,2801.41,61.31,5382.02,2023-05-01
174,Mid-Level,3890.6,850.18,1219.25,3040.42,247.79,2792.63,45.53,5155.37,2023-05-01
175,Senior,5100.15,1145.2,1480.74,3954.95,518.53,3436.41,138.6,6719.49,2023-05-01
176,Senior,8407.57,1571.52,2624.4,6836.05,999.74,5836.31,57.99,11089.96,2023-05-01
177,Senior,6549.27,1319.8,2689.36,5229.47,750.94,4478.54,133.42,9372.05,2023-05-01
178,Senior,9359.36,2223.51,2401.63,7135.85,1277.52,5858.33,9.29,11770.27,2023-05-01
179,Senior,4814.45,1057.02,1244.52,3757.43,476.34,3281.09,44.28,6103.26,2023-05-01
180,Senior,5348.03,1126.98,2024.73,4221.04,565.79,3655.26,122.97,7495.73,2023-05-01
181,Senior,9589.25,2075.03,3964.55,7514.22,1093.17,6421.05,115.17,13668.96,2023-05-01
182,Senior,5010.29,1022.5,1449.0,3987.8,464.16,3523.63,44.75,6504.04,2023-05-01
183,Senior,6181.88,1461.04,1640.38,4720.83,650.18,4070.65,7.62,7829.88,2023-05-01
184,Senior,6504.16,1559.64,2465.48,4944.52,670.05,4274.48,7.64,8977.28,2023-05-01
185,Senior,3477.36,654.87,945.53,2822.49,233.07,2589.42,5.94,4428.84,2023-05-01
186,Senior,7357.3,1708.88,2350.0,5648.43,821.65,4826.77,137.16,9844.46,2023-05-01
187,Senior,7466.11,1442.28,2256.29,6023.82,997.14,5026.69,49.98,9772.38,2023-05-01
188,Senior,4075.14,961.26,1637.89,3113.88,275.05,2838.83,69.77,5782.8,2023-05-01
189,Senior,4720.55,939.57,1433.58,3780.97,472.68,3308.29,102.39,6256.52,2023-05-01
190,Senior,6401.78,1448.46,1872.49,4953.32,635.98,4317.34,30.95,8305.21,2023-05-01
191,Senior,7038.09,1398.64,2647.51,5639.44,859.82,4779.62,132.95,9818.54,2023-05-01
192,Senior,7579.21,1643.48,2232.78,5935.73,875.96,5059.77,0.45,9812.44,2023-05-01
193,Senior,9557.85,1730.12,3609.85,7827.74,1239.22,6588.52,17.07,13184.77,2023-05-01
194,Senior,5393.94,1113.93,2055.65,4280.01,476.36,3803.65,95.86,7545.45,2023-05-01
195,Senior,6978.81,1426.7,1951.2,5552.11,781.55,4770.56,76.15,9006.17,2023-05-01
196,Senior,5358.95,1236.12,1774.67,4122.83,560.68,3562.15,49.93,7183.55,2023-05-01
197,Senior,6057.53,1222.93,2320.5,4834.59,581.25,4253.35,133.26,8511.29,2023-05-01
198,Senior,8373.06,1718.83,2534.46,6654.23,1106.84,5547.39,49.83,10957.36,2023-05-01
199,Senior,7557.54,1409.58,2966.09,6147.95,1017.97,5129.98,11.81,10535.44,2023-05-01
200,Senior,6127.19,1211.23,2123.74,4915.96,550.45,4365.51,49.58,8300.51,2023-05-01
201,Senior,5332.42,1038.09,1537.24,4294.33,586.9,3707.43,29.56,6899.22,2023-05-01
202,Senior,5609.35,1075.77,1876.93,4533.58,613.59,3919.99,82.97,7569.25,2023-05-01
203,Senior,5532.8,1242.35,1534.1,4290.45,487.97,3802.48,91.16,7158.06,2023-05-01
204,Senior,4173.97,968.99,1391.81,3204.98,251.19,2953.8,61.99,5627.77,2023-05-01
205,Senior,6313.71,1327.86,1897.64,4985.85,571.39,4414.46,128.5,8339.85,2023-05-01
206,Senior,4421.89,898.37,1193.38,3523.52,448.34,3075.18,53.92,5669.18,2023-05-01
207,Senior,9101.43,1803.98,3276.23,7297.45,1049.05,6248.4,125.22,12502.88,2023-05-01
208,Senior,8870.14,1630.94,3018.89,7239.2,1123.22,6115.98,29.64,11918.67,2023-05-01
209,Senior,5076.44,1175.91,1472.62,3900.53,489.97,3410.56,69.73,6618.8,2023-05-01
210,Senior,6798.76,1311.85,1979.5,5486.91,822.91,4664.0,59.97,8838.23,2023-05-01
211,Senior,7890.53,1698.67,2999.66,6191.87,892.29,5299.57,35.02,10925.22,2023-05-01
212,Senior,7276.05,1398.85,2176.12,5877.2,867.45,5009.75,66.25,9518.42,2023-05-01
213,Senior,7124.67,1646.17,2406.96,5478.51,783.96,4694.55,50.25,9581.88,2023-05-01
214,Senior,6848.57,1331.76,2415.44,5516.81,978.73,4538.09,74.28,9338.29,2023-05-01
215,Senior,5018.11,993.55,1620.42,4024.56,517.59,3506.97,50.79,6689.31,2023-05-01
216,Senior,5150.05,1077.47,1725.78,4072.59,450.23,3622.36,89.59,6965.42,2023-05-01
217,Senior,7835.16,1641.83,2454.9,6193.33,970.34,5222.99,86.76,10376.82,2023-05-01
218,Senior,4752.86,1036.04,1192.53,3716.82,458.2,3258.63,60.43,6005.82,2023-05-01
219,Senior,6889.48,1414.96,2783.11,5474.52,841.77,4632.75,106.73,9779.32,2023-05-01
220,Senior,7870.64,1432.02,2895.16,6438.62,1149.12,5289.5,103.09,10868.89,2023-05-01
221,Senior,4178.33,996.72,1385.86,3181.61,226.83,2954.78,56.5,5620.69,2023-05-01
222,Senior,9302.5,2203.69,2908.39,7098.81,1268.83,5829.98,49.47,12260.36,2023-05-01
223,Senior,4814.67,1049.36,1435.36,3765.31,423.13,3342.18,0.97,6251.0,2023-05-01
224,Senior,6150.73,1468.39,1966.82,4682.34,634.45,4047.88,100.85,8218.4,2023-05-01
225,Manager,23270.73,5212.43,9392.89,18058.31,2962.34,15095.97,93.29,32756.91,2023-05-01
226,Manager,18307.39,3918.08,6898.72,14389.31,2458.69,11930.62,36.48,25242.6,2023-05-01
227,Manager,9629.84,2060.65,2510.85,7569.19,1289.04,6280.15,127.36,12268.05,2023-05-01
228,Manager,15170.76,3095.29,6311.52,12075.47,1696.83,10378.64,53.26,21535.53,2023-05-01
229,Manager,19998.32,4504.81,5512.78,15493.51,2474.57,13018.93,77.83,25588.93,2023-05-01
230,Manager,8267.12,1613.08,2337.43,6654.03,1065.97,5588.06,122.14,10726.69,2023-05-01
231,Manager,19934.56,4239.85,8054.23,15694.72,2782.13,12912.59,90.32,28079.11,2023-05-01
232,Manager,12044.83,2721.25,4691.07,9323.58,1306.07,8017.52,100.59,16836.49,2023-05-01
233,Manager,15322.58,2909.32,6102.82,12413.26,2187.34,10225.93,119.6,21545.0,2023-05-01
234,Manager,14038.15,3117.81,4553.3,10920.34,1950.11,8970.23,126.81,18718.26,2023-05-01
235,Manager,17412.85,3707.5,5298.28,13705.35,2205.59,11499.75,134.68,22845.81,2023-05-01
236,Manager,12166.31,2869.59,4022.78,9296.72,1662.5,7634.22,44.05,16233.15,2023-05-01
237,Manager,10465.57,2195.87,3876.24,8269.7,1256.03,7013.66,98.17,14439.98,2023-05-01
238,Manager,11581.19,2365.99,4850.13,9215.21,1635.93,7579.27,82.89,16514.21,2023-05-01
239,Manager,10684.99,1998.79,2875.34,8686.19,1233.89,7452.3,5.31,13565.64,2023-05-01
240,Manager,21047.86,4923.42,8179.19,16124.45,2258.62,13865.82,5.38,29232.44,2023-05-01
241,Manager,10323.26,2131.43,3296.54,8191.83,1337.19,6854.64,22.04,13641.84,2023-05-01
242,Manager,15445.65,3547.71,5741.26,11897.94,1836.74,10061.21,27.19,21214.11,2023-05-01
243,Manager,10892.86,2474.64,4092.7,8418.22,1471.43,6946.8,38.59,15024.15,2023-05-01
244,Manager,11575.54,2674.45,3412.8,8901.09,1379.15,7521.93,137.63,15125.96,2023-05-01
245,Manager,17940.49,4155.42,5200.05,13785.06,2332.66,11452.4,62.88,23203.42,2023-05-01
246,Manager,17026.84,3535.44,6173.35,13491.4,1986.63,11504.77,41.67,23241.86,2023-05-01
247,Manager,18805.0,3772.77,4891.72,15032.23,2698.4,12333.83,24.24,23720.96,2023-05-01
248,Manager,7770.03,1830.28,2552.41,5939.74,884.41,5055.34,73.59,10396.03,2023-05-01
249,Manager,29121.96,5812.83,9020.8,23309.12,3695.14,19613.98,112.46,38255.21,2023-05-01
1,Intern,951.78,176.92,247.05,774.86,0.0,774.86,13.98,1212.8,2023-06-01
2,Intern,668.34,132.49,206.98,535.85,0.0,535.85,148.36,1023.68,2023-06-01
3,Intern,617.28,132.09,224.89,485.19,0.0,485.19,141.76,983.93,2023-06-01
4,Intern,780.19,159.18,323.49,621.01,0.0,621.01,109.97,1213.65,2023-06-01
5,Intern,828.02,150.83,292.35,677.19,0.0,677.19,141.75,1262.12,2023-06-01
6,Intern,677.08,127.38,284.04,549.7,0.0,549.7,12.88,973.99,2023-06-01
7,Intern,557.74,122.15,205.46,435.59,0.0,435.59,9.21,772.42,2023-06-01
8,Intern,872.71,160.05,250.26,712.66,0.0,712.66,32.47,1155.44,2023-06-01
9,Intern,789.59,170.45,218.84,619.14,0.0,619.14,71.69,1080.12,2023-06-01
10,Intern,897.73,165.54,315.9,732.19,0.0,732.19,63.73,1277.36,2023-06-01
11,Intern,750.94,136.32,212.81,614.63,0.0,614.63,90.57,1054.33,2023-06-01
12,Intern,623.73,115.07,187.27,508.66,0.0,508.66,96.6,907.6,2023-06-01
13,Junior,2004.39,468.69,568.6,1535.7,62.28,1473.42,21.89,2594.87,2023-06-01
14,Junior,1665.84,314.5,600.48,1351.34,0.0,1351.34,105.25,2371.56,2023-06-01
15,Junior,1564.94,335.33,501.21,1229.61,0.0,1229.61,131.65,2197.8,2023-06-01
16,Junior,2541.95,560.74,750.46,1981.22,122.38,1858.83,90.12,3382.54,2023-06-01
17,Junior,2461.98,532.35,710.05,1929.63,131.3,1798.33,145.71,3317.74,2023-06-01
18,Junior,2007.61,392.73,526.68,1614.88,83.7,1531.19,15.35,2549.64,2023-06-01
19,Junior,2339.27,473.81,953.65,1865.46,114.11,1751.36,8.17,3301.09,2023-06-01
20,Junior,2406.72,563.25,937.91,1843.47,64.14,1779.33,139.84,3484.47,2023-06-01
21,Junior,3453.87,731.37,989.47,2722.51,290.86,2431.65,15.18,4458.52,2023-06-01
22,Junior,2327.09,479.04,915.28,1848.05,125.9,1722.15,66.55,3308.92,2023-06-01
23,Junior,2684.88,558.63,1123.52,2126.25,94.08,2032.17,14.9,3823.3,2023-06-01
24,Junior,2410.77,485.87,748.35,1924.9,85.42,1839.48,0.28,3159.4,2023-06-01
25,Junior,2885.32,675.97,936.17,2209.35,134.69,2074.66,80.08,3901.57,2023-06-01
26,Junior,2276.94,482.22,844.93,1794.72,70.03,1724.69,39.43,3161.29,2023-06-01
27,Junior,2897.32,542.31,773.42,2355.01,114.11,2240.9,117.48,3788.21,2023-06-01
28,Junior,1991.42,389.53,822.66,1601.89,95.17,1506.71,136.96,2951.04,2023-06-01
29,Junior,2005.69,378.71,613.41,1626.98,112.28,1514.7,19.97,2639.07,2023-06-01
30,Junior,2079.69,424.58,598.03,1655.11,79.99,1575.12,38.99,2716.71,2023-06-01
31,Junior,2022.85,471.35,721.49,1551.5,84.32,1467.18,109.54,2853.87,2023-06-01
32,Junior,1751.16,353.04,471.68,1398.12,0.0,1398.12,106.27,2329.11,2023-06-01
33,Junior,3233.94,672.48,1316.51,2561.46,181.45,2380.01,120.13,4670.58,2023-06-01
34,Junior,1993.52,434.57,534.52,1558.95,87.1,1471.85,20.35,2548.39,2023-06-01
35,Junior,1900.51,387.51,543.61,1513.0,49.02,1463.98,66.44,2510.57,2023-06-01
36,Junior,3062.51,733.16,1053.24,2329.35,158.2,2171.15,54.27,4170.02,2023-06-01
37,Junior,2036.52,488.36,542.44,1548.16,80.18,1467.98,50.75,2629.72,2023-06-01
38,Junior,2854.99,559.77,832.18,2295.22,69.24,2225.98,18.15,3705.32,2023-06-01
39,Junior,1940.82,450.42,525.86,1490.4,0.0,1490.4,86.8,2553.47,2023-06-01
40,Junior,2961.25,655.36,892.67,2305.88,100.78,2205.11,34.44,3888.36,2023-06-01
41,Junior,2842.26,671.67,757.74,2170.59,89.32,2081.26,128.57,3728.57,2023-06-01
42,Junior,1728.17,339.1,459.13,1389.08,0.0,1389.08,2.29,2189.59,2023-06-01
43,Junior,1929.72,421.9,790.21,1507.82,64.3,1443.51,98.68,2818.61,2023-06-01
44,Junior,1781.38,334.76,573.78,1446.62,0.0,1446.62,87.75,2442.91,2023-06-01
45,Junior,3137.31,603.7,1236.32,2533.62,225.58,2308.03,57.27,4430.91,2023-06-01
46,Junior,2594.8,574.06,845.56,2020.74,98.65,1922.09,26.15,3466.52,2023-06-01
47,Junior,2426.67,470.17,997.0,1956.49,98.07,1858.42,126.81,3550.48,2023-06-01
48,Junior,2878.15,571.32,871.69,2306.82,112.81,2194.01,119.81,3869.65,2023-06-01
49,Junior,2393.46,546.53,628.88,1846.93,85.9,1761.02,94.65,3116.99,2023-06-01
50,Junior,1944.75,393.65,675.69,1551.1,101.62,1449.48,35.27,2655.71,2023-06-01
51,Junior,1799.09,406.57,498.71,1392.52,0.0,1392.52,128.7,2426.5,2023-06-01
52,Junior,1997.45,431.52,585.52,1565.93,47.48,1518.45,56.47,2639.44,2023-06-01
53,Junior,1698.71,348.31,711.04,1350.4,0.0,1350.4,23.73,2433.47,2023-06-01
54,Junior,2702.61,524.46,1007.87,2178.15,72.69,2105.45,104.67,3815.15,2023-06-01
55,Junior,2370.57,448.98,817.54,1921.59,93.01,1828.57,23.98,3212.09,2023-06-01
56,Junior,2099.27,459.22,823.06,1640.06,97.96,1542.1,111.38,3033.71,2023-06-01
57,Junior,2017.95,402.19,697.31,1615.76,106.74,1509.02,103.06,2818.33,2023-06-01
58,Junior,2401.96,487.29,921.69,1914.67,100.78,1813.89,5.95,3329.61,2023-06-01
59,Junior,2163.34,459.71,686.59,1703.63,70.58,1633.04,131.85,2981.78,2023-06-01
60,Junior,2549.67,493.85,821.8,2055.81,142.08,1913.74,32.21,3403.68,2023-06-01
61,Junior,2774.2,619.25,1114.44,2154.95,112.89,2042.07,135.54,4024.18,2023-06-01
62,Junior,2484.06,593.02,665.56,1891.04,57.03,1834.01,51.97,3201.58,2023-06-01
63,Junior,1902.81,417.32,770.31,1485.5,0.0,1485.5,131.8,2804.92,2023-06-01
64,Junior,2676.46,634.01,948.41,2042.45,124.12,1918.33,56.66,3681.52,2023-06-01
65,Junior,2585.43,575.48,1020.68,2009.96,135.17,1874.78,135.59,3741.7,2023-06-01
66,Junior,1940.38,353.24,586.54,1587.14,56.02,1531.12,89.71,2616.63,2023-06-01
67,Junior,2666.58,569.64,710.33,2096.95,94.08,2002.86,27.59,3404.5,2023-06-01
68,Junior,1705.04,335.49,686.12,1369.56,0.0,1369.56,44.26,2435.42,2023-06-01
69,Junior,2063.76,387.86,596.88,1675.9,64.17,1611.73,118.27,2778.91,2023-06-01
70,Junior,2649.56,535.35,840.03,2114.2,130.04,1984.16,89.07,3578.65,2023-06-01
71,Junior,2830.82,663.73,916.6,2167.1,100.25,2066.85,140.4,3887.82,2023-06-01
72,Junior,1875.51,426.16,767.51,1449.35,0.0,1449.35,33.17,2676.19,2023-06-01
73,Junior,2238.53,486.61,723.42,1751.92,112.47,1639.46,80.11,3042.07,2023-06-01
74,Junior,1886.61,437.13,772.08,1449.48,0.0,1449.48,100.9,2759.59,2023-06-01
75,Mid-Level,3310.33,783.89,1169.93,2526.44,251.8,2274.64,15.85,4496.11,2023-06-01
76,Mid-Level,3605.34,838.54,1479.49,2766.8,301.99,2464.81,85.06,5169.89,2023-06-01
77,Mid-Level,6198.59,1183.69,2439.21,5014.9,732.8,4282.1,56.28,8694.08,2023-06-01
78,Mid-Level,3524.57,736.77,920.96,2787.8,262.82,2524.98,99.17,4544.69,2023-06-01
79,Mid-Level,3519.76,790.63,1095.22,2729.12,280.97,2448.15,135.88,4750.86,2023-06-01
80,Mid-Level,2945.91,634.84,954.47,2311.07,113.41,2197.66,133.97,4034.36,2023-06-01
81,Mid-Level,5065.41,968.48,1706.1,4096.93,475.5,3621.42,72.47,6843.98,2023-06-01
82,Mid-Level,2648.2,568.71,903.69,2079.48,112.58,1966.91,77.63,3629.51,2023-06-01
83,Mid-Level,4168.28,813.1,1323.93,3355.18,357.22,2997.97,116.87,5609.08,2023-06-01
84,Mid-Level,4268.31,973.01,1099.73,3295.3,284.08,3011.22,3.2,5371.24,2023-06-01
85,Mid-Level,2600.18,581.5,834.99,2018.69,130.19,1888.5,0.32,3435.5,2023-06-01
86,Mid-Level,4053.22,736.19,1499.8,3317.02,260.53,3056.49,137.84,5690.85,2023-06-01
87,Mid-Level,2430.93,488.47,955.28,1942.46,105.04,1837.42,115.89,3502.1,2023-06-01
88,Mid-Level,3563.0,723.22,1407.97,2839.77,247.05,2592.73,61.95,5032.91,2023-06-01
89,Mid-Level,4572.23,1008.07,1518.35,3564.16,471.49,3092.67,23.36,6113.95,2023-06-01
90,Mid-Level,3831.71,821.17,1216.93,3010.54,245.31,2765.24,70.16,5118.8,2023-06-01
91,Mid-Level,4747.57,959.29,1210.86,3788.27,439.03,3349.24,58.5,6016.93,2023-06-01
92,Mid-Level,4102.29,969.69,1681.07,3132.6,301.31,2831.29,1.9,5785.27,2023-06-01
93,Mid-Level,3353.99,673.31,1068.97,2680.68,257.67,2423.01,132.32,4555.28,2023-06-01
94,Mid-Level,3665.96,827.89,962.56,2838.07,293.17,2544.9,48.5,4677.02,2023-06-01
95,Mid-Level,2827.76,569.73,921.88,2258.03,145.38,2112.65,11.84,3761.48,2023-06-01
96,Mid-Level,6321.57,1372.39,1829.52,4949.18,681.8,4267.39,125.92,8277.02,2023-06-01
97,Mid-Level,4067.69,812.35,1314.7,3255.34,272.89,2982.45,91.54,5473.93,2023-06-01
98,Mid-Level,4029.13,835.65,1173.4,3193.48,226.13,2967.35,111.29,5313.82,2023-06-01
99,Mid-Level,5262.09,993.34,1610.37,4268.75,480.97,3787.78,108.4,6980.86,2023-06-01
100,Mid-Level,4319.33,956.45,1436.41,3362.88,266.66,3096.21,120.41,5876.14,2023-06-01
101,Mid-Level,3758.13,729.22,1518.07,3028.9,305.02,2723.88,115.1,5391.29,2023-06-01
102,Mid-Level,2748.95,584.31,759.93,2164.64,136.39,2028.25,60.35,3569.23,2023-06-01
103,Mid-Level,3125.62,641.28,1002.86,2484.34,86.64,2397.7,47.94,4176.43,2023-06-01
104,Mid-Level,4842.83,1001.95,1814.28,3840.89,445.78,3395.11,96.53,6753.65,2023-06-01
105,Mid-Level,3404.59,645.4,889.82,2759.19,200.99,2558.2,91.54,4385.95,2023-06-01
106,Mid-Level,4099.87,818.87,1425.54,3281.0,321.61,2959.39,59.76,5585.17,2023-06-01
107,Mid-Level,3485.65,778.84,1370.36,2706.82,210.44,2496.37,122.88,4978.88,2023-06-01
108,Mid-Level,4158.4,828.52,1286.52,3329.87,251.63,3078.24,7.67,5452.59,2023-06-01
109,Mid-Level,3416.21,704.18,1178.85,2712.03,209.26,2502.78,132.8,4727.86,2023-06-01
110,Mid-Level,3094.98,675.07,1245.84,2419.9,140.52,2279.39,89.98,4430.8,2023-06-01
111,Mid-Level,4560.74,880.82,1281.1,3679.92,428.24,3251.69,25.36,5867.2,2023-06-01
112,Mid-Level,4554.86,865.48,1792.11,3689.38,410.21,3279.17,104.86,6451.83,2023-06-01
113,Mid-Level,5137.49,1151.49,1351.41,3986.0,519.83,3466.17,32.3,6521.2,2023-06-01
114,Mid-Level,5780.51,1363.46,2111.71,4417.06,591.95,3825.1,78.89,7971.12,2023-06-01
115,Mid-Level,3760.74,845.66,1277.99,2915.08,253.28,2661.8,27.1,5065.84,2023-06-01
116,Mid-Level,5060.24,1055.3,1367.28,4004.94,557.02,3447.93,21.59,6449.12,2023-06-01
117,Mid-Level,4688.66,1050.02,1453.49,3638.64,408.38,3230.27,41.85,6184.0,2023-06-01
118,Mid-Level,4200.1,885.83,1202.03,3314.28,308.04,3006.24,102.86,5505.0,2023-06-01
119,Mid-Level,2438.33,486.78,701.01,1951.56,71.95,1879.61,117.56,3256.91,2023-06-01
120,Mid-Level,4577.45,1015.33,1416.14,3562.13,486.54,3075.59,76.56,6070.16,2023-06-01
121,Mid-Level,5679.78,1039.5,1785.06,4640.28,624.63,4015.65,86.28,7551.11,2023-06-01
122,Mid-Level,3073.87,650.65,1205.06,2423.22,118.32,2304.91,100.36,4379.28,2023-06-01
123,Mid-Level,5432.17,1146.11,1926.8,4286.06,590.32,3695.73,30.98,7389.95,2023-06-01
124,Mid-Level,4171.18,760.91,1221.48,3410.28,273.77,3136.51,0.82,5393.48,2023-06-01
125,Mid-Level,3253.04,602.98,864.68,2650.07,284.38,2365.69,143.47,4261.19,2023-06-01
126,Mid-Level,3374.57,667.71,1400.99,2706.86,276.97,2429.89,89.85,4865.4,2023-06-01
127,Mid-Level,3733.68,843.91,1112.74,2889.77,221.32,2668.45,139.75,4986.17,2023-06-01
128,Mid-Level,3392.56,610.95,1035.22,2781.61,255.45,2526.16,110.51,4538.28,2023-06-01
129,Mid-Level,3575.35,743.21,1287.8,2832.13,201.69,2630.44,130.67,4993.81,2023-06-01
130,Mid-Level,4365.99,897.74,1235.5,3468.25,367.24,3101.01,25.19,5626.67,2023-06-01
131,Mid-Level,2684.86,519.9,836.92,2164.96,92.75,2072.22,105.14,3626.92,2023-06-01
132,Mid-Level,4974.33,1005.84,1674.7,3968.49,441.51,3526.98,95.36,6744.39,2023-06-01
133,Mid-Level,5014.56,979.58,1601.43,4034.97,525.06,3509.91,80.93,6696.91,2023-06-01
134,Mid-Level,3284.15,780.05,977.94,2504.11,251.46,2252.64,86.21,4348.3,2023-06-01
135,Mid-Level,3702.0,826.06,1469.95,2875.94,264.81,2611.14,32.87,5204.82,2023-06-01
136,Mid-Level,5539.98,1190.05,1936.75,4349.93,605.37,3744.57,3.55,7480.28,2023-06-01
137,Mid-Level,4047.7,857.96,1076.34,3189.74,332.31,2857.43,70.02,5194.05,2023-06-01
138,Mid-Level,5106.58,1194.45,1400.53,3912.13,476.14,3435.99,15.89,6522.99,2023-06-01
139,Mid-Level,2645.25,625.24,834.78,2020.01,111.92,1908.09,124.08,3604.11,2023-06-01
140,Mid-Level,3198.35,673.27,1143.0,2525.08,255.74,2269.33,131.4,4472.76,2023-06-01
141,Mid-Level,3655.23,822.93,1192.82,2832.3,227.18,2605.12,106.31,4954.37,2023-06-01
142,Mid-Level,4540.73,842.85,1641.81,3697.88,436.19,3261.69,20.64,6203.18,2023-06-01
143,Mid-Level,3756.71,797.69,1516.01,2959.02,319.74,2639.28,102.04,5374.76,2023-06-01
144,Mid-Level,2981.3,620.89,768.22,2360.41,88.54,2271.88,91.77,3841.29,2023-06-01
145,Mid-Level,3030.34,550.39,963.58,2479.96,151.62,2328.33,68.33,4062.26,2023-06-01
146,Mid-Level,3337.88,651.69,843.36,2686.19,237.65,2448.54,18.01,4199.25,2023-06-01
147,Mid-Level,4181.36,1000.59,1556.03,3180.77,273.43,2907.34,105.13,5842.53,2023-06-01
148,Mid-Level,4805.86,1122.26,1950.69,3683.6,468.69,3214.92,63.57,6820.11,2023-06-01
149,Mid-Level,3536.02,817.74,939.81,2718.28,208.5,2509.78,40.97,4516.8,2023-06-01
150,Mid-Level,4080.81,925.59,1294.18,3155.22,309.06,2846.16,122.03,5497.02,2023-06-01
151,Mid-Level,5077.52,976.85,1419.1,4100.67,455.76,3644.91,100.94,6597.56,2023-06-01
152,Mid-Level,2683.04,520.51,1125.72,2162.52,93.17,2069.36,124.99,3933.75,2023-06-01
153,Mid-Level,3981.87,954.26,1380.44,3027.61,251.25,2776.36,85.33,5447.64,2023-06-01
154,Mid-Level,6118.66,1402.36,2287.94,4716.3,544.46,4171.84,32.48,8439.09,2023-06-01
155,Mid-Level,2751.34,515.9,808.65,2235.44,78.16,2157.28,69.2,3629.2,2023-06-01
156,Mid-Level,3782.7,788.23,1178.34,2994.47,267.93,2726.54,57.14,5018.18,2023-06-01
157,Mid-Level,3343.36,770.37,1075.59,2572.98,236.5,2336.48,19.92,4438.86,2023-06-01
158,Mid-Level,2464.41,572.91,683.47,1891.5,130.92,1760.58,114.97,3262.85,2023-06-01
159,Mid-Level,3567.81,757.45,1179.72,2810.36,264.17,2546.2,106.65,4854.18,2023-06-01
160,Mid-Level,3329.08,788.12,1122.39,2540.95,212.87,2328.08,112.88,4564.35,2023-06-01
161,Mid-Level,3481.67,794.99,1098.5,2686.68,261.35,2425.33,99.48,4679.65,2023-06-01
162,Mid-Level,3565.48,690.56,1095.32,2874.92,236.57,2638.35,111.75,4772.55,2023-06-01
163,Mid-Level,3219.47,639.92,1008.39,2579.54,272.14,2307.41,125.31,4353.17,2023-06-01
164,Mid-Level,7701.96,1527.57,2086.06,6174.4,958.42,5215.97,75.9,9863.92,2023-06-01
165,Mid-Level,5242.47,1067.82,1523.47,4174.65,472.42,3702.22,78.3,6844.25,2023-06-01
166,Mid-Level,4922.17,1038.14,1597.47,3884.03,443.11,3440.93,146.02,6665.66,2023-06-01
167,Mid-Level,4302.61,816.15,1756.04,3486.46,280.47,3205.99,14.58,6073.23,2023-06-01
168,Mid-Level,2560.44,563.49,1055.39,1996.96,63.55,1933.4,30.13,3645.96,2023-06-01
169,Mid-Level,3169.47,605.77,1210.01,2563.7,264.07,2299.62,51.21,4430.69,2023-06-01
170,Mid-Level,3356.0,689.66,1351.23,2666.34,234.53,2431.81,25.84,4733.06,2023-06-01
171,Mid-Level,5519.45,1086.08,2025.5,4433.37,498.65,3934.72,122.91,7667.86,2023-06-01
172,Mid-Level,6856.03,1346.78,2658.0,5509.25,950.36,4558.89,35.78,9549.81,2023-06-01
173,Mid-Level,3876.01,849.16,1222.46,3026.85,223.97,2802.88,27.86,5126.32,2023-06-01
174,Mid-Level,3851.48,803.2,1534.47,3048.28,327.66,2720.62,35.04,5420.99,2023-06-01
175,Senior,7175.15,1551.96,2078.26,5623.19,792.9,4830.29,61.07,9314.48,2023-06-01
176,Senior,8383.99,1546.55,2971.72,6837.44,1168.23,5669.21,51.98,11407.69,2023-06-01
177,Senior,6614.7,1397.24,1944.45,5217.45,793.17,4424.28,7.39,8566.54,2023-06-01
178,Senior,9408.5,2011.81,3771.95,7396.68,1119.43,6277.25,36.27,13216.72,2023-06-01
179,Senior,4740.11,862.31,1384.52,3877.8,464.02,3413.78,130.04,6254.67,2023-06-01
180,Senior,5329.11,988.02,1923.34,4341.09,576.47,3764.62,136.23,7388.68,2023-06-01
181,Senior,9631.05,2280.33,3137.0,7350.72,1290.01,6060.7,93.52,12861.56,2023-06-01
182,Senior,5580.86,1185.49,2162.0,4395.37,527.34,3868.03,22.66,7765.52,2023-06-01
183,Senior,6218.35,1252.03,2083.31,4966.32,566.89,4399.42,125.67,8427.32,2023-06-01
184,Senior,6949.64,1382.75,2438.61,5566.89,815.8,4751.09,10.44,9398.69,2023-06-01
185,Senior,3453.96,789.29,1333.54,2664.67,225.12,2439.54,77.86,4865.36,2023-06-01
186,Senior,7380.11,1406.56,2603.28,5973.55,853.42,5120.13,107.8,10091.19,2023-06-01
187,Senior,9161.76,1799.99,3507.42,7361.77,1192.96,6168.81,44.43,12713.61,2023-06-01
188,Senior,4096.7,969.17,1523.78,3127.53,323.31,2804.22,138.57,5759.05,2023-06-01
189,Senior,4730.48,1133.07,1689.95,3597.41,468.54,3128.87,66.88,6487.31,2023-06-01
190,Senior,6364.53,1508.14,2093.52,4856.38,648.02,4208.37,96.59,8554.64,2023-06-01
191,Senior,7081.84,1671.69,2637.6,5410.15,902.49,4507.66,88.69,9808.14,2023-06-01
192,Senior,7610.16,1594.03,2434.22,6016.13,1081.28,4934.85,54.77,10099.16,2023-06-01
193,Senior,11055.57,2620.4,3897.05,8435.17,1380.7,7054.47,14.14,14966.76,2023-06-01
194,Senior,6754.62,1404.27,2572.65,5350.34,868.89,4481.45,84.06,9411.33,2023-06-01
195,Senior,6992.41,1624.92,2465.76,5367.49,942.75,4424.74,72.64,9530.81,2023-06-01
196,Senior,5347.85,1239.3,1526.14,4108.55,554.87,3553.68,74.76,6948.75,2023-06-01
197,Senior,7941.82,1762.26,2224.17,6179.56,955.6,5223.96,135.28,10301.27,2023-06-01
198,Senior,8361.77,1836.63,2277.79,6525.14,1007.89,5517.24,119.43,10758.99,2023-06-01
199,Senior,7628.1,1392.57,3141.86,6235.53,888.27,5347.26,71.75,10841.7,2023-06-01
200,Senior,6085.57,1359.71,2237.53,4725.86,545.8,4180.06,111.49,8434.59,2023-06-01
201,Senior,5355.84,1280.99,1707.99,4074.84,499.62,3575.22,76.25,7140.07,2023-06-01
202,Senior,5566.54,1045.98,1904.59,4520.56,510.99,4009.57,127.59,7598.72,2023-06-01
203,Senior,5576.05,1080.64,1609.17,4495.4,581.37,3914.04,55.46,7240.68,2023-06-01
204,Senior,4105.19,821.12,1681.85,3284.07,276.25,3007.82,99.77,5886.81,2023-06-01
205,Senior,6406.32,1508.08,2477.0,4898.24,641.34,4256.9,118.57,9001.89,2023-06-01
206,Senior,5522.63,1044.98,1978.13,4477.65,606.48,3871.17,86.93,7587.7,2023-06-01
207,Senior,9124.83,1885.17,3657.37,7239.65,1268.01,5971.64,72.9,12855.1,2023-06-01
208,Senior,8843.51,1814.02,2553.15,7029.48,1153.83,5875.65,121.54,11518.19,2023-06-01
209,Senior,5060.08,957.15,1931.2,4102.94,507.86,3595.07,137.75,7129.03,2023-06-01
210,Senior,7550.58,1631.31,2221.16,5919.27,908.52,5010.75,65.9,9837.64,2023-06-01
211,Senior,7928.39,1470.32,3209.32,6458.07,944.28,5513.79,69.96,11207.67,2023-06-01
212,Senior,7268.76,1540.79,2470.16,5727.97,872.78,4855.19,42.35,9781.26,2023-06-01
213,Senior,7118.49,1540.27,2893.5,5578.22,881.2,4697.02,43.66,10055.65,2023-06-01
214,Senior,6873.45,1378.91,2296.84,5494.54,863.49,4631.05,73.58,9243.87,2023-06-01
215,Senior,5722.83,1287.89,1597.35,4434.93,563.77,3871.17,95.6,7415.78,2023-06-01
216,Senior,5135.12,1071.83,2046.2,4063.28,459.83,3603.46,132.38,7313.69,2023-06-01
217,Senior,7866.19,1712.29,2405.86,6153.9,1016.68,5137.22,48.74,10320.78,2023-06-01
218,Senior,6919.44,1493.98,2028.96,5425.47,938.21,4487.26,145.14,9093.55,2023-06-01
219,Senior,6851.14,1517.63,2819.77,5333.51,872.48,4461.04,93.38,9764.3,2023-06-01
220,Senior,7970.11,1592.61,2730.31,6377.5,1016.46,5361.04,12.7,10713.12,2023-06-01
221,Senior,4181.52,841.49,1196.63,3340.03,241.25,3098.79,102.33,5480.47,2023-06-01
222,Senior,9325.88,1955.27,3235.11,7370.6,1162.44,6208.16,7.86,12568.84,2023-06-01
223,Senior,6843.21,1535.74,2756.81,5307.47,811.61,4495.86,90.58,9690.6,2023-06-01
224,Senior,6199.18,1460.66,2507.15,4738.52,608.56,4129.96,98.25,8804.58,2023-06-01
225,Manager,23463.07,4301.68,8300.52,19161.39,2990.37,16171.02,136.79,31900.38,2023-06-01
226,Manager,21692.88,4602.34,8716.52,17090.54,2443.59,14646.95,112.26,30521.66,2023-06-01
227,Manager,9628.42,2098.86,3929.04,7529.55,1199.58,6329.98,13.37,13570.83,2023-06-01
228,Manager,15255.31,3165.97,4025.63,12089.34,2163.56,9925.78,41.77,19322.71,2023-06-01
229,Manager,20088.87,4083.27,5584.06,16005.59,2264.27,13741.32,128.38,25801.31,2023-06-01
230,Manager,11520.08,2191.83,4598.46,9328.25,1492.28,7835.97,42.86,16161.4,2023-06-01
231,Manager,20011.37,4753.72,8040.08,15257.65,2684.21,12573.44,143.22,28194.67,2023-06-01
232,Manager,14349.56,2631.32,4491.71,11718.24,2085.43,9632.82,18.28,18859.55,2023-06-01
233,Manager,15417.01,3119.31,5203.05,12297.7,1954.2,10343.5,137.19,20757.25,2023-06-01
234,Manager,19961.22,4007.17,5031.53,15954.05,2556.73,13397.32,108.98,25101.73,2023-06-01
235,Manager,23767.38,4686.11,7734.16,19081.27,3331.76,15749.52,76.23,31577.77,2023-06-01
236,Manager,12170.13,2337.37,3711.86,9832.75,1389.22,8443.53,46.81,15928.79,2023-06-01
237,Manager,16243.3,3491.66,4712.28,12751.64,2213.99,10537.65,116.8,21072.38,2023-06-01
238,Manager,12798.96,3067.44,5199.99,9731.52,1699.71,8031.8,49.06,18048.01,2023-06-01
239,Manager,13688.17,2767.17,3466.17,10921.0,1566.64,9354.36,91.39,17245.72,2023-06-01
240,Manager,21011.96,4368.95,6059.47,16643.02,2626.16,14016.85,30.99,27102.42,2023-06-01
241,Manager,10531.15,2440.2,2883.67,8090.95,1298.6,6792.35,110.73,13525.56,2023-06-01
242,Manager,21155.59,4170.58,8514.22,16985.01,3033.84,13951.17,38.97,29708.78,2023-06-01
243,Manager,10902.65,2143.1,3324.54,8759.55,1472.01,7287.54,123.87,14351.07,2023-06-01
244,Manager,11518.99,2210.31,3565.72,9308.68,1597.4,7711.28,33.55,15118.26,2023-06-01
245,Manager,20124.53,4184.36,5203.54,15940.17,2527.25,13412.92,88.95,25417.02,2023-06-01
246,Manager,17102.56,3110.21,5198.0,13992.36,2114.71,11877.65,106.99,22407.55,2023-06-01
247,Manager,23834.65,5003.34,8533.86,18831.31,3013.53,15817.78,6.55,32375.06,2023-06-01
248,Manager,7768.55,1797.73,2388.21,5970.81,978.41,4992.41,84.42,10241.18,2023-06-01
249,Manager,29216.11,5264.84,7751.23,23951.27,3556.22,20395.05,42.9,37010.24,2023-06-01
1,Intern,971.58,190.37,390.66,781.2,0.0,781.2,19.53,1381.76,2023-07-01
2,Intern,676.97,158.07,191.42,518.9,0.0,518.9,32.72,901.11,2023-07-01
3,Intern,644.57,118.91,208.86,525.66,0.0,525.66,54.93,908.37,2023-07-01
4,Intern,776.79,181.73,298.54,595.06,0.0,595.06,7.33,1082.66,2023-07-01
5,Intern,816.61,193.05,278.25,623.56,0.0,623.56,29.51,1124.38,2023-07-01
6,Intern,661.76,136.68,251.69,525.08,0.0,525.08,108.81,1022.26,2023-07-01
7,Intern,564.21,133.53,229.71,430.68,0.0,430.68,14.62,808.54,2023-07-01
8,Intern,861.46,165.98,296.62,695.48,0.0,695.48,62.9,1220.98,2023-07-01
9,Intern,797.19,167.73,272.17,629.46,0.0,629.46,118.29,1187.65,2023-07-01
10,Intern,877.6,204.86,296.12,672.74,0.0,672.74,147.41,1321.13,2023-07-01
11,Intern,784.63,160.4,328.36,624.23,0.0,624.23,147.6,1260.59,2023-07-01
12,Intern,617.38,148.0,244.38,469.38,0.0,469.38,92.28,954.04,2023-07-01
13,Junior,2382.08,544.59,878.53,1837.49,109.11,1728.38,97.03,3357.65,2023-07-01
14,Junior,2380.65,455.74,803.94,1924.91,94.77,1830.15,67.99,3252.59,2023-07-01
15,Junior,1590.32,323.1,629.15,1267.22,0.0,1267.22,43.07,2262.54,2023-07-01
16,Junior,2501.82,513.73,690.77,1988.09,95.48,1892.61,93.43,3286.01,2023-07-01
17,Junior,2489.26,477.73,1041.15,2011.53,126.9,1884.63,28.02,3558.43,2023-07-01
18,Junior,1991.05,406.42,584.65,1584.64,65.55,1519.09,5.91,2581.61,2023-07-01
19,Junior,2364.46,445.53,704.92,1918.93,98.69,1820.23,140.78,3210.16,2023-07-01
20,Junior,2432.63,535.98,935.25,1896.65,59.75,1836.9,2.37,3370.25,2023-07-01
21,Junior,3507.14,754.23,883.21,2752.91,205.3,2547.6,25.84,4416.19,2023-07-01
22,Junior,2298.94,484.33,845.83,1814.61,76.12,1738.48,60.42,3205.19,2023-07-01
23,Junior,3087.04,587.35,1218.81,2499.7,148.1,2351.6,60.59,4366.45,2023-07-01
24,Junior,2462.44,530.23,927.62,1932.21,81.69,1850.52,115.33,3505.39,2023-07-01
25,Junior,2917.31,566.19,1010.72,2351.12,74.32,2276.8,80.82,4008.85,2023-07-01
26,Junior,2255.7,497.12,642.17,1758.58,52.86,1705.72,59.38,2957.25,2023-07-01
27,Junior,2991.78,672.22,986.53,2319.56,74.71,2244.85,27.75,4006.06,2023-07-01
28,Junior,2608.46,477.07,809.7,2131.39,121.72,2009.67,52.75,3470.91,2023-07-01
29,Junior,2043.33,453.3,565.92,1590.03,81.75,1508.28,30.26,2639.51,2023-07-01
30,Junior,2111.74,495.51,823.7,1616.23,96.1,1520.13,24.4,2959.84,2023-07-01
31,Junior,2084.48,425.99,701.95,1658.49,106.18,1552.31,135.28,2921.7,2023-07-01
32,Junior,1810.78,410.36,586.26,1400.42,0.0,1400.42,96.42,2493.46,2023-07-01
33,Junior,3267.86,651.75,1230.0,2616.11,184.21,2431.9,115.18,4613.04,2023-07-01
34,Junior,2013.89,425.59,715.82,1588.29,81.6,1506.69,98.22,2827.92,2023-07-01
35,Junior,2414.31,540.25,789.7,1874.06,69.44,1804.62,1.13,3205.14,2023-07-01
36,Junior,3006.54,645.35,925.14,2361.18,95.15,2266.03,68.38,4000.06,2023-07-01
37,Junior,2049.12,459.98,805.16,1589.13,71.84,1517.29,44.45,2898.72,2023-07-01
38,Junior,3142.26,571.77,1115.28,2570.49,196.77,2373.72,45.25,4302.79,2023-07-01
39,Junior,1961.14,466.7,740.09,1494.44,0.0,1494.44,55.62,2756.86,2023-07-01
40,Junior,3709.38,704.68,1307.82,3004.71,272.19,2732.52,65.95,5083.16,2023-07-01
41,Junior,3080.86,712.26,974.77,2368.6,84.09,2284.51,39.2,4094.83,2023-07-01
42,Junior,1756.73,397.26,614.08,1359.47,0.0,1359.47,105.63,2476.44,2023-07-01
43,Junior,1942.27,393.11,783.7,1549.16,71.7,1477.47,55.1,2781.07,2023-07-01
44,Junior,1790.9,409.52,662.38,1381.38,0.0,1381.38,65.76,2519.04,2023-07-01
45,Junior,3165.9,718.78,980.33,2447.12,148.54,2298.58,46.81,4193.04,2023-07-01
46,Junior,2687.71,601.85,762.04,2085.86,81.92,2003.94,48.7,3498.45,2023-07-01
47,Junior,2371.14,468.78,915.81,1902.35,58.2,1844.15,53.16,3340.11,2023-07-01
48,Junior,2919.48,695.84,1204.32,2223.64,141.68,2081.97,78.64,4202.44,2023-07-01
49,Junior,2397.05,456.0,850.52,1941.05,95.21,1845.85,47.64,3295.21,2023-07-01
50,Junior,2634.34,534.17,821.1,2100.17,110.54,1989.62,10.27,3465.72,2023-07-01
51,Junior,1830.02,379.9,651.47,1450.11,0.0,1450.11,117.23,2598.72,2023-07-01
52,Junior,2733.2,600.77,976.05,2132.43,148.89,1983.54,33.8,3743.06,2023-07-01
53,Junior,1718.01,373.9,624.31,1344.11,0.0,1344.11,59.36,2401.67,2023-07-01
54,Junior,2709.51,649.5,898.56,2060.01,105.53,1954.48,139.53,3747.61,2023-07-01
55,Junior,2649.42,562.72,902.75,2086.7,140.17,1946.53,108.87,3661.04,2023-07-01
56,Junior,2737.75,500.96,1128.89,2236.79,153.74,2083.04,118.93,3985.57,2023-07-01
57,Junior,2094.44,434.69,628.52,1659.75,77.25,1582.5,19.37,2742.33,2023-07-01
58,Junior,2402.41,574.59,789.09,1827.82,60.18,1767.64,97.05,3288.56,2023-07-01
59,Junior,2164.59,428.14,706.04,1736.46,105.12,1631.34,35.46,2906.09,2023-07-01
60,Junior,2987.6,546.68,859.95,2440.92,145.6,2295.32,90.87,3938.42,2023-07-01
61,Junior,2772.44,618.61,1028.0,2153.83,106.0,2047.83,3.6,3804.05,2023-07-01
62,Junior,2495.42,500.57,783.83,1994.85,111.98,1882.86,22.84,3302.09,2023-07-01
63,Junior,1939.34,351.54,681.43,1587.79,83.9,1503.89,72.82,2693.58,2023-07-01
64,Junior,2676.78,613.62,774.71,2063.15,62.87,2000.29,61.35,3512.84,2023-07-01
65,Junior,2590.48,474.85,732.92,2115.63,130.37,1985.26,131.66,3455.06,2023-07-01
66,Junior,1969.77,441.44,682.57,1528.33,63.44,1464.89,92.53,2744.88,2023-07-01
67,Junior,2677.71,565.77,921.9,2111.94,83.1,2028.85,102.53,3702.14,2023-07-01
68,Junior,1700.37,347.59,693.01,1352.78,0.0,1352.78,92.66,2486.04,2023-07-01
69,Junior,2084.46,481.21,639.52,1603.25,56.79,1546.46,101.16,2825.13,2023-07-01
70,Junior,2726.59,493.52,822.88,2233.07,84.05,2149.02,132.14,3681.61,2023-07-01
71,Junior,2812.5,596.32,1066.66,2216.18,145.09,2071.09,122.62,4001.78,2023-07-01
72,Junior,1878.92,400.29,647.85,1478.62,0.0,1478.62,71.76,2598.52,2023-07-01
73,Junior,2272.3,486.41,604.66,1785.89,55.89,1730.0,53.77,2930.73,2023-07-01
74,Junior,1916.98,405.56,699.08,1511.42,80.99,1430.43,35.73,2651.8,2023-07-01
75,Mid-Level,3352.79,659.83,1283.21,2692.96,265.12,2427.84,97.06,4733.06,2023-07-01
76,Mid-Level,4661.87,871.94,1354.64,3789.93,448.55,3341.38,4.59,6021.1,2023-07-01
77,Mid-Level,6204.91,1230.47,2013.14,4974.44,590.05,4384.39,98.6,8316.64,2023-07-01
78,Mid-Level,3508.41,652.64,1405.74,2855.77,286.36,2569.41,98.9,5013.05,2023-07-01
79,Mid-Level,3607.83,747.99,1081.38,2859.83,209.98,2649.85,41.72,4730.93,2023-07-01
80,Mid-Level,3022.96,588.0,1051.22,2434.97,158.01,2276.96,29.75,4103.93,2023-07-01
81,Mid-Level,5050.08,1073.23,1530.9,3976.85,549.95,3426.9,55.04,6636.02,2023-07-01
82,Mid-Level,2621.42,475.98,819.05,2145.44,108.23,2037.21,94.26,3534.73,2023-07-01
83,Mid-Level,4612.97,1089.2,1770.53,3523.76,392.33,3131.43,4.67,6388.17,2023-07-01
84,Mid-Level,4325.52,1018.33,1735.37,3307.19,342.94,2964.25,135.53,6196.42,2023-07-01
85,Mid-Level,2539.87,550.29,644.07,1989.58,65.35,1924.23,114.97,3298.92,2023-07-01
86,Mid-Level,4032.62,922.51,1112.45,3110.11,233.11,2877.0,138.79,5283.87,2023-07-01
87,Mid-Level,2421.21,552.88,677.73,1868.33,85.5,1782.83,101.48,3200.41,2023-07-01
88,Mid-Level,3623.68,833.37,1003.5,2790.32,237.38,2552.93,17.88,4645.06,2023-07-01
89,Mid-Level,4562.95,898.01,1293.74,3664.94,405.76,3259.18,27.53,5884.22,2023-07-01
90,Mid-Level,3787.92,901.09,1467.83,2886.84,218.4,2668.44,37.65,5293.4,2023-07-01
91,Mid-Level,4764.83,903.54,1552.61,3861.29,453.35,3407.94,60.28,6377.72,2023-07-01
92,Mid-Level,4195.9,795.62,1206.35,3400.28,289.53,3110.75,58.05,5460.3,2023-07-01
93,Mid-Level,3385.92,747.33,1410.86,2638.59,234.57,2404.03,135.76,4932.54,2023-07-01
94,Mid-Level,3684.71,708.96,1070.9,2975.75,289.94,2685.81,14.48,4770.1,2023-07-01
95,Mid-Level,2785.2,623.55,1041.02,2161.65,96.08,2065.57,4.67,3830.89,2023-07-01
96,Mid-Level,6280.72,1378.97,1630.35,4901.75,684.06,4217.69,47.15,7958.21,2023-07-01
97,Mid-Level,4095.36,751.92,1146.06,3343.44,364.95,2978.49,136.32,5377.74,2023-07-01
98,Mid-Level,4033.54,740.68,1205.54,3292.86,344.49,2948.38,147.5,5386.58,2023-07-01
99,Mid-Level,5318.58,1114.06,1370.98,4204.53,481.93,3722.6,115.42,6804.98,2023-07-01
100,Mid-Level,4350.55,915.06,1636.1,3435.49,361.96,3073.53,129.73,6116.38,2023-07-01
101,Mid-Level,3838.05,733.43,1491.31,3104.61,258.61,2846.0,144.67,5474.03,2023-07-01
102,Mid-Level,3105.51,564.51,1135.18,2541.0,179.92,2361.07,38.99,4279.68,2023-07-01
103,Mid-Level,4177.52,959.15,1195.63,3218.36,286.03,2932.33,87.41,5460.55,2023-07-01
104,Mid-Level,4787.36,896.36,1967.1,3890.99,495.88,3395.11,85.64,6840.09,2023-07-01
105,Mid-Level,3470.58,723.18,990.12,2747.39,298.64,2448.75,48.63,4509.32,2023-07-01
106,Mid-Level,4124.99,760.85,1482.32,3364.14,341.33,3022.81,17.68,5624.99,2023-07-01
107,Mid-Level,4688.44,1092.62,1179.32,3595.82,450.56,3145.26,49.9,5917.67,2023-07-01
108,Mid-Level,4158.98,914.0,1621.38,3244.98,253.31,2991.66,130.57,5910.92,2023-07-01
109,Mid-Level,4003.66,809.13,1153.86,3194.53,270.77,2923.75,76.51,5234.03,2023-07-01
110,Mid-Level,3642.36,803.22,983.8,2839.14,275.72,2563.42,98.68,4724.84,2023-07-01
111,Mid-Level,4632.1,858.38,1568.36,3773.73,438.18,3335.55,63.77,6264.24,2023-07-01
112,Mid-Level,5566.13,1195.19,1955.31,4370.94,488.26,3882.68,81.78,7603.22,2023-07-01
113,Mid-Level,5492.22,1094.86,1551.6,4397.36,485.26,3912.1,20.84,7064.66,2023-07-01
114,Mid-Level,5895.93,1390.41,1636.84,4505.52,577.32,3928.2,6.09,7538.86,2023-07-01
115,Mid-Level,3697.55,744.98,1457.83,2952.57,223.3,2729.26,111.83,5267.22,2023-07-01
116,Mid-Level,5132.51,1071.73,1715.62,4060.78,461.38,3599.4,6.71,6854.84,2023-07-01
117,Mid-Level,4710.28,928.34,1814.62,3781.94,495.25,3286.69,23.41,6548.32,2023-07-01
118,Mid-Level,4219.56,946.07,1205.95,3273.48,323.63,2949.85,56.35,5481.86,2023-07-01
119,Mid-Level,3544.18,689.25,909.59,2854.93,273.17,2581.76,47.41,4501.18,2023-07-01
120,Mid-Level,4635.0,973.52,1760.78,3661.48,419.77,3241.71,73.8,6469.58,2023-07-01
121,Mid-Level,5711.48,1188.19,2025.97,4523.29,617.42,3905.87,126.81,7864.25,2023-07-01
122,Mid-Level,3723.16,892.06,1134.36,2831.1,242.41,2588.69,53.34,4910.87,2023-07-01
123,Mid-Level,5493.4,1184.97,1620.01,4308.43,524.45,3783.98,26.89,7140.3,2023-07-01
124,Mid-Level,4225.32,937.64,1306.07,3287.67,273.33,3014.35,126.45,5657.83,2023-07-01
125,Mid-Level,3345.47,629.41,1363.68,2716.06,276.14,2439.92,67.95,4777.1,2023-07-01
126,Mid-Level,4450.43,1017.75,1775.51,3432.68,268.44,3164.24,49.16,6275.1,2023-07-01
127,Mid-Level,3832.74,817.16,1417.65,3015.59,257.72,2757.86,149.94,5400.33,2023-07-01
128,Mid-Level,3366.01,751.34,1247.74,2614.67,188.15,2426.52,143.05,4756.8,2023-07-01
129,Mid-Level,3602.47,679.13,1013.73,2923.33,217.17,2706.16,72.53,4688.73,2023-07-01
130,Mid-Level,4392.0,956.75,1276.36,3435.25,277.72,3157.53,118.44,5786.8,2023-07-01
131,Mid-Level,2677.59,509.71,678.6,2167.88,81.99,2085.9,102.4,3458.59,2023-07-01
132,Mid-Level,5063.41,1055.41,2062.99,4008.0,462.56,3545.43,25.7,7152.1,2023-07-01
133,Mid-Level,5044.17,1082.76,1344.34,3961.42,485.92,3475.5,3.76,6392.27,2023-07-01
134,Mid-Level,3709.32,740.09,1082.51,2969.24,301.44,2667.8,87.73,4879.56,2023-07-01
135,Mid-Level,3799.41,832.42,1326.7,2966.99,289.6,2677.4,149.36,5275.47,2023-07-01
136,Mid-Level,5594.58,1306.59,2324.31,4287.99,478.39,3809.6,146.18,8065.08,2023-07-01
137,Mid-Level,4070.41,909.3,1519.32,3161.11,341.31,2819.8,49.8,5639.54,2023-07-01
138,Mid-Level,5061.15,1150.56,1345.98,3910.59,450.51,3460.08,70.01,6477.14,2023-07-01
139,Mid-Level,2560.32,523.53,996.96,2036.79,120.69,1916.09,58.85,3616.13,2023-07-01
140,Mid-Level,3671.45,680.38,961.11,2991.07,243.53,2747.53,94.54,4727.1,2023-07-01
141,Mid-Level,4793.28,955.48,1424.91,3837.8,502.88,3334.92,12.95,6231.14,2023-07-01
142,Mid-Level,5424.51,1179.02,1600.3,4245.49,567.2,3678.29,70.23,7095.04,2023-07-01
143,Mid-Level,3746.81,691.63,1209.49,3055.19,277.66,2777.53,74.58,5030.88,2023-07-01
144,Mid-Level,2996.49,636.69,872.01,2359.81,76.56,2283.25,128.17,3996.67,2023-07-01
145,Mid-Level,3082.34,607.79,1060.74,2474.55,146.89,2327.66,8.07,4151.14,2023-07-01
146,Mid-Level,3338.57,771.32,853.89,2567.25,194.59,2372.66,124.02,4316.48,2023-07-01
147,Mid-Level,5046.47,1083.2,1976.09,3963.26,498.56,3464.7,136.04,7158.6,2023-07-01
148,Mid-Level,4822.68,974.43,1523.78,3848.24,457.1,3391.15,80.81,6427.26,2023-07-01
149,Mid-Level,3550.9,843.15,927.92,2707.75,237.83,2469.93,100.15,4578.98,2023-07-01
150,Mid-Level,4692.02,1034.38,1788.2,3657.64,455.06,3202.57,42.21,6522.43,2023-07-01
151,Mid-Level,5013.25,1198.46,1322.25,3814.8,512.84,3301.95,67.49,6403.0,2023-07-01
152,Mid-Level,2703.32,499.49,864.9,2203.83,105.84,2097.99,120.6,3688.82,2023-07-01
153,Mid-Level,5110.88,1082.56,2106.82,4028.32,472.49,3555.83,82.38,7300.08,2023-07-01
154,Mid-Level,6114.87,1458.43,2012.41,4656.44,576.3,4080.14,141.9,8269.19,2023-07-01
155,Mid-Level,3880.45,757.56,1134.81,3122.89,278.23,2844.67,93.91,5109.17,2023-07-01
156,Mid-Level,3720.86,867.96,999.44,2852.9,204.29,2648.61,107.45,4827.75,2023-07-01
157,Mid-Level,3692.63,688.82,1059.16,3003.82,212.62,2791.19,149.29,4901.09,2023-07-01
158,Mid-Level,3089.13,569.18,968.43,2519.94,271.03,2248.91,79.44,4136.99,2023-07-01
159,Mid-Level,3623.1,812.65,1414.58,2810.45,222.84,2587.61,85.98,5123.66,2023-07-01
160,Mid-Level,3321.95,720.76,1202.09,2601.19,228.99,2372.2,77.45,4601.49,2023-07-01
161,Mid-Level,3458.3,785.31,1229.14,2672.99,239.76,2433.22,16.77,4704.2,2023-07-01
162,Mid-Level,3905.36,780.2,1012.5,3125.16,331.1,2794.06,30.3,4948.16,2023-07-01
163,Mid-Level,4030.31,865.39,1527.64,3164.92,280.93,2883.99,15.92,5573.86,2023-07-01
164,Mid-Level,8559.04,2025.87,2944.81,6533.17,1050.1,5483.07,26.65,11530.5,2023-07-01
165,Mid-Level,5296.52,1014.74,1634.47,4281.78,593.79,3687.99,54.94,6985.93,2023-07-01
166,Mid-Level,4973.36,1182.34,1679.26,3791.02,439.48,3351.54,32.29,6684.91,2023-07-01
167,Mid-Level,4306.17,901.63,1438.39,3404.55,371.68,3032.87,148.74,5893.3,2023-07-01
168,Mid-Level,2613.75,587.98,846.26,2025.78,111.38,1914.4,44.72,3504.74,2023-07-01
169,Mid-Level,3176.69,661.91,1201.98,2514.78,176.25,2338.53,148.26,4526.93,2023-07-01
170,Mid-Level,3396.43,774.6,918.01,2621.83,199.32,2422.51,94.98,4409.42,2023-07-01
171,Mid-Level,5542.51,1277.7,2104.7,4264.81,569.17,3695.63,107.47,7754.68,2023-07-01
172,Mid-Level,6877.93,1443.54,1996.77,5434.4,834.92,4599.47,128.68,9003.38,2023-07-01
173,Mid-Level,3881.9,799.78,1429.02,3082.12,328.64,2753.49,17.06,5327.99,2023-07-01
174,Mid-Level,3946.24,727.6,1009.33,3218.64,336.98,2881.66,44.01,4999.59,2023-07-01
175,Senior,7183.98,1403.38,2394.81,5780.6,998.51,4782.09,55.52,9634.32,2023-07-01
176,Senior,8402.26,1532.87,3277.11,6869.39,1140.78,5728.6,28.07,11707.44,2023-07-01
177,Senior,6566.89,1531.77,2028.31,5035.12,755.37,4279.75,112.8,8708.0,2023-07-01
178,Senior,9376.92,2148.94,3087.22,7227.98,1238.59,5989.39,62.69,12526.84,2023-07-01
179,Senior,4862.47,1057.45,1780.08,3805.02,425.83,3379.19,90.94,6733.49,2023-07-01
180,Senior,5391.55,1228.65,1726.51,4162.9,551.4,3611.5,19.31,7137.37,2023-07-01
181,Senior,9725.86,1752.07,3185.77,7973.78,1261.84,6711.94,86.06,12997.69,2023-07-01
182,Senior,5572.69,1193.7,2026.76,4378.99,554.73,3824.26,75.78,7675.24,2023-07-01
183,Senior,6890.49,1606.44,1993.91,5284.05,926.77,4357.28,64.5,8948.9,2023-07-01
184,Senior,6962.17,1286.29,1753.78,5675.88,913.7,4762.18,89.51,8805.46,2023-07-01
185,Senior,3529.02,756.0,1330.9,2773.02,299.69,2473.33,42.31,4902.23,2023-07-01
186,Senior,9308.89,2046.51,3519.05,7262.38,1163.68,6098.7,149.26,12977.21,2023-07-01
187,Senior,11357.93,2658.57,4249.02,8699.36,1525.24,7174.12,70.64,15677.59,2023-07-01
188,Senior,4005.61,729.44,1661.15,3276.17,289.49,2986.68,56.42,5723.18,2023-07-01
189,Senior,4753.81,881.88,1894.83,3871.92,432.58,3439.34,91.24,6739.87,2023-07-01
190,Senior,7602.85,1375.93,2634.14,6226.92,1112.55,5114.38,50.43,10287.42,2023-07-01
191,Senior,7069.09,1461.07,2672.95,5608.01,814.4,4793.61,32.69,9774.72,2023-07-01
192,Senior,7552.22,1548.45,2212.86,6003.78,893.81,5109.97,99.63,9864.72,2023-07-01
193,Senior,12107.43,2548.28,4501.27,9559.15,1410.41,8148.74,115.83,16724.53,2023-07-01
194,Senior,8151.11,1679.68,3281.26,6471.42,1118.5,5352.93,104.81,11537.17,2023-07-01
195,Senior,7037.65,1667.65,1787.75,5370.0,820.93,4549.07,97.06,8922.46,2023-07-01
196,Senior,5389.35,1151.51,2027.28,4237.84,517.88,3719.96,5.54,7422.16,2023-07-01
197,Senior,7878.1,1489.69,2663.43,6388.42,1132.66,5255.76,27.94,10569.47,2023-07-01
198,Senior,8408.9,1866.29,2376.07,6542.62,1085.96,5456.66,85.17,10870.14,2023-07-01
199,Senior,7621.06,1580.46,3090.1,6040.61,886.95,5153.66,86.87,10798.03,2023-07-01
200,Senior,6031.18,1386.56,1744.23,4644.61,594.28,4050.34,133.77,7909.19,2023-07-01
201,Senior,5387.85,1263.28,1893.32,4124.57,539.4,3585.17,111.17,7392.34,2023-07-01
202,Senior,5625.64,1229.87,2130.85,4395.77,573.79,3821.99,107.84,7864.33,2023-07-01
203,Senior,5516.26,1232.34,2242.73,4283.92,488.32,3795.61,63.2,7822.19,2023-07-01
204,Senior,4173.16,999.54,1726.63,3173.62,229.5,2944.12,67.16,5966.95,2023-07-01
205,Senior,6431.04,1161.65,1740.4,5269.39,899.36,4370.03,90.02,8261.46,2023-07-01
206,Senior,5599.13,1200.49,1466.91,4398.64,568.75,3829.89,3.1,7069.14,2023-07-01
207,Senior,9144.18,1944.18,3546.55,7200.0,1225.17,5974.83,132.16,12822.89,2023-07-01
208,Senior,8740.0,1908.15,3286.7,6831.85,1192.15,5639.7,123.53,12150.24,2023-07-01
209,Senior,5643.59,1069.49,1925.57,4574.1,509.81,4064.29,13.58,7582.74,2023-07-01
210,Senior,7543.21,1654.88,1979.88,5888.33,963.05,4925.27,92.05,9615.14,2023-07-01
211,Senior,7981.75,1815.63,2085.73,6166.12,956.03,5210.08,31.15,10098.63,2023-07-01
212,Senior,7238.05,1582.99,2267.3,5655.06,964.4,4690.66,24.82,9530.17,2023-07-01
213,Senior,7196.19,1480.08,2222.53,5716.1,999.62,4716.49,145.13,9563.85,2023-07-01
214,Senior,6878.21,1650.4,2513.51,5227.82,807.69,4420.12,117.97,9509.69,2023-07-01
215,Senior,6821.11,1266.15,2824.28,5554.96,861.63,4693.34,55.89,9701.28,2023-07-01
216,Senior,6915.35,1386.5,1795.38,5528.86,778.04,4750.82,9.55,8720.28,2023-07-01
217,Senior,7906.48,1793.54,2363.11,6112.93,877.27,5235.67,94.19,10363.78,2023-07-01
218,Senior,8722.18,1907.7,3049.09,6814.48,991.96,5822.51,81.46,11852.73,2023-07-01
219,Senior,9013.63,1974.93,2958.84,7038.7,1227.12,5811.58,78.2,12050.67,2023-07-01
220,Senior,9046.76,2115.25,2997.06,6931.52,1047.19,5884.33,34.03,12077.85,2023-07-01
221,Senior,4212.63,781.25,1243.29,3431.38,258.41,3172.97,4.7,5460.62,2023-07-01
222,Senior,10352.55,1968.05,3798.23,8384.5,1374.93,7009.57,102.63,14253.41,2023-07-01
223,Senior,6824.31,1524.16,1964.42,5300.15,751.6,4548.54,93.87,8882.6,2023-07-01
224,Senior,6158.38,1246.54,2498.05,4911.84,607.86,4303.98,12.62,8669.04,2023-07-01
225,Manager,25459.98,5513.46,8528.43,19946.52,2867.7,17078.83,111.96,34100.38,2023-07-01
226,Manager,21696.95,3975.5,7158.16,17721.45,2546.06,15175.39,44.46,28899.57,2023-07-01
227,Manager,9750.95,2042.34,3030.24,7708.61,1155.75,6552.86,3.94,12785.12,2023-07-01
228,Manager,16274.85,3643.31,6502.03,12631.54,2060.07,10571.47,124.15,22901.03,2023-07-01
229,Manager,21314.6,4938.2,6352.02,16376.4,2392.18,13984.22,1.26,27667.88,2023-07-01
230,Manager,11603.46,2661.4,3242.08,8942.06,1367.62,7574.44,65.44,14910.98,2023-07-01
231,Manager,20008.61,3872.14,5269.78,16136.47,2753.44,13383.03,112.3,25390.68,2023-07-01
232,Manager,15798.12,3493.27,6518.61,12304.85,1888.79,10416.07,92.14,22408.88,2023-07-01
233,Manager,15319.74,3601.56,5129.82,11718.18,1861.82,9856.36,48.18,20497.74,2023-07-01
234,Manager,25115.13,5438.13,8633.66,19677.0,3081.11,16595.9,64.94,33813.73,2023-07-01
235,Manager,23748.64,4385.02,6947.49,19363.62,2776.81,16586.8,9.62,30705.75,2023-07-01
236,Manager,12239.65,2920.66,5052.57,9318.98,1379.83,7939.16,29.39,17321.61,2023-07-01
237,Manager,16321.11,3145.69,6759.15,13175.42,2371.47,10803.96,84.14,23164.41,2023-07-01
238,Manager,18908.94,3701.43,6188.38,15207.51,2230.36,12977.15,50.8,25148.12,2023-07-01
239,Manager,13708.12,3082.51,4377.47,10625.62,1551.14,9074.48,88.61,18174.2,2023-07-01
240,Manager,21004.59,4229.78,8549.26,16774.81,2927.19,13847.62,69.02,29622.87,2023-07-01
241,Manager,10531.37,2472.26,3440.06,8059.11,1192.36,6866.75,143.58,14115.0,2023-07-01
242,Manager,21103.97,4539.48,6154.74,16564.49,2849.4,13715.09,67.61,27326.32,2023-07-01
243,Manager,10776.17,2495.35,3746.49,8280.82,1489.09,6791.73,122.77,14645.44,2023-07-01
244,Manager,11566.72,2286.0,3607.54,9280.72,1646.27,7634.44,1.61,15175.87,2023-07-01
245,Manager,20059.75,4273.71,6281.49,15786.03,2719.17,13066.87,34.32,26375.56,2023-07-01
246,Manager,18426.79,3371.31,7054.34,15055.48,2525.88,12529.6,6.55,25487.68,2023-07-01
247,Manager,23734.8,4579.04,7320.29,19155.76,3177.73,15978.03,27.51,31082.61,2023-07-01
248,Manager,7747.45,1646.98,2541.44,6100.47,1033.02,5067.45,96.06,10384.95,2023-07-01
249,Manager,29235.85,6309.86,7424.95,22925.98,3753.31,19172.67,67.73,36728.53,2023-07-01
1,Intern,967.88,182.06,302.73,785.82,0.0,785.82,66.1,1336.7,2023-08-01
2,Intern,717.69,138.47,242.53,579.21,0.0,579.21,85.85,1046.07,2023-08-01
3,Intern,624.63,123.8,178.23,500.83,0.0,500.83,110.28,913.14,2023-08-01
4,Intern,807.02,156.6,312.62,650.42,0.0,650.42,3.15,1122.79,2023-08-01
5,Intern,835.88,159.75,287.16,676.12,0.0,676.12,46.7,1169.74,2023-08-01
6,Intern,647.55,125.33,245.82,522.22,0.0,522.22,26.69,920.07,2023-08-01
7,Intern,569.71,105.29,191.18,464.42,0.0,464.42,25.02,785.91,2023-08-01
8,Intern,860.32,180.06,297.61,680.26,0.0,680.26,81.32,1239.26,2023-08-01
9,Intern,794.63,151.2,218.96,643.43,0.0,643.43,29.18,1042.77,2023-08-01
10,Intern,889.37,182.77,326.72,706.6,0.0,706.6,27.7,1243.79,2023-08-01
11,Intern,794.44,177.32,261.28,617.12,0.0,617.12,144.09,1199.81,2023-08-01
12,Intern,644.42,153.09,232.91,491.33,0.0,491.33,125.06,1002.39,2023-08-01
13,Junior,2431.88,446.64,914.82,1985.24,99.38,1885.86,75.64,3422.34,2023-08-01
14,Junior,2436.71,511.41,860.53,1925.3,105.25,1820.05,2.31,3299.55,2023-08-01
15,Junior,1925.09,364.53,601.28,1560.56,79.34,1481.23,105.15,2631.52,2023-08-01
16,Junior,2576.04,474.22,821.4,2101.82,98.85,2002.98,0.35,3397.79,2023-08-01
17,Junior,2498.88,563.07,704.43,1935.81,113.62,1822.19,146.47,3349.78,2023-08-01
18,Junior,2017.2,431.14,612.2,1586.07,70.65,1515.41,83.83,2713.23,2023-08-01
19,Junior,2626.56,581.53,683.46,2045.04,67.82,1977.22,89.87,3399.9,2023-08-01
20,Junior,2465.76,528.09,926.05,1937.67,105.83,1831.84,9.35,3401.16,2023-08-01
21,Junior,3525.23,665.84,1203.4,2859.39,216.07,2643.32,47.23,4775.86,2023-08-01
22,Junior,2326.13,482.42,878.9,1843.71,89.18,1754.52,76.13,3281.15,2023-08-01
23,Junior,3590.97,807.37,1459.49,2783.6,303.77,2479.83,4.94,5055.4,2023-08-01
24,Junior,2493.61,493.63,915.06,1999.98,123.77,1876.21,38.11,3446.78,2023-08-01
25,Junior,3209.43,579.82,1089.72,2629.61,272.29,2357.32,102.14,4401.29,2023-08-01
26,Junior,2240.54,444.65,757.26,1795.89,113.53,1682.36,15.41,3013.21,2023-08-01
27,Junior,2971.31,620.33,1114.63,2350.99,103.87,2247.12,25.47,4111.41,2023-08-01
28,Junior,2652.46,501.38,735.12,2151.08,93.41,2057.68,81.18,3468.76,2023-08-01
29,Junior,2057.59,491.49,594.63,1566.11,92.88,1473.23,14.49,2666.71,2023-08-01
30,Junior,2109.91,444.74,579.03,1665.17,50.1,1615.08,126.3,2815.25,2023-08-01
31,Junior,2062.92,458.99,851.71,1603.93,106.34,1497.6,106.86,3021.49,2023-08-01
32,Junior,1810.09,408.2,516.44,1401.88,0.0,1401.88,38.97,2365.49,2023-08-01
33,Junior,3316.76,689.14,1009.8,2627.62,278.53,2349.09,43.01,4369.56,2023-08-01
34,Junior,1992.14,391.32,716.87,1600.82,80.11,1520.7,129.05,2838.05,2023-08-01
35,Junior,2380.98,444.01,669.8,1936.98,100.12,1836.85,137.49,3188.28,2023-08-01
36,Junior,3015.48,620.62,843.14,2394.86,91.64,2303.22,88.29,3946.91,2023-08-01
37,Junior,2042.65,446.11,771.01,1596.54,101.05,1495.49,97.02,2910.67,2023-08-01
38,Junior,3239.15,659.39,857.47,2579.76,232.12,2347.64,2.17,4098.79,2023-08-01
39,Junior,1906.92,406.91,685.15,1500.01,68.19,1431.82,69.07,2661.14,2023-08-01
40,Junior,3755.94,866.93,1083.84,2889.01,262.29,2626.72,61.35,4901.13,2023-08-01
41,Junior,3145.33,682.24,927.66,2463.09,168.35,2294.74,129.02,4202.01,2023-08-01
42,Junior,1794.08,343.12,553.57,1450.96,0.0,1450.96,12.7,2360.35,2023-08-01
43,Junior,1919.58,395.99,583.49,1523.59,77.87,1445.72,66.28,2569.35,2023-08-01
44,Junior,1795.42,423.07,739.98,1372.34,0.0,1372.34,120.69,2656.08,2023-08-01
45,Junior,3233.11,608.27,1010.99,2624.84,185.59,2439.25,59.49,4303.59,2023-08-01
46,Junior,2732.51,535.98,822.7,2196.54,70.21,2126.33,75.96,3631.17,2023-08-01
47,Junior,2405.06,556.53,638.58,1848.53,82.62,1765.91,29.75,3073.39,2023-08-01
48,Junior,2912.15,561.96,772.21,2350.19,121.92,2228.27,81.85,3766.21,2023-08-01
49,Junior,2392.62,543.29,838.86,1849.33,76.8,1772.53,60.21,3291.69,2023-08-01
50,Junior,2625.62,584.81,873.5,2040.81,71.6,1969.21,85.2,3584.32,2023-08-01
51,Junior,1834.46,389.54,497.87,1444.92,0.0,1444.92,21.72,2354.05,2023-08-01
52,Junior,3250.92,774.84,824.54,2476.08,154.96,2321.13,16.21,4091.67,2023-08-01
53,Junior,1652.88,384.21,679.95,1268.67,0.0,1268.67,93.88,2426.71,2023-08-01
54,Junior,2772.34,574.8,941.28,2197.54,66.05,2131.49,44.27,3757.89,2023-08-01
55,Junior,2633.01,593.28,790.37,2039.73,89.54,1950.2,98.01,3521.39,2023-08-01
56,Junior,2828.76,528.99,966.74,2299.77,78.75,2221.03,63.21,3858.71,2023-08-01
57,Junior,2368.57,485.34,720.79,1883.24,111.19,1772.05,101.72,3191.08,2023-08-01
58,Junior,2756.12,630.88,752.8,2125.24,131.61,1993.63,146.29,3655.2,2023-08-01
59,Junior,2117.1,408.73,649.25,1708.37,86.72,1621.65,117.58,2883.93,2023-08-01
60,Junior,2921.97,653.67,1077.71,2268.29,143.73,2124.56,15.58,4015.26,2023-08-01
61,Junior,2789.26,598.28,1156.26,2190.97,88.39,2102.58,135.93,4081.45,2023-08-01
62,Junior,2533.56,560.59,645.75,1972.97,100.12,1872.85,0.41,3179.73,2023-08-01
63,Junior,1992.1,447.35,581.85,1544.75,67.7,1477.05,16.19,2590.15,2023-08-01
64,Junior,3462.15,698.5,1264.94,2763.65,200.06,2563.59,14.56,4741.66,2023-08-01
65,Junior,3180.35,666.71,1221.43,2513.64,211.74,2301.91,2.0,4403.78,2023-08-01
66,Junior,1969.71,449.71,680.44,1520.0,87.68,1432.32,83.07,2733.22,2023-08-01
67,Junior,3338.08,722.55,1154.83,2615.53,253.17,2362.35,78.94,4571.85,2023-08-01
68,Junior,1634.8,324.49,526.29,1310.32,0.0,1310.32,14.75,2175.84,2023-08-01
69,Junior,2129.24,397.53,712.36,1731.71,118.86,1612.85,37.4,2879.0,2023-08-01
70,Junior,2990.96,573.11,1131.56,2417.85,143.31,2274.54,121.63,4244.15,2023-08-01
71,Junior,2808.99,574.62,1037.28,2234.37,137.16,2097.21,106.47,3952.74,2023-08-01
72,Junior,2159.94,430.7,603.75,1729.24,78.66,1650.58,79.07,2842.76,2023-08-01
73,Junior,2337.52,455.47,964.51,1882.05,58.42,1823.63,80.16,3382.19,2023-08-01
74,Junior,1928.03,401.28,774.46,1526.75,77.87,1448.89,100.67,2803.17,2023-08-01
75,Mid-Level,3345.26,756.17,1322.1,2589.09,184.54,2404.55,109.79,4777.15,2023-08-01
76,Mid-Level,5338.48,1269.66,1995.97,4068.83,553.41,3515.42,147.04,7481.49,2023-08-01
77,Mid-Level,6216.36,1319.29,1668.01,4897.06,598.53,4298.53,28.99,7913.36,2023-08-01
78,Mid-Level,3475.02,774.03,884.04,2700.99,226.14,2474.85,10.86,4369.92,2023-08-01
79,Mid-Level,3570.87,804.52,894.42,2766.35,234.43,2531.92,79.74,4545.03,2023-08-01
80,Mid-Level,3047.31,607.52,784.65,2439.8,81.99,2357.81,37.59,3869.55,2023-08-01
81,Mid-Level,5999.56,1349.6,1777.4,4649.95,536.7,4113.25,51.29,7828.25,2023-08-01
82,Mid-Level,2601.54,621.68,883.48,1979.85,137.44,1842.41,125.43,3610.44,2023-08-01
83,Mid-Level,5321.48,1272.49,1926.09,4048.99,456.54,3592.45,43.53,7291.09,2023-08-01
84,Mid-Level,4274.38,771.67,1655.45,3502.71,466.09,3036.62,134.95,6064.78,2023-08-01
85,Mid-Level,3426.59,767.52,1433.43,2659.06,283.17,2375.89,28.15,4888.16,2023-08-01
86,Mid-Level,4048.24,899.82,1558.79,3148.42,315.4,2833.02,89.73,5696.76,2023-08-01
87,Mid-Level,2420.0,537.46,894.98,1882.54,60.12,1822.42,57.03,3372.0,2023-08-01
88,Mid-Level,3607.4,833.15,1147.26,2774.26,263.12,2511.14,64.82,4819.49,2023-08-01
89,Mid-Level,4592.32,1023.27,1342.62,3569.05,493.58,3075.46,145.24,6080.17,2023-08-01
90,Mid-Level,3865.78,715.62,1230.41,3150.17,251.3,2898.87,103.39,5199.58,2023-08-01
91,Mid-Level,4789.75,990.82,1540.49,3798.92,513.32,3285.6,11.5,6341.73,2023-08-01
92,Mid-Level,4204.3,871.29,1135.37,3333.01,233.81,3099.2,139.71,5479.38,2023-08-01
93,Mid-Level,4510.75,1040.31,1225.75,3470.44,357.64,3112.8,51.9,5788.4,2023-08-01
94,Mid-Level,3675.89,666.36,1504.02,3009.54,243.86,2765.68,61.34,5241.25,2023-08-01
95,Mid-Level,2786.93,635.67,938.29,2151.26,118.29,2032.97,60.81,3786.03,2023-08-01
96,Mid-Level,6336.96,1493.95,1625.61,4843.0,566.32,4276.68,38.71,8001.27,2023-08-01
97,Mid-Level,4133.68,878.22,1625.03,3255.46,304.25,2951.21,43.4,5802.11,2023-08-01
98,Mid-Level,4820.66,1057.3,1994.66,3763.36,480.53,3282.82,124.65,6939.97,2023-08-01
99,Mid-Level,5324.64,1241.49,2155.95,4083.15,519.77,3563.38,5.43,7486.02,2023-08-01
100,Mid-Level,4290.31,897.72,1571.88,3392.59,311.8,3080.79,107.53,5969.72,2023-08-01
101,Mid-Level,3840.84,899.49,1568.48,2941.35,276.37,2664.98,97.55,5506.87,2023-08-01
102,Mid-Level,3699.18,700.36,1096.8,2998.82,244.58,2754.24,87.03,4883.01,2023-08-01
103,Mid-Level,4146.77,994.58,1667.1,3152.19,248.17,2904.02,0.55,5814.42,2023-08-01
104,Mid-Level,5645.66,1125.79,1939.18,4519.87,534.97,3984.9,73.12,7657.96,2023-08-01
105,Mid-Level,3471.68,626.48,964.0,2845.2,281.31,2563.89,126.27,4561.95,2023-08-01
106,Mid-Level,4179.32,824.95,1450.88,3354.37,269.73,3084.64,93.76,5723.96,2023-08-01
107,Mid-Level,5093.78,986.84,1568.65,4106.93,509.06,3597.87,106.6,6769.03,2023-08-01
108,Mid-Level,4210.4,930.0,1523.88,3280.4,295.19,2985.21,40.32,5774.6,2023-08-01
109,Mid-Level,4022.96,873.71,1220.85,3149.24,220.98,2928.26,2.13,5245.93,2023-08-01
110,Mid-Level,3647.13,692.92,1492.7,2954.21,252.98,2701.23,65.45,5205.28,2023-08-01
111,Mid-Level,5061.49,1169.03,1760.96,3892.45,535.95,3356.51,121.96,6944.41,2023-08-01
112,Mid-Level,5561.03,1196.93,1647.59,4364.11,606.56,3757.54,113.07,7321.7,2023-08-01
113,Mid-Level,5529.12,1270.04,1926.25,4259.08,584.39,3674.68,12.68,7468.04,2023-08-01
114,Mid-Level,5863.9,1216.36,2018.79,4647.54,522.83,4124.7,14.78,7897.47,2023-08-01
115,Mid-Level,4135.63,833.66,1066.84,3301.97,251.38,3050.59,76.76,5279.23,2023-08-01
116,Mid-Level,5201.69,1028.53,1774.35,4173.17,582.35,3590.82,57.51,7033.56,2023-08-01
117,Mid-Level,4767.61,913.99,1544.34,3853.62,482.43,3371.2,2.67,6314.63,2023-08-01
118,Mid-Level,4235.57,954.35,1736.66,3281.22,284.79,2996.43,127.41,6099.64,2023-08-01
119,Mid-Level,3568.16,701.66,1312.87,2866.49,294.5,2572.0,120.82,5001.85,2023-08-01
120,Mid-Level,4631.71,852.84,1344.49,3778.87,520.4,3258.48,0.53,5976.74,2023-08-01
121,Mid-Level,5786.84,1192.17,2351.49,4594.67,605.18,3989.49,51.34,8189.67,2023-08-01
122,Mid-Level,3737.1,781.98,1122.91,2955.12,254.74,2700.38,28.84,4888.85,2023-08-01
123,Mid-Level,5567.36,1182.73,1567.95,4384.63,562.55,3822.08,113.77,7249.08,2023-08-01
124,Mid-Level,4276.24,785.46,1266.48,3490.78,263.52,3227.26,138.54,5681.26,2023-08-01
125,Mid-Level,3290.56,710.19,1139.34,2580.37,273.39,2306.98,26.25,4456.15,2023-08-01
126,Mid-Level,4443.05,1000.14,1429.24,3442.92,261.39,3181.52,123.06,5995.36,2023-08-01
127,Mid-Level,3885.91,743.79,1080.84,3142.12,329.18,2812.94,77.72,5044.47,2023-08-01
128,Mid-Level,4266.31,894.16,1274.13,3372.15,248.86,3123.29,70.52,5610.96,2023-08-01
129,Mid-Level,3635.05,871.54,1279.67,2763.51,266.08,2497.43,122.5,5037.22,2023-08-01
130,Mid-Level,4424.45,874.82,1735.78,3549.64,416.35,3133.28,9.41,6169.64,2023-08-01
131,Mid-Level,2633.96,586.25,940.6,2047.71,88.14,1959.57,137.77,3712.34,2023-08-01
132,Mid-Level,5106.13,964.98,1522.16,4141.15,539.83,3601.33,80.53,6708.82,2023-08-01
133,Mid-Level,5071.6,1074.72,2117.9,3996.88,514.27,3482.61,43.69,7233.2,2023-08-01
134,Mid-Level,3772.54,853.92,1385.46,2918.62,217.54,2701.09,54.89,5212.9,2023-08-01
135,Mid-Level,3766.19,767.66,1447.09,2998.53,321.25,2677.28,74.33,5287.61,2023-08-01
136,Mid-Level,5602.7,1278.57,2219.9,4324.13,502.52,3821.61,56.92,7879.52,2023-08-01
137,Mid-Level,4102.19,880.02,1527.31,3222.17,268.01,2954.16,140.57,5770.07,2023-08-01
138,Mid-Level,5034.78,964.57,2093.88,4070.21,455.16,3615.05,35.32,7163.98,2023-08-01
139,Mid-Level,2569.25,512.23,957.56,2057.02,80.55,1976.47,23.14,3549.95,2023-08-01
140,Mid-Level,4447.87,858.41,1331.17,3589.46,480.05,3109.41,34.97,5814.01,2023-08-01
141,Mid-Level,5573.17,1320.87,1856.54,4252.3,521.78,3730.52,78.31,7508.03,2023-08-01
142,Mid-Level,5391.73,1052.83,2052.78,4338.9,584.34,3754.56,96.4,7540.92,2023-08-01
143,Mid-Level,3800.02,856.98,1337.51,2943.04,224.05,2718.99,91.32,5228.86,2023-08-01
144,Mid-Level,2979.08,690.78,1033.38,2288.29,121.75,2166.54,50.69,4063.15,2023-08-01
145,Mid-Level,3056.44,605.41,1000.22,2451.02,100.16,2350.86,6.94,4063.6,2023-08-01
146,Mid-Level,3361.29,689.39,876.06,2671.9,286.46,2385.44,2.16,4239.52,2023-08-01
147,Mid-Level,5138.64,968.99,1633.24,4169.65,560.05,3609.61,16.93,6788.81,2023-08-01
148,Mid-Level,4861.19,901.36,1764.85,3959.83,444.03,3515.79,48.03,6674.07,2023-08-01
149,Mid-Level,3538.96,763.58,919.53,2775.38,223.78,2551.6,4.67,4463.15,2023-08-01
150,Mid-Level,4694.59,1005.86,1321.31,3688.73,460.92,3227.81,108.18,6124.08,2023-08-01
151,Mid-Level,4988.38,979.96,2030.12,4008.41,529.81,3478.6,37.46,7055.96,2023-08-01
152,Mid-Level,3253.6,686.4,1045.83,2567.2,183.31,2383.89,95.31,4394.74,2023-08-01
153,Mid-Level,5545.85,1145.94,1407.13,4399.91,548.99,3850.92,142.69,7095.67,2023-08-01
154,Mid-Level,6136.02,1148.53,1807.6,4987.49,584.19,4403.3,89.91,8033.53,2023-08-01
155,Mid-Level,3883.35,848.53,1616.46,3034.82,280.53,2754.29,56.88,5556.69,2023-08-01
156,Mid-Level,4596.18,917.16,1191.88,3679.02,435.34,3243.69,5.51,5793.57,2023-08-01
157,Mid-Level,3721.01,816.03,1333.33,2904.99,213.12,2691.87,105.7,5160.05,2023-08-01
158,Mid-Level,3107.25,691.58,848.24,2415.67,111.2,2304.47,7.61,3963.1,2023-08-01
159,Mid-Level,3581.47,673.24,1243.64,2908.23,243.01,2665.22,29.4,4854.51,2023-08-01
160,Mid-Level,3362.62,801.99,1248.55,2560.63,259.19,2301.44,130.8,4741.97,2023-08-01
161,Mid-Level,3438.72,806.84,1356.37,2631.88,252.65,2379.23,54.72,4849.82,2023-08-01
162,Mid-Level,3842.91,855.17,1149.77,2987.74,296.37,2691.37,92.2,5084.88,2023-08-01
163,Mid-Level,4110.47,781.56,1366.33,3328.91,243.6,3085.31,131.87,5608.66,2023-08-01
164,Mid-Level,8568.11,1683.05,3206.71,6885.06,1144.15,5740.9,106.9,11881.71,2023-08-01
165,Mid-Level,5288.29,1203.66,2124.74,4084.63,562.39,3522.25,120.94,7533.97,2023-08-01
166,Mid-Level,4955.04,904.8,1720.64,4050.25,455.41,3594.84,136.58,6812.26,2023-08-01
167,Mid-Level,4395.84,882.85,1374.8,3512.99,474.07,3038.91,71.53,5842.16,2023-08-01
168,Mid-Level,2679.49,593.8,1005.35,2085.69,87.89,1997.8,5.56,3690.4,2023-08-01
169,Mid-Level,3117.18,609.38,1263.91,2507.81,196.05,2311.75,4.76,4385.86,2023-08-01
170,Mid-Level,3359.84,691.09,1048.68,2668.75,206.18,2462.58,87.78,4496.29,2023-08-01
171,Mid-Level,6322.41,1162.25,1675.06,5160.16,756.6,4403.55,133.8,8131.27,2023-08-01
172,Mid-Level,6887.85,1634.59,1903.79,5253.26,754.2,4499.06,55.58,8847.22,2023-08-01
173,Mid-Level,3935.64,732.92,1367.85,3202.72,352.04,2850.68,41.96,5345.44,2023-08-01
174,Mid-Level,4558.84,1081.73,1543.34,3477.11,338.06,3139.05,60.25,6162.42,2023-08-01
175,Senior,7184.76,1429.92,2548.46,5754.85,936.88,4817.97,39.77,9772.99,2023-08-01
176,Senior,8436.1,1596.19,3030.83,6839.91,994.17,5845.73,139.63,11606.55,2023-08-01
177,Senior,6584.89,1544.05,2625.16,5040.84,778.06,4262.78,3.5,9213.55,2023-08-01
178,Senior,9357.94,2074.28,3189.19,7283.66,1145.22,6138.44,136.76,12683.89,2023-08-01
179,Senior,4931.12,1023.05,1452.64,3908.06,507.68,3400.38,0.73,6384.48,2023-08-01
180,Senior,5380.69,1129.0,1901.14,4251.68,562.84,3688.84,21.71,7303.53,2023-08-01
181,Senior,11427.12,2164.14,3495.14,9262.98,1497.42,7765.56,94.83,15017.08,2023-08-01
182,Senior,5526.99,1215.84,1610.54,4311.15,594.58,3716.56,22.35,7159.88,2023-08-01
183,Senior,6892.69,1317.43,2888.24,5575.26,940.95,4634.32,31.69,9812.62,2023-08-01
184,Senior,7002.18,1312.81,2574.37,5689.36,991.75,4697.61,138.28,9714.83,2023-08-01
185,Senior,3597.22,712.51,915.05,2884.72,204.98,2679.74,35.54,4547.82,2023-08-01
186,Senior,9263.22,1780.94,3468.86,7482.28,1060.84,6421.44,84.74,12816.82,2023-08-01
187,Senior,13686.93,3067.07,5391.88,10619.86,1768.26,8851.6,75.79,19154.61,2023-08-01
188,Senior,4040.79,927.46,1293.69,3113.33,265.3,2848.03,21.78,5356.26,2023-08-01
189,Senior,4796.89,1031.22,1672.85,3765.67,458.72,3306.94,53.1,6522.84,2023-08-01
190,Senior,7596.87,1473.42,2693.99,6123.45,860.01,5263.44,108.62,10399.48,2023-08-01
191,Senior,7102.82,1608.39,2336.8,5494.44,950.99,4543.44,74.91,9514.53,2023-08-01
192,Senior,9668.47,2040.07,2885.62,7628.4,1086.8,6541.6,97.39,12651.48,2023-08-01
193,Senior,12128.96,2320.13,3949.79,9808.84,1690.44,8118.4,88.95,16167.71,2023-08-01
194,Senior,8239.82,1868.08,3108.19,6371.74,901.84,5469.9,39.45,11387.46,2023-08-01
195,Senior,7097.56,1505.2,2117.55,5592.36,908.62,4683.74,51.47,9266.58,2023-08-01
196,Senior,5376.36,1148.79,1578.7,4227.57,513.8,3713.77,17.05,6972.11,2023-08-01
197,Senior,7924.1,1747.53,2035.48,6176.57,1108.31,5068.26,85.55,10045.13,2023-08-01
198,Senior,10888.58,2358.65,3652.31,8529.93,1485.82,7044.11,115.24,14656.13,2023-08-01
199,Senior,7617.42,1695.19,3055.34,5922.23,1010.9,4911.33,131.76,10804.52,2023-08-01
200,Senior,6087.67,1263.87,2007.25,4823.79,598.63,4225.16,46.97,8141.89,2023-08-01
201,Senior,7435.2,1339.09,2250.04,6096.11,918.91,5177.2,54.67,9739.91,2023-08-01
202,Senior,5648.07,1178.53,2110.9,4469.54,549.99,3919.55,79.64,7838.6,2023-08-01
203,Senior,5540.54,1068.48,2163.31,4472.06,531.96,3940.1,136.55,7840.4,2023-08-01
204,Senior,4164.72,992.6,1175.88,3172.12,305.13,2866.99,105.37,5445.97,2023-08-01
205,Senior,6412.17,1533.92,2047.94,4878.26,597.66,4280.6,131.55,8591.65,2023-08-01
206,Senior,5592.57,1091.6,1872.21,4500.98,558.63,3942.35,141.68,7606.45,2023-08-01
207,Senior,9095.87,2070.67,2945.12,7025.2,1238.94,5786.25,140.93,12181.91,2023-08-01
208,Senior,8812.64,1831.8,2413.15,6980.84,1168.86,5811.98,132.3,11358.09,2023-08-01
209,Senior,5627.94,1053.68,1848.85,4574.26,610.01,3964.25,129.24,7606.02,2023-08-01
210,Senior,7491.59,1789.79,2457.24,5701.8,871.56,4830.24,93.73,10042.57,2023-08-01
211,Senior,8005.62,1772.19,3101.04,6233.43,1043.01,5190.42,75.74,11182.4,2023-08-01
212,Senior,7199.65,1722.69,1911.4,5476.96,779.3,4697.67,8.37,9119.42,2023-08-01
213,Senior,9453.5,2122.5,3880.92,7331.0,1209.65,6121.35,109.67,13444.09,2023-08-01
214,Senior,6861.56,1524.04,2478.11,5337.52,759.63,4577.89,70.31,9409.98,2023-08-01
215,Senior,6893.05,1397.6,2313.75,5495.44,782.24,4713.21,73.88,9280.68,2023-08-01
216,Senior,6965.75,1397.7,2899.25,5568.05,816.71,4751.34,134.71,9999.71,2023-08-01
217,Senior,7848.98,1601.98,2377.22,6247.0,1022.16,5224.84,32.68,10258.88,2023-08-01
218,Senior,9609.93,2033.94,3308.39,7575.99,1297.69,6278.3,135.2,13053.52,2023-08-01
219,Senior,9014.43,1788.73,2729.53,7225.7,1155.48,6070.22,145.82,11889.78,2023-08-01
220,Senior,9735.93,2017.04,3800.85,7718.89,1112.19,6606.7,78.11,13614.9,2023-08-01
221,Senior,4202.61,959.37,1148.15,3243.24,233.21,3010.02,126.76,5477.51,2023-08-01
222,Senior,10356.48,2010.87,3575.45,8345.61,1234.6,7111.0,56.16,13988.08,2023-08-01
223,Senior,6842.07,1469.3,1826.07,5372.76,913.59,4459.17,43.41,8711.55,2023-08-01
224,Senior,6136.64,1365.75,2383.42,4770.89,549.5,4221.38,22.81,8542.86,2023-08-01
225,Manager,28006.08,6363.71,10847.44,21642.37,3460.38,18181.99,131.58,38985.09,2023-08-01
226,Manager,24323.09,5584.27,6390.56,18738.82,3166.87,15571.95,29.9,30743.55,2023-08-01
227,Manager,9710.56,2099.07,3910.75,7611.49,1147.2,6464.29,59.24,13680.56,2023-08-01
228,Manager,16299.11,3131.14,5052.48,13167.98,2026.02,11141.95,1.42,21353.01,2023-08-01
229,Manager,25113.01,5784.66,8735.08,19328.35,3290.21,16038.14,48.76,33896.85,2023-08-01
230,Manager,12917.85,2997.7,5368.12,9920.15,1485.91,8434.24,66.31,18352.28,2023-08-01
231,Manager,20069.95,4583.79,6691.84,15486.16,2407.74,13078.42,55.46,26817.25,2023-08-01
232,Manager,15855.08,3783.59,5529.99,12071.49,1727.12,10344.37,123.2,21508.27,2023-08-01
233,Manager,15307.26,2910.19,6149.9,12397.07,2022.62,10374.45,119.86,21577.02,2023-08-01
234,Manager,28753.94,5870.25,9819.61,22883.68,3558.54,19325.15,83.43,38656.98,2023-08-01
235,Manager,23608.64,4294.59,9308.43,19314.05,2938.15,16375.9,2.4,32919.48,2023-08-01
236,Manager,12186.28,2603.76,4287.74,9582.53,1356.08,8226.45,59.61,16533.63,2023-08-01
237,Manager,16417.12,3063.67,6445.36,13353.45,2348.04,11005.41,78.24,22940.72,2023-08-01
238,Manager,18793.63,4495.15,7587.95,14298.48,2540.6,11757.88,144.51,26526.09,2023-08-01
239,Manager,20437.63,4762.89,5421.61,15674.74,2731.45,12943.29,98.13,25957.37,2023-08-01
240,Manager,20936.89,4943.96,8622.02,15992.93,2307.31,13685.63,130.37,29689.28,2023-08-01
241,Manager,10499.05,2382.01,3101.22,8117.05,1291.36,6825.68,134.35,13734.63,2023-08-01
242,Manager,21150.6,4769.75,6484.74,16380.85,2919.43,13461.43,56.16,27691.51,2023-08-01
243,Manager,12989.41,2970.65,4579.3,10018.76,1691.97,8326.8,119.73,17688.45,2023-08-01
244,Manager,11688.37,2104.03,3380.92,9584.34,1637.46,7946.87,138.32,15207.61,2023-08-01
245,Manager,20133.73,3822.17,6070.7,16311.56,2302.97,14008.59,77.49,26281.92,2023-08-01
246,Manager,18426.19,4260.7,6549.88,14165.5,2341.61,11823.88,69.76,25045.83,2023-08-01
247,Manager,23727.73,5261.03,6750.11,18466.69,3266.92,15199.77,146.42,30624.25,2023-08-01
248,Manager,7755.24,1700.89,3060.89,6054.34,1010.15,5044.19,108.93,10925.05,2023-08-01
249,Manager,29193.84,6726.18,11131.93,22467.66,3361.56,19106.09,65.38,40391.14,2023-08-01
1,Intern,980.33,228.48,391.46,751.84,0.0,751.84,46.26,1418.04,2023-09-01
2,Intern,717.55,146.01,234.03,571.53,0.0,571.53,121.13,1072.7,2023-09-01
3,Intern,620.54,139.64,219.41,480.89,0.0,480.89,96.97,936.92,2023-09-01
4,Intern,813.4,176.06,232.05,637.35,0.0,637.35,95.16,1140.62,2023-09-01
5,Intern,814.59,148.35,230.58,666.24,0.0,666.24,14.22,1059.38,2023-09-01
6,Intern,660.98,143.06,259.21,517.91,0.0,517.91,24.32,944.5,2023-09-01
7,Intern,590.53,128.76,157.72,461.77,0.0,461.77,133.97,882.22,2023-09-01
8,Intern,865.38,191.16,261.76,674.21,0.0,674.21,5.96,1133.1,2023-09-01
9,Intern,815.92,154.08,229.02,661.83,0.0,661.83,118.98,1163.91,2023-09-01
10,Intern,870.93,170.56,234.25,700.38,0.0,700.38,65.75,1170.93,2023-09-01
11,Intern,813.4,156.07,248.27,657.33,0.0,657.33,122.98,1184.65,2023-09-01
12,Intern,622.5,133.76,167.3,488.73,0.0,488.73,83.6,873.4,2023-09-01
13,Junior,2441.31,506.32,870.19,1934.99,67.5,1867.49,135.42,3446.93,2023-09-01
14,Junior,2457.78,486.05,950.2,1971.73,67.05,1904.68,1.01,3408.99,2023-09-01
15,Junior,1959.11,436.32,636.94,1522.79,98.24,1424.55,34.34,2630.4,2023-09-01
16,Junior,3323.58,774.81,1191.75,2548.77,216.7,2332.08,31.9,4547.24,2023-09-01
17,Junior,2530.12,602.19,808.21,1927.93,82.23,1845.69,1.36,3339.69,2023-09-01
18,Junior,2075.07,466.72,621.92,1608.35,78.68,1529.67,115.27,2812.27,2023-09-01
19,Junior,2654.02,529.7,877.82,2124.32,120.53,2003.79,141.62,3673.47,2023-09-01
20,Junior,2455.92,491.77,865.87,1964.14,134.42,1829.73,0.53,3322.32,2023-09-01
21,Junior,3889.95,902.83,1124.82,2987.12,239.4,2747.72,13.37,5028.14,2023-09-01
22,Junior,2332.53,508.25,947.96,1824.27,108.5,1715.78,114.04,3394.53,2023-09-01
23,Junior,3617.27,682.32,946.84,2934.95,210.13,2724.82,143.37,4707.48,2023-09-01
24,Junior,2879.82,687.61,934.11,2192.22,115.43,2076.79,98.86,3912.79,2023-09-01
25,Junior,3180.1,748.66,1206.92,2431.44,99.43,2332.01,76.24,4463.26,2023-09-01
26,Junior,2241.16,469.63,674.97,1771.53,121.0,1650.53,94.25,3010.38,2023-09-01
27,Junior,2995.14,583.4,1048.69,2411.74,130.45,2281.28,145.86,4189.68,2023-09-01
28,Junior,2640.85,519.88,1066.29,2120.97,70.77,2050.2,81.37,3788.5,2023-09-01
29,Junior,2016.26,410.3,589.24,1605.96,64.95,1541.01,28.22,2633.72,2023-09-01
30,Junior,2138.44,407.35,717.0,1731.09,118.62,1612.47,76.37,2931.81,2023-09-01
31,Junior,2763.56,632.03,797.23,2131.52,103.12,2028.41,62.04,3622.83,2023-09-01
32,Junior,1859.85,405.56,612.27,1454.29,0.0,1454.29,21.68,2493.8,2023-09-01
33,Junior,3346.95,639.22,1169.97,2707.73,238.05,2469.68,2.57,4519.5,2023-09-01
34,Junior,2000.96,385.61,615.21,1615.36,69.37,1545.98,59.06,2675.24,2023-09-01
35,Junior,2414.09,470.67,989.03,1943.42,98.86,1844.56,138.2,3541.32,2023-09-01
36,Junior,2981.11,591.27,1050.88,2389.84,163.77,2226.07,34.83,4066.82,2023-09-01
37,Junior,2110.56,414.22,660.72,1696.34,67.06,1629.28,29.96,2801.24,2023-09-01
38,Junior,3262.86,647.88,954.44,2614.97,210.25,2404.72,23.56,4240.86,2023-09-01
39,Junior,1878.82,399.0,506.69,1479.82,0.0,1479.82,91.9,2477.41,2023-09-01
40,Junior,3762.85,834.52,981.22,2928.34,234.03,2694.3,0.62,4744.69,2023-09-01
41,Junior,3159.15,607.39,1049.94,2551.76,276.78,2274.98,108.6,4317.68,2023-09-01
42,Junior,1812.14,374.07,651.05,1438.08,0.0,1438.08,126.7,2589.9,2023-09-01
43,Junior,1952.15,467.51,678.08,1484.63,0.0,1484.63,119.82,2750.04,2023-09-01
44,Junior,1785.37,368.47,516.05,1416.9,0.0,1416.9,58.34,2359.76,2023-09-01
45,Junior,3207.79,672.45,1192.55,2535.33,195.92,2339.41,0.34,4400.68,2023-09-01
46,Junior,2782.19,576.29,762.39,2205.9,89.76,2116.14,106.92,3651.5,2023-09-01
47,Junior,2424.2,483.15,993.59,1941.05,125.05,1816.0,42.1,3459.9,2023-09-01
48,Junior,2956.39,658.91,1058.81,2297.48,81.53,2215.96,133.61,4148.82,2023-09-01
49,Junior,2422.77,549.8,824.23,1872.97,72.37,1800.59,100.28,3347.27,2023-09-01
50,Junior,2599.73,568.93,790.81,2030.8,139.54,1891.26,4.33,3394.86,2023-09-01
51,Junior,2152.68,389.26,675.93,1763.42,96.36,1667.06,125.2,2953.81,2023-09-01
52,Junior,3267.59,754.65,1059.85,2512.95,237.0,2275.95,69.87,4397.31,2023-09-01
53,Junior,1658.17,363.31,533.09,1294.85,0.0,1294.85,66.35,2257.6,2023-09-01
54,Junior,2762.25,556.0,1044.59,2206.26,76.72,2129.54,59.23,3866.08,2023-09-01
55,Junior,2633.87,607.31,744.82,2026.56,77.69,1948.87,3.25,3381.93,2023-09-01
56,Junior,2860.11,635.53,1147.61,2224.58,139.05,2085.54,129.43,4137.15,2023-09-01
57,Junior,2436.92,559.33,834.55,1877.59,111.31,1766.28,37.71,3309.19,2023-09-01
58,Junior,2807.38,665.53,1169.36,2141.85,148.11,1993.74,103.95,4080.68,2023-09-01
59,Junior,2104.44,392.79,696.14,1711.65,108.39,1603.26,9.04,2809.62,2023-09-01
60,Junior,2909.84,648.74,856.62,2261.1,140.75,2120.35,7.98,3774.43,2023-09-01
61,Junior,2772.93,579.5,927.67,2193.43,117.44,2075.99,10.46,3711.06,2023-09-01
62,Junior,2535.57,469.13,666.11,2066.45,101.69,1964.76,108.19,3309.87,2023-09-01
63,Junior,2001.2,406.5,507.49,1594.69,86.6,1508.09,126.45,2635.13,2023-09-01
64,Junior,3542.94,716.16,1240.12,2826.78,296.98,2529.8,138.27,4921.33,2023-09-01
65,Junior,3196.36,764.98,914.4,2431.38,155.29,2276.09,34.52,4145.28,2023-09-01
66,Junior,2010.98,426.81,771.54,1584.17,86.76,1497.41,107.67,2890.19,2023-09-01
67,Junior,3366.31,689.47,1018.95,2676.83,257.78,2419.05,4.06,4389.32,2023-09-01
68,Junior,1622.32,314.14,632.53,1308.18,0.0,1308.18,57.29,2312.15,2023-09-01
69,Junior,2130.09,445.28,692.18,1684.8,91.11,1593.69,87.76,2910.02,2023-09-01
70,Junior,2980.56,625.74,802.64,2354.82,147.73,2207.09,0.94,3784.14,2023-09-01
71,Junior,2845.34,623.68,947.45,2221.66,102.17,2119.5,73.56,3866.35,2023-09-01
72,Junior,2130.39,462.82,577.83,1667.57,67.4,1600.17,87.42,2795.65,2023-09-01
73,Junior,2375.85,472.86,904.28,1902.99,63.95,1839.04,111.88,3392.01,2023-09-01
74,Junior,1912.26,384.54,732.86,1527.72,46.83,1480.89,116.38,2761.5,2023-09-01
75,Mid-Level,3313.37,640.48,914.34,2672.89,202.37,2470.52,92.63,4320.34,2023-09-01
76,Mid-Level,5395.55,1174.55,1380.71,4221.0,573.34,3647.66,141.42,6917.69,2023-09-01
77,Mid-Level,6256.47,1137.37,2232.88,5119.11,795.46,4323.65,98.11,8587.46,2023-09-01
78,Mid-Level,3466.19,825.87,1243.93,2640.33,264.27,2376.05,45.34,4755.47,2023-09-01
79,Mid-Level,3546.32,669.08,1459.03,2877.24,270.25,2606.98,36.1,5041.45,2023-09-01
80,Mid-Level,3007.88,662.21,848.8,2345.67,161.92,2183.75,76.24,3932.91,2023-09-01
81,Mid-Level,6071.72,1297.93,2386.99,4773.78,592.95,4180.83,55.29,8514.0,2023-09-01
82,Mid-Level,2564.66,560.15,807.83,2004.51,134.21,1870.3,138.91,3511.41,2023-09-01
83,Mid-Level,5930.85,1244.93,1563.25,4685.92,645.47,4040.45,54.5,7548.6,2023-09-01
84,Mid-Level,4805.54,1104.43,1256.61,3701.12,469.55,3231.56,64.38,6126.53,2023-09-01
85,Mid-Level,3458.53,681.18,1001.84,2777.36,299.44,2477.91,79.97,4540.35,2023-09-01
86,Mid-Level,4032.79,892.22,1482.01,3140.57,307.63,2832.94,33.89,5548.69,2023-09-01
87,Mid-Level,2466.63,494.77,751.63,1971.85,108.66,1863.2,147.03,3365.29,2023-09-01
88,Mid-Level,3657.44,826.57,986.36,2830.86,296.24,2534.62,95.18,4738.99,2023-09-01
89,Mid-Level,4621.6,964.48,1469.49,3657.12,441.98,3215.14,123.3,6214.39,2023-09-01
90,Mid-Level,3927.12,837.38,1054.27,3089.74,224.72,2865.02,6.67,4988.06,2023-09-01
91,Mid-Level,4787.52,1081.06,1469.13,3706.46,517.41,3189.05,82.12,6338.77,2023-09-01
92,Mid-Level,4190.71,778.77,1607.24,3411.94,249.14,3162.8,82.98,5880.92,2023-09-01
93,Mid-Level,4514.49,969.03,1546.45,3545.46,417.77,3127.69,12.13,6073.07,2023-09-01
94,Mid-Level,3988.98,852.16,1219.37,3136.82,238.36,2898.46,88.6,5296.95,2023-09-01
95,Mid-Level,2789.43,518.02,973.73,2271.41,149.51,2121.9,46.38,3809.54,2023-09-01
96,Mid-Level,6994.52,1677.06,2451.46,5317.45,782.63,4534.82,17.0,9462.97,2023-09-01
97,Mid-Level,4109.3,937.57,1515.33,3171.72,257.84,2913.88,141.95,5766.57,2023-09-01
98,Mid-Level,4855.0,888.89,1650.32,3966.11,514.16,3451.95,137.75,6643.07,2023-09-01
99,Mid-Level,5345.98,1100.46,1393.69,4245.52,476.22,3769.3,133.65,6873.31,2023-09-01
100,Mid-Level,4575.35,967.34,1729.14,3608.01,469.18,3138.82,37.53,6342.02,2023-09-01
101,Mid-Level,3855.87,780.45,1557.92,3075.41,333.34,2742.08,32.24,5446.03,2023-09-01
102,Mid-Level,4474.73,837.2,1542.33,3637.54,454.63,3182.91,111.21,6128.27,2023-09-01
103,Mid-Level,4125.55,921.29,1475.55,3204.25,316.61,2887.65,29.46,5630.55,2023-09-01
104,Mid-Level,5658.03,1093.28,2332.64,4564.75,557.35,4007.4,71.84,8062.51,2023-09-01
105,Mid-Level,3484.03,796.83,932.66,2687.2,282.37,2404.82,50.47,4467.16,2023-09-01
106,Mid-Level,4202.49,822.63,1636.74,3379.86,355.31,3024.55,87.93,5927.17,2023-09-01
107,Mid-Level,5143.62,1099.52,1317.38,4044.1,498.33,3545.77,19.22,6480.22,2023-09-01
108,Mid-Level,4227.34,1002.26,1094.78,3225.07,327.22,2897.86,143.11,5465.23,2023-09-01
109,Mid-Level,3968.19,735.42,1271.62,3232.78,234.9,2997.88,7.0,5246.82,2023-09-01
110,Mid-Level,3642.06,712.38,1364.91,2929.68,303.07,2626.6,60.28,5067.25,2023-09-01
111,Mid-Level,5776.95,1338.55,1965.46,4438.4,613.13,3825.27,128.86,7871.27,2023-09-01
112,Mid-Level,5553.8,1168.45,1467.51,4385.35,487.75,3897.6,144.1,7165.42,2023-09-01
113,Mid-Level,5522.0,1139.85,2182.74,4382.14,592.85,3789.3,33.73,7738.46,2023-09-01
114,Mid-Level,5925.85,1214.36,2309.65,4711.49,638.35,4073.14,115.25,8350.75,2023-09-01
115,Mid-Level,4079.07,825.7,1490.5,3253.36,261.37,2991.99,106.96,5676.52,2023-09-01
116,Mid-Level,5692.7,1056.6,1821.18,4636.1,633.55,4002.55,140.44,7654.33,2023-09-01
117,Mid-Level,4787.39,939.55,1986.78,3847.84,503.81,3344.03,137.94,6912.1,2023-09-01
118,Mid-Level,4271.26,933.86,1204.77,3337.4,263.84,3073.57,145.01,5621.04,2023-09-01
119,Mid-Level,3536.0,753.59,951.67,2782.41,236.45,2545.96,45.03,4532.71,2023-09-01
120,Mid-Level,4665.65,947.8,1931.52,3717.85,514.09,3203.76,30.95,6628.11,2023-09-01
121,Mid-Level,5829.04,1058.16,1635.92,4770.88,544.77,4226.11,47.62,7512.58,2023-09-01
122,Mid-Level,3740.77,877.79,1570.91,2862.98,237.05,2625.93,76.31,5387.99,2023-09-01
123,Mid-Level,5549.06,1196.61,1925.15,4352.45,485.61,3866.84,28.26,7502.47,2023-09-01
124,Mid-Level,4829.36,1015.55,1904.14,3813.81,459.25,3354.56,116.47,6849.97,2023-09-01
125,Mid-Level,3257.46,608.25,1162.33,2649.21,231.52,2417.69,118.37,4538.17,2023-09-01
126,Mid-Level,4432.01,1054.29,1852.54,3377.72,238.69,3139.03,33.79,6318.34,2023-09-01
127,Mid-Level,3962.32,931.34,1260.08,3030.98,319.78,2711.2,113.62,5336.03,2023-09-01
128,Mid-Level,4272.77,888.88,1178.1,3383.89,353.29,3030.61,65.08,5515.95,2023-09-01
129,Mid-Level,3631.42,792.75,1292.53,2838.67,240.33,2598.34,9.24,4933.2,2023-09-01
130,Mid-Level,4455.76,1051.87,1734.43,3403.89,267.77,3136.12,73.99,6264.17,2023-09-01
131,Mid-Level,2650.98,519.25,926.75,2131.73,146.21,1985.52,130.18,3707.91,2023-09-01
132,Mid-Level,5089.53,1014.55,1520.68,4074.98,494.03,3580.95,36.14,6646.35,2023-09-01
133,Mid-Level,5076.24,1031.36,1547.34,4044.87,498.72,3546.15,44.54,6668.12,2023-09-01
134,Mid-Level,3792.24,767.8,973.07,3024.44,260.09,2764.36,51.73,4817.04,2023-09-01
135,Mid-Level,3758.44,759.87,1195.09,2998.57,308.58,2689.99,146.24,5099.77,2023-09-01
136,Mid-Level,5606.55,1326.94,1459.5,4279.61,584.15,3695.46,125.15,7191.2,2023-09-01
137,Mid-Level,4106.91,761.08,1422.26,3345.83,300.58,3045.26,12.39,5541.57,2023-09-01
138,Mid-Level,5008.01,1135.55,1873.0,3872.45,518.44,3354.01,121.21,7002.22,2023-09-01
139,Mid-Level,2518.7,579.99,954.88,1938.71,127.78,1810.93,25.39,3498.97,2023-09-01
140,Mid-Level,4472.02,901.87,1287.28,3570.15,463.15,3107.0,71.91,5831.2,2023-09-01
141,Mid-Level,6656.52,1505.18,2442.44,5151.34,913.77,4237.57,46.9,9145.86,2023-09-01
142,Mid-Level,5386.02,1202.1,1357.1,4183.92,531.4,3652.51,70.29,6813.41,2023-09-01
143,Mid-Level,3820.02,799.4,1591.15,3020.63,321.92,2698.71,74.17,5485.34,2023-09-01
144,Mid-Level,3040.0,686.99,925.79,2353.01,94.56,2258.44,134.06,4099.85,2023-09-01
145,Mid-Level,3113.45,611.4,1113.1,2502.04,219.1,2282.94,137.23,4363.78,2023-09-01
146,Mid-Level,3360.8,736.28,1266.67,2624.52,260.17,2364.36,122.42,4749.89,2023-09-01
147,Mid-Level,5175.39,1068.89,1418.23,4106.5,451.96,3654.54,127.62,6721.25,2023-09-01
148,Mid-Level,4906.91,1000.77,1370.32,3906.14,480.87,3425.27,51.52,6328.75,2023-09-01
149,Mid-Level,3536.74,812.3,884.56,2724.44,275.09,2449.35,108.88,4530.18,2023-09-01
150,Mid-Level,4718.73,1039.99,1472.99,3678.73,478.68,3200.05,45.62,6237.33,2023-09-01
151,Mid-Level,5728.59,1276.94,1823.95,4451.65,514.03,3937.62,127.28,7679.82,2023-09-01
152,Mid-Level,3242.75,708.94,1316.51,2533.81,227.87,2305.94,15.15,4574.4,2023-09-01
153,Mid-Level,6619.73,1473.18,2365.95,5146.55,728.27,4418.29,55.39,9041.08,2023-09-01
154,Mid-Level,6167.52,1139.12,2070.56,5028.4,877.05,4151.36,34.24,8272.33,2023-09-01
155,Mid-Level,3871.38,846.73,1111.94,3024.65,288.45,2736.19,48.77,5032.09,2023-09-01
156,Mid-Level,4625.73,917.45,1833.36,3708.28,491.6,3216.68,11.29,6470.37,2023-09-01
157,Mid-Level,3751.23,862.25,1566.01,2888.98,233.83,2655.15,103.44,5420.68,2023-09-01
158,Mid-Level,3637.26,777.47,1351.05,2859.79,296.39,2563.4,9.0,4997.32,2023-09-01
159,Mid-Level,3599.1,773.69,911.27,2825.41,277.87,2547.54,85.07,4595.44,2023-09-01
160,Mid-Level,3391.88,678.51,1262.2,2713.36,220.26,2493.1,121.61,4775.69,2023-09-01
161,Mid-Level,4704.03,1079.84,1897.3,3624.19,498.97,3125.22,81.3,6682.63,2023-09-01
162,Mid-Level,3857.51,792.08,1342.72,3065.43,292.72,2772.72,57.16,5257.39,2023-09-01
163,Mid-Level,4179.13,791.71,1698.49,3387.43,362.9,3024.53,10.02,5887.65,2023-09-01
164,Mid-Level,8637.24,1608.39,2206.55,7028.85,1009.94,6018.91,112.13,10955.92,2023-09-01
165,Mid-Level,5316.43,1267.69,1807.92,4048.74,454.5,3594.24,95.57,7219.92,2023-09-01
166,Mid-Level,4902.51,1110.93,1493.43,3791.57,529.83,3261.74,91.42,6487.36,2023-09-01
167,Mid-Level,5397.52,1010.91,1508.58,4386.61,574.36,3812.25,36.93,6943.02,2023-09-01
168,Mid-Level,2762.49,575.06,738.6,2187.43,133.88,2053.55,34.98,3536.07,2023-09-01
169,Mid-Level,3848.63,877.38,1555.39,2971.25,282.88,2688.37,17.19,5421.21,2023-09-01
170,Mid-Level,3335.24,785.03,1297.19,2550.21,193.28,2356.94,143.05,4775.48,2023-09-01
171,Mid-Level,6348.65,1245.43,2350.63,5103.23,852.41,4250.82,111.66,8810.94,2023-09-01
172,Mid-Level,7846.25,1511.73,2001.95,6334.51,1125.31,5209.2,62.8,9910.99,2023-09-01
173,Mid-Level,3935.91,885.18,1075.35,3050.73,229.09,2821.63,57.26,5068.52,2023-09-01
174,Mid-Level,4539.14,936.18,1321.8,3602.96,419.94,3183.03,128.76,5989.7,2023-09-01
175,Senior,7119.9,1464.74,2838.51,5655.16,907.36,4747.8,44.63,10003.04,2023-09-01
176,Senior,8366.64,1873.22,2463.75,6493.42,1107.73,5385.69,37.77,10868.16,2023-09-01
177,Senior,6566.29,1534.62,2319.69,5031.67,827.22,4204.45,111.72,8997.7,2023-09-01
178,Senior,9384.42,2073.35,2359.7,7311.07,1048.51,6262.56,149.47,11893.6,2023-09-01
179,Senior,4877.32,960.09,1884.39,3917.23,497.42,3419.81,135.68,6897.39,2023-09-01
180,Senior,5867.77,1071.84,1909.02,4795.92,537.45,4258.47,75.86,7852.64,2023-09-01
181,Senior,11454.15,2658.57,3546.92,8795.58,1385.8,7409.78,117.23,15118.3,2023-09-01
182,Senior,5485.27,1293.14,2098.93,4192.13,574.12,3618.02,17.31,7601.51,2023-09-01
183,Senior,6912.72,1369.94,2815.73,5542.78,963.73,4579.05,106.72,9835.17,2023-09-01
184,Senior,7065.06,1678.73,2135.14,5386.33,967.42,4418.92,75.62,9275.82,2023-09-01
185,Senior,4797.39,998.64,1457.9,3798.75,467.54,3331.22,56.5,6311.79,2023-09-01
186,Senior,9321.52,1761.23,2861.31,7560.29,1260.06,6300.22,26.55,12209.37,2023-09-01
187,Senior,13674.26,2707.26,4396.54,10967.0,1822.92,9144.08,146.48,18217.29,2023-09-01
188,Senior,4032.68,824.37,1622.71,3208.31,295.9,2912.41,137.54,5792.92,2023-09-01
189,Senior,4790.23,1077.28,1421.22,3712.95,519.29,3193.66,62.59,6274.04,2023-09-01
190,Senior,7610.55,1598.87,2844.9,6011.68,857.2,5154.48,13.51,10468.95,2023-09-01
191,Senior,7165.84,1393.32,3006.87,5772.53,832.56,4939.97,141.18,10313.89,2023-09-01
192,Senior,10254.38,2379.98,3948.24,7874.4,1363.38,6511.02,9.0,14211.62,2023-09-01
193,Senior,12076.93,2210.27,4569.04,9866.66,1431.67,8434.99,137.54,16783.51,2023-09-01
194,Senior,8255.11,1741.15,3073.99,6513.96,1059.56,5454.39,58.3,11387.4,2023-09-01
195,Senior,7141.14,1528.68,1875.44,5612.46,940.97,4671.49,8.23,9024.81,2023-09-01
196,Senior,5477.83,1203.48,1848.44,4274.35,590.17,3684.18,108.58,7434.85,2023-09-01
197,Senior,9886.19,1827.34,2926.63,8058.85,1357.09,6701.77,40.42,12853.24,2023-09-01
198,Senior,10938.31,2148.14,3340.71,8790.17,1335.97,7454.2,2.05,14281.07,2023-09-01
199,Senior,9535.18,1851.24,3825.22,7683.94,1265.09,6418.85,20.3,13380.7,2023-09-01
200,Senior,7457.01,1636.86,2202.23,5820.15,817.56,5002.59,73.91,9733.15,2023-09-01
201,Senior,7415.43,1472.82,2427.93,5942.61,888.3,5054.31,105.88,9949.24,2023-09-01
202,Senior,5637.42,1117.31,1760.92,4520.11,558.76,3961.34,20.85,7419.19,2023-09-01
203,Senior,5561.05,1113.57,2125.72,4447.49,516.31,3931.17,109.7,7796.47,2023-09-01
204,Senior,5552.25,1164.93,1550.68,4387.32,510.6,3876.72,61.5,7164.43,2023-09-01
205,Senior,6424.88,1484.3,2595.84,4940.59,559.2,4381.39,36.63,9057.36,2023-09-01
206,Senior,5682.28,1311.83,1923.29,4370.45,494.25,3876.2,82.68,7688.25,2023-09-01
207,Senior,9115.51,2097.78,3423.72,7017.74,1251.26,5766.48,137.27,12676.51,2023-09-01
208,Senior,8838.81,2059.39,3316.13,6779.41,1159.78,5619.64,46.88,12201.82,2023-09-01
209,Senior,5598.6,1294.72,2305.73,4303.87,595.1,3708.77,5.54,7909.87,2023-09-01
210,Senior,7579.4,1519.19,1918.55,6060.22,978.81,5081.41,67.58,9565.52,2023-09-01
211,Senior,10335.44,2047.9,3873.39,8287.54,1413.1,6874.43,128.26,14337.08,2023-09-01
212,Senior,7755.47,1711.6,2964.77,6043.87,848.05,5195.82,126.2,10846.44,2023-09-01
213,Senior,9462.26,2153.44,3158.5,7308.81,1256.85,6051.97,37.68,12658.44,2023-09-01
214,Senior,7504.96,1736.88,2395.62,5768.08,884.07,4884.02,138.88,10039.46,2023-09-01
215,Senior,8141.44,1586.04,2368.25,6555.4,1036.92,5518.48,79.62,10589.32,2023-09-01
216,Senior,6866.93,1351.39,2150.65,5515.54,919.66,4595.88,89.04,9106.62,2023-09-01
217,Senior,8896.96,1664.51,2626.45,7232.46,1019.18,6213.28,37.73,11561.14,2023-09-01
218,Senior,9655.74,1822.17,2608.7,7833.57,1262.31,6571.26,119.48,12383.92,2023-09-01
219,Senior,9000.88,1947.87,2406.68,7053.01,1032.37,6020.65,8.2,11415.76,2023-09-01
220,Senior,11280.73,2678.4,3517.78,8602.33,1237.36,7364.97,16.2,14814.72,2023-09-01
221,Senior,6026.74,1096.92,2081.45,4929.81,661.17,4268.64,42.88,8151.07,2023-09-01
222,Senior,10418.56,1915.97,3603.07,8502.59,1526.12,6976.47,16.89,14038.52,2023-09-01
223,Senior,6880.21,1534.06,2453.09,5346.15,856.65,4489.5,50.99,9384.29,2023-09-01
224,Senior,6091.01,1183.85,2433.21,4907.16,679.24,4227.92,11.04,8535.27,2023-09-01
225,Manager,28102.36,6072.55,7504.32,22029.81,3400.16,18629.65,102.2,35708.87,2023-09-01
226,Manager,30243.72,5923.68,11641.24,24320.04,3506.26,20813.79,88.19,41973.15,2023-09-01
227,Manager,9767.46,2056.35,2585.46,7711.1,1272.14,6438.97,114.44,12467.35,2023-09-01
228,Manager,16327.59,3825.84,5091.63,12501.75,2238.05,10263.7,114.34,21533.56,2023-09-01
229,Manager,25055.23,5626.33,9549.27,19428.9,2927.23,16501.68,112.6,34717.1,2023-09-01
230,Manager,12867.0,2528.27,4858.59,10338.73,1760.18,8578.55,45.19,17770.77,2023-09-01
231,Manager,20156.66,4005.86,8034.85,16150.8,2638.98,13511.81,110.84,28302.35,2023-09-01
232,Manager,15845.08,3474.24,6415.4,12370.85,1852.56,10518.29,99.01,22359.5,2023-09-01
233,Manager,15424.97,3415.66,4951.06,12009.31,1742.86,10266.45,7.93,20383.97,2023-09-01
234,Manager,28759.02,5284.67,11234.44,23474.35,3609.21,19865.14,111.79,40105.25,2023-09-01
235,Manager,23558.49,5006.49,6702.77,18552.0,2937.75,15614.25,95.95,30357.21,2023-09-01
236,Manager,12047.05,2531.77,3217.73,9515.28,1608.22,7907.06,95.98,15360.76,2023-09-01
237,Manager,16415.35,2963.97,6665.38,13451.38,1900.88,11550.5,148.98,23229.71,2023-09-01
238,Manager,21284.29,5062.99,5585.23,16221.29,2735.61,13485.68,23.19,26892.71,2023-09-01
239,Manager,20453.46,4511.43,5351.39,15942.03,2572.44,13369.59,20.82,25825.67,2023-09-01
240,Manager,23213.84,4183.27,9108.45,19030.57,3302.14,15728.43,128.39,32450.67,2023-09-01
241,Manager,10500.24,2259.36,3894.65,8240.88,1455.53,6785.35,105.54,14500.43,2023-09-01
242,Manager,21200.5,3877.31,6484.93,17323.19,2906.58,14416.62,10.39,27695.82,2023-09-01
243,Manager,12975.29,2805.9,4827.48,10169.39,1810.8,8358.59,107.81,17910.57,2023-09-01
244,Manager,11689.5,2342.35,3203.31,9347.15,1599.38,7747.77,98.03,14990.84,2023-09-01
245,Manager,20329.11,4768.3,7887.73,15560.81,2429.98,13130.82,19.72,28236.56,2023-09-01
246,Manager,22672.29,4478.77,5731.05,18193.52,2934.4,15259.12,21.3,28424.64,2023-09-01
247,Manager,23696.85,5551.27,8291.62,18145.57,3110.46,15035.12,63.3,32051.76,2023-09-01
248,Manager,7790.71,1676.71,2791.91,6113.99,930.19,5183.81,108.1,10690.71,2023-09-01
249,Manager,29239.62,6173.1,8597.69,23066.52,3790.3,19276.22,143.91,37981.22,2023-09-01
1,Intern,975.54,223.32,341.92,752.23,0.0,752.23,75.07,1392.53,2023-10-01
2,Intern,711.59,140.35,201.84,571.24,0.0,571.24,136.47,1049.91,2023-10-01
3,Intern,627.34,140.68,188.49,486.66,0.0,486.66,72.3,888.13,2023-10-01
4,Intern,790.3,145.25,223.42,645.05,0.0,645.05,132.38,1146.1,2023-10-01
5,Intern,786.55,159.98,253.19,626.58,0.0,626.58,112.14,1151.88,2023-10-01
6,Intern,670.58,149.5,242.07,521.08,0.0,521.08,2.33,914.99,2023-10-01
7,Intern,550.84,131.25,196.64,419.59,0.0,419.59,128.95,876.42,2023-10-01
8,Intern,864.95,182.6,255.52,682.35,0.0,682.35,92.29,1212.76,2023-10-01
9,Intern,785.95,178.55,198.43,607.4,0.0,607.4,100.33,1084.71,2023-10-01
10,Intern,896.24,172.61,269.79,723.62,0.0,723.62,96.92,1262.95,2023-10-01
11,Intern,821.86,168.02,340.22,653.84,0.0,653.84,88.42,1250.5,2023-10-01
12,Intern,620.22,117.31,227.62,502.91,0.0,502.91,137.7,985.54,2023-10-01
13,Junior,2466.99,527.41,625.37,1939.59,125.79,1813.79,65.28,3157.64,2023-10-01
14,Junior,2486.39,485.46,869.61,2000.93,70.96,1929.97,46.43,3402.43,2023-10-01
15,Junior,2005.67,419.3,783.3,1586.37,52.56,1533.81,106.07,2895.04,2023-10-01
16,Junior,3336.9,656.07,1316.08,2680.83,222.28,2458.55,36.58,4689.57,2023-10-01
17,Junior,2559.96,590.45,675.32,1969.51,59.3,1910.21,55.03,3290.31,2023-10-01
18,Junior,2057.4,383.26,780.32,1674.14,85.99,1588.16,128.75,2966.47,2023-10-01
19,Junior,2684.51,620.37,791.25,2064.14,134.1,1930.04,3.71,3479.46,2023-10-01
20,Junior,2510.31,556.87,673.87,1953.44,123.85,1829.59,59.45,3243.62,2023-10-01
21,Junior,3926.13,891.2,1309.3,3034.93,278.3,2756.63,47.9,5283.32,2023-10-01
22,Junior,2345.4,543.98,780.9,1801.42,84.25,1717.17,118.71,3245.01,2023-10-01
23,Junior,3604.65,709.54,1450.21,2895.11,264.42,2630.69,87.23,5142.09,2023-10-01
24,Junior,2866.93,674.49,1083.31,2192.44,117.63,2074.81,115.47,4065.71,2023-10-01
25,Junior,3180.35,649.99,801.35,2530.36,275.36,2254.99,140.63,4122.33,2023-10-01
26,Junior,2240.8,501.63,846.89,1739.17,59.19,1679.98,147.9,3235.59,2023-10-01
27,Junior,2989.1,654.6,1122.85,2334.5,156.84,2177.66,41.91,4153.86,2023-10-01
28,Junior,2660.27,589.16,677.3,2071.12,101.21,1969.91,121.24,3458.81,2023-10-01
29,Junior,2068.29,485.96,713.8,1582.33,71.26,1511.07,38.21,2820.3,2023-10-01
30,Junior,2652.62,534.01,831.65,2118.61,97.31,2021.3,15.94,3500.21,2023-10-01
31,Junior,2755.29,505.23,1125.08,2250.06,70.27,2179.79,102.44,3982.81,2023-10-01
32,Junior,1835.19,333.37,761.97,1501.82,75.24,1426.58,125.52,2722.68,2023-10-01
33,Junior,3658.24,798.56,1517.44,2859.68,295.99,2563.7,37.5,5213.18,2023-10-01
34,Junior,2034.11,451.71,546.68,1582.41,106.29,1476.12,81.65,2662.44,2023-10-01
35,Junior,2416.94,458.92,803.1,1958.02,59.57,1898.44,74.79,3294.83,2023-10-01
36,Junior,2964.08,648.9,1187.8,2315.18,116.71,2198.47,10.25,4162.13,2023-10-01
37,Junior,2090.87,459.75,599.37,1631.12,113.9,1517.22,120.42,2810.65,2023-10-01
38,Junior,3236.36,707.38,991.98,2528.99,178.72,2350.26,117.92,4346.26,2023-10-01
39,Junior,1916.27,371.59,735.23,1544.68,87.09,1457.59,113.79,2765.29,2023-10-01
40,Junior,3764.36,877.1,997.37,2887.27,209.06,2678.21,42.23,4803.97,2023-10-01
41,Junior,3208.81,636.75,830.81,2572.05,219.21,2352.84,91.04,4130.66,2023-10-01
42,Junior,1821.78,333.58,488.09,1488.2,0.0,1488.2,46.03,2355.89,2023-10-01
43,Junior,1915.45,355.02,615.55,1560.43,92.81,1467.61,107.54,2638.54,2023-10-01
44,Junior,1765.34,334.73,681.67,1430.62,0.0,1430.62,79.39,2526.4,2023-10-01
45,Junior,3230.79,589.62,1139.08,2641.17,212.32,2428.85,60.05,4429.91,2023-10-01
46,Junior,2741.5,623.05,968.2,2118.44,139.62,1978.82,73.89,3783.59,2023-10-01
47,Junior,2463.75,583.07,979.57,1880.69,84.59,1796.1,63.17,3506.49,2023-10-01
48,Junior,2935.19,646.18,1101.7,2289.0,131.69,2157.31,15.41,4052.29,2023-10-01
49,Junior,2426.05,570.72,806.91,1855.33,124.54,1730.79,7.44,3240.4,2023-10-01
50,Junior,2657.4,548.42,933.39,2108.98,108.87,2000.11,127.45,3718.24,2023-10-01
51,Junior,2157.96,405.85,582.13,1752.1,68.04,1684.07,148.58,2888.66,2023-10-01
52,Junior,3223.41,762.02,953.76,2461.4,139.11,2322.28,5.32,4182.49,2023-10-01
53,Junior,1688.66,376.54,563.04,1312.12,0.0,1312.12,83.84,2335.54,2023-10-01
54,Junior,2808.83,634.41,964.17,2174.42,100.68,2073.75,86.93,3859.92,2023-10-01
55,Junior,2634.63,497.69,683.0,2136.94,105.77,2031.17,91.31,3408.95,2023-10-01
56,Junior,3547.33,790.36,1216.58,2756.97,270.31,2486.66,71.96,4835.86,2023-10-01
57,Junior,2464.66,453.3,633.92,2011.36,110.08,1901.29,96.22,3194.81,2023-10-01
58,Junior,3156.59,664.26,1141.95,2492.33,135.6,2356.73,0.7,4299.24,2023-10-01
59,Junior,2074.68,459.91,586.98,1614.77,86.02,1528.75,10.7,2672.35,2023-10-01
60,Junior,2915.29,596.44,846.79,2318.84,122.09,2196.75,4.62,3766.7,2023-10-01
61,Junior,3280.14,596.97,1225.74,2683.17,260.22,2422.95,3.88,4509.76,2023-10-01
62,Junior,2589.44,517.14,710.76,2072.3,94.57,1977.73,73.63,3373.83,2023-10-01
63,Junior,1983.52,370.04,600.6,1613.48,56.63,1556.85,50.98,2635.11,2023-10-01
64,Junior,3904.1,773.61,1493.62,3130.5,282.19,2848.31,22.62,5420.35,2023-10-01
65,Junior,3222.85,674.77,1115.24,2548.08,223.51,2324.57,1.62,4339.71,2023-10-01
66,Junior,2013.1,444.42,634.88,1568.68,92.32,1476.35,24.17,2672.14,2023-10-01
67,Junior,3428.74,664.77,893.7,2763.98,252.09,2511.89,149.63,4472.07,2023-10-01
68,Junior,1649.43,301.3,603.38,1348.13,0.0,1348.13,136.58,2389.39,2023-10-01
69,Junior,2139.37,412.18,862.09,1727.19,69.34,1657.85,121.38,3122.84,2023-10-01
70,Junior,3036.53,683.83,1237.86,2352.71,79.38,2273.33,46.0,4320.39,2023-10-01
71,Junior,2907.19,683.79,1194.05,2223.4,106.52,2116.88,79.07,4180.31,2023-10-01
72,Junior,2133.97,469.94,688.64,1664.03,59.42,1604.61,128.09,2950.71,2023-10-01
73,Junior,2927.58,544.2,742.03,2383.38,126.96,2256.42,60.17,3729.78,2023-10-01
74,Junior,1971.91,447.39,765.52,1524.51,98.35,1426.16,3.43,2740.86,2023-10-01
75,Mid-Level,3335.74,688.44,1092.78,2647.3,239.73,2407.57,134.77,4563.3,2023-10-01
76,Mid-Level,5393.63,1041.93,1747.92,4351.7,537.09,3814.61,84.81,7226.36,2023-10-01
77,Mid-Level,6302.5,1456.81,2253.62,4845.69,606.2,4239.49,96.38,8652.5,2023-10-01
78,Mid-Level,4032.95,783.17,1122.39,3249.78,321.71,2928.07,1.24,5156.58,2023-10-01
79,Mid-Level,4256.97,992.24,1757.37,3264.73,286.7,2978.03,149.72,6164.07,2023-10-01
80,Mid-Level,2935.24,610.91,865.9,2324.34,97.93,2226.41,37.57,3838.72,2023-10-01
81,Mid-Level,6049.5,1334.36,1577.69,4715.13,629.16,4085.97,63.63,7690.82,2023-10-01
82,Mid-Level,2557.56,574.23,866.11,1983.33,101.15,1882.18,88.87,3512.53,2023-10-01
83,Mid-Level,5923.98,1319.7,1515.64,4604.28,613.98,3990.3,71.59,7511.21,2023-10-01
84,Mid-Level,4901.99,1100.86,1833.49,3801.14,474.01,3327.13,143.05,6878.54,2023-10-01
85,Mid-Level,3477.83,720.55,1392.68,2757.27,293.71,2463.57,33.24,4903.74,2023-10-01
86,Mid-Level,4140.41,769.27,1565.85,3371.14,261.87,3109.27,30.26,5736.51,2023-10-01
87,Mid-Level,2447.57,443.74,716.5,2003.83,78.74,1925.09,112.83,3276.9,2023-10-01
88,Mid-Level,3677.35,828.78,1482.68,2848.57,220.36,2628.21,7.68,5167.71,2023-10-01
89,Mid-Level,5184.77,1207.46,1524.85,3977.31,466.76,3510.55,30.16,6739.78,2023-10-01
90,Mid-Level,4749.05,855.78,1637.79,3893.27,432.57,3460.71,117.68,6504.52,2023-10-01
91,Mid-Level,5246.53,1209.2,1903.12,4037.33,472.61,3564.72,28.54,7178.19,2023-10-01
92,Mid-Level,4165.68,913.25,1282.36,3252.43,229.95,3022.49,98.76,5546.8,2023-10-01
93,Mid-Level,4538.71,830.47,1641.18,3708.24,500.28,3207.97,66.35,6246.25,2023-10-01
94,Mid-Level,4736.86,1026.48,1671.4,3710.38,417.09,3293.29,116.99,6525.25,2023-10-01
95,Mid-Level,3162.59,719.67,1187.23,2442.92,100.33,2342.59,131.09,4480.92,2023-10-01
96,Mid-Level,7009.47,1513.4,1908.52,5496.07,817.51,4678.56,11.26,8929.25,2023-10-01
97,Mid-Level,4122.03,877.97,1617.12,3244.06,303.04,2941.01,61.74,5800.89,2023-10-01
98,Mid-Level,4846.89,1139.33,1706.79,3707.55,478.65,3228.91,131.54,6685.23,2023-10-01
99,Mid-Level,5333.06,1217.03,2127.35,4116.03,460.2,3655.83,45.5,7505.91,2023-10-01
100,Mid-Level,4668.04,886.48,1864.88,3781.56,492.13,3289.43,110.28,6643.2,2023-10-01
101,Mid-Level,3964.0,738.37,1655.89,3225.63,262.96,2962.67,30.84,5650.73,2023-10-01
102,Mid-Level,4437.25,845.26,1354.11,3591.98,428.78,3163.2,66.34,5857.7,2023-10-01
103,Mid-Level,4786.32,982.91,1940.53,3803.41,460.25,3343.16,56.48,6783.34,2023-10-01
104,Mid-Level,5604.25,1023.31,2022.57,4580.94,528.68,4052.26,122.51,7749.33,2023-10-01
105,Mid-Level,3545.99,650.3,995.24,2895.69,273.26,2622.44,22.82,4564.05,2023-10-01
106,Mid-Level,5106.33,1033.4,1295.46,4072.93,451.47,3621.46,87.63,6489.42,2023-10-01
107,Mid-Level,5955.3,1354.92,2393.51,4600.37,511.09,4089.28,27.63,8376.44,2023-10-01
108,Mid-Level,4260.24,923.64,1132.53,3336.61,353.94,2982.67,12.39,5405.16,2023-10-01
109,Mid-Level,3956.05,743.65,1523.83,3212.4,260.8,2951.6,13.39,5493.27,2023-10-01
110,Mid-Level,3678.95,748.16,1002.04,2930.79,313.31,2617.48,38.7,4719.69,2023-10-01
111,Mid-Level,5819.33,1171.63,2193.25,4647.7,623.93,4023.77,62.8,8075.39,2023-10-01
112,Mid-Level,6128.36,1371.46,2065.6,4756.9,575.0,4181.91,131.48,8325.45,2023-10-01
113,Mid-Level,5571.36,1074.6,1578.53,4496.76,529.21,3967.55,143.09,7292.98,2023-10-01
114,Mid-Level,6628.61,1546.83,2569.58,5081.79,774.52,4307.27,7.81,9206.0,2023-10-01
115,Mid-Level,4072.33,810.4,1471.62,3261.93,265.05,2996.88,94.41,5638.35,2023-10-01
116,Mid-Level,5690.06,1135.77,1745.15,4554.3,581.64,3972.66,24.65,7459.86,2023-10-01
117,Mid-Level,4840.02,942.64,1453.08,3897.38,461.78,3435.6,89.1,6382.21,2023-10-01
118,Mid-Level,4267.96,800.76,1644.52,3467.2,257.22,3209.98,89.41,6001.89,2023-10-01
119,Mid-Level,3576.39,811.76,1450.79,2764.63,193.63,2571.0,67.71,5094.88,2023-10-01
120,Mid-Level,4750.94,959.07,1634.98,3791.87,432.19,3359.68,67.28,6453.21,2023-10-01
121,Mid-Level,5807.7,1176.97,2064.85,4630.73,619.98,4010.75,26.2,7898.75,2023-10-01
122,Mid-Level,3619.84,696.08,975.5,2923.76,316.73,2607.03,125.14,4720.48,2023-10-01
123,Mid-Level,5564.38,1271.06,2194.97,4293.32,488.95,3804.37,115.46,7874.81,2023-10-01
124,Mid-Level,4795.45,1101.18,1332.05,3694.27,516.72,3177.55,49.05,6176.54,2023-10-01
125,Mid-Level,3285.07,720.16,847.48,2564.91,190.38,2374.53,128.68,4261.23,2023-10-01
126,Mid-Level,4473.69,835.28,1193.76,3638.4,465.71,3172.69,146.71,5814.15,2023-10-01
127,Mid-Level,3937.42,855.58,1126.78,3081.83,325.17,2756.66,113.54,5177.74,2023-10-01
128,Mid-Level,4236.87,801.7,1270.81,3435.17,309.16,3126.01,82.93,5590.61,2023-10-01
129,Mid-Level,3587.15,651.06,1377.38,2936.08,257.25,2678.83,80.14,5044.67,2023-10-01
130,Mid-Level,4476.57,896.1,1646.09,3580.47,460.79,3119.68,28.44,6151.09,2023-10-01
131,Mid-Level,2639.32,494.96,1055.04,2144.36,146.56,1997.8,143.04,3837.4,2023-10-01
132,Mid-Level,5069.42,1031.17,1568.83,4038.25,557.62,3480.63,55.5,6693.75,2023-10-01
133,Mid-Level,5067.85,1117.58,1348.52,3950.27,468.05,3482.23,141.74,6558.11,2023-10-01
134,Mid-Level,3790.55,775.29,1084.7,3015.25,211.72,2803.54,76.38,4951.63,2023-10-01
135,Mid-Level,3736.36,783.5,1071.65,2952.86,271.73,2681.12,80.67,4888.67,2023-10-01
136,Mid-Level,5701.26,1362.84,1796.44,4338.41,522.2,3816.21,15.67,7513.36,2023-10-01
137,Mid-Level,4482.94,989.66,1745.85,3493.28,325.4,3167.88,39.95,6268.73,2023-10-01
138,Mid-Level,5037.9,1181.65,1404.96,3856.25,468.29,3387.96,19.22,6462.07,2023-10-01
139,Mid-Level,2558.37,468.8,811.95,2089.57,92.77,1996.8,21.48,3391.8,2023-10-01
140,Mid-Level,5518.35,1035.9,1408.97,4482.45,569.04,3913.42,20.99,6948.3,2023-10-01
141,Mid-Level,7014.58,1315.41,2862.55,5699.17,889.7,4809.48,148.21,10025.34,2023-10-01
142,Mid-Level,5920.07,1160.01,1996.74,4760.06,595.82,4164.24,118.0,8034.81,2023-10-01
143,Mid-Level,3821.81,752.46,1355.86,3069.36,238.33,2831.03,92.14,5269.82,2023-10-01
144,Mid-Level,3030.09,587.79,944.0,2442.3,144.96,2297.34,129.21,4103.29,2023-10-01
145,Mid-Level,3202.88,681.3,1103.44,2521.57,214.43,2307.14,85.29,4391.61,2023-10-01
146,Mid-Level,3405.59,706.03,854.77,2699.55,232.02,2467.54,122.39,4382.74,2023-10-01
147,Mid-Level,5968.55,1113.6,1857.3,4854.95,642.49,4212.45,82.78,7908.63,2023-10-01
148,Mid-Level,4921.15,993.02,1438.97,3928.13,436.68,3491.44,75.36,6435.47,2023-10-01
149,Mid-Level,3532.19,822.01,904.63,2710.18,270.94,2439.24,92.8,4529.62,2023-10-01
150,Mid-Level,4692.94,889.21,1405.65,3803.73,440.16,3363.57,34.9,6133.48,2023-10-01
151,Mid-Level,5794.3,1204.25,1465.04,4590.05,568.21,4021.84,4.46,7263.79,2023-10-01
152,Mid-Level,4156.76,769.51,1453.83,3387.25,329.94,3057.3,28.39,5638.98,2023-10-01
153,Mid-Level,6665.87,1401.91,1908.75,5263.96,937.45,4326.51,21.76,8596.38,2023-10-01
154,Mid-Level,6176.65,1451.3,2581.35,4725.35,587.8,4137.55,149.13,8907.13,2023-10-01
155,Mid-Level,3874.47,700.17,1103.6,3174.3,347.7,2826.6,94.31,5072.37,2023-10-01
156,Mid-Level,4715.3,976.09,1675.54,3739.21,522.99,3216.22,39.72,6430.56,2023-10-01
157,Mid-Level,3746.13,799.12,1467.76,2947.01,247.29,2699.72,92.56,5306.45,2023-10-01
158,Mid-Level,3635.42,813.06,1050.66,2822.36,242.66,2579.7,87.63,4773.71,2023-10-01
159,Mid-Level,3620.33,800.36,905.43,2819.97,300.46,2519.51,121.92,4647.67,2023-10-01
160,Mid-Level,3401.85,668.48,1009.42,2733.37,256.94,2476.43,56.03,4467.3,2023-10-01
161,Mid-Level,4763.02,1065.47,1444.36,3697.55,504.82,3192.72,144.43,6351.82,2023-10-01
162,Mid-Level,3837.58,736.41,1411.39,3101.17,322.23,2778.94,77.07,5326.03,2023-10-01
163,Mid-Level,4236.04,840.17,1295.72,3395.87,287.82,3108.05,148.8,5680.56,2023-10-01
164,Mid-Level,9041.39,2146.54,2651.3,6894.85,1203.17,5691.67,25.45,11718.14,2023-10-01
165,Mid-Level,5341.92,1175.55,1874.23,4166.37,580.35,3586.03,71.37,7287.52,2023-10-01
166,Mid-Level,5690.28,1304.23,1850.81,4386.05,571.08,3814.97,76.25,7617.34,2023-10-01
167,Mid-Level,5371.73,1067.37,1445.8,4304.37,487.27,3817.09,102.25,6919.78,2023-10-01
168,Mid-Level,2813.51,573.23,1145.95,2240.28,105.73,2134.55,79.94,4039.4,2023-10-01
169,Mid-Level,3802.67,806.34,1489.93,2996.33,244.03,2752.3,129.44,5422.04,2023-10-01
170,Mid-Level,3373.43,756.37,1078.47,2617.06,266.03,2351.03,18.35,4470.25,2023-10-01
171,Mid-Level,7413.58,1751.22,2962.03,5662.37,839.58,4822.79,33.74,10409.35,2023-10-01
172,Mid-Level,7849.58,1474.11,2068.96,6375.47,913.96,5461.51,112.95,10031.49,2023-10-01
173,Mid-Level,3934.96,726.5,1250.58,3208.46,251.27,2957.19,47.65,5233.18,2023-10-01
174,Mid-Level,5109.08,1082.41,1685.3,4026.67,512.6,3514.07,112.21,6906.59,2023-10-01
175,Senior,7054.65,1281.28,1778.65,5773.37,976.02,4797.35,107.68,8940.97,2023-10-01
176,Senior,8514.46,1851.71,3573.1,6662.74,1087.54,5575.21,132.45,12220.0,2023-10-01
177,Senior,6592.79,1222.3,2513.31,5370.5,831.17,4539.33,128.28,9234.38,2023-10-01
178,Senior,9368.01,1809.23,3902.94,7558.77,1165.72,6393.06,126.15,13397.1,2023-10-01
179,Senior,6068.84,1438.69,2241.1,4630.15,514.37,4115.78,104.3,8414.23,2023-10-01
180,Senior,7363.07,1588.78,2447.51,5774.29,977.44,4796.85,87.79,9898.37,2023-10-01
181,Senior,13641.92,2821.9,4431.3,10820.03,1828.18,8991.85,17.72,18090.95,2023-10-01
182,Senior,5517.06,1251.51,1830.86,4265.55,579.45,3686.09,1.18,7349.09,2023-10-01
183,Senior,9428.64,1999.48,2500.55,7429.16,1299.39,6129.77,120.41,12049.6,2023-10-01
184,Senior,7084.55,1500.37,2412.8,5584.18,845.75,4738.44,99.29,9596.64,2023-10-01
185,Senior,7010.72,1385.11,1783.79,5625.62,831.92,4793.7,66.95,8861.47,2023-10-01
186,Senior,11459.9,2637.92,3410.34,8821.98,1422.07,7399.9,90.54,14960.78,2023-10-01
187,Senior,14827.13,3033.06,5235.02,11794.07,1787.33,10006.75,26.71,20088.86,2023-10-01
188,Senior,4033.4,866.13,1405.34,3167.27,301.69,2865.58,69.76,5508.5,2023-10-01
189,Senior,4841.13,1050.79,1890.82,3790.35,520.75,3269.59,83.48,6815.43,2023-10-01
190,Senior,7563.89,1459.65,2744.34,6104.24,926.63,5177.62,60.87,10369.1,2023-10-01
191,Senior,7223.35,1415.67,2908.61,5807.69,1005.01,4802.67,6.37,10138.33,2023-10-01
192,Senior,10221.04,2043.33,4170.51,8177.71,1350.05,6827.66,19.12,14410.67,2023-10-01
193,Senior,13812.31,3069.46,3638.41,10742.85,1624.86,9117.99,86.13,17536.85,2023-10-01
194,Senior,10586.64,2230.26,4252.66,8356.38,1179.75,7176.63,17.51,14856.81,2023-10-01
195,Senior,7148.18,1581.38,2044.21,5566.8,891.49,4675.31,88.16,9280.54,2023-10-01
196,Senior,7619.84,1776.89,2685.1,5842.95,920.84,4922.11,65.56,10370.5,2023-10-01
197,Senior,9976.04,1970.41,3547.5,8005.63,1369.49,6636.13,10.55,13534.09,2023-10-01
198,Senior,10935.1,2268.52,2874.67,8666.58,1433.11,7233.47,31.65,13841.42,2023-10-01
199,Senior,9542.12,1929.24,2504.56,7612.88,1173.44,6439.44,40.81,12087.48,2023-10-01
200,Senior,7486.26,1476.61,2455.18,6009.65,920.16,5089.49,17.68,9959.12,2023-10-01
201,Senior,9308.29,2192.2,3310.78,7116.1,1178.94,5937.16,129.51,12748.58,2023-10-01
202,Senior,5649.79,1311.1,2359.17,4338.69,587.27,3751.42,64.8,8073.77,2023-10-01
203,Senior,5519.76,1287.55,1651.95,4232.21,573.2,3659.01,122.05,7293.76,2023-10-01
204,Senior,5595.87,1230.42,1505.66,4365.46,547.65,3817.81,71.55,7173.08,2023-10-01
205,Senior,6469.65,1222.68,2074.76,5246.98,799.98,4447.0,90.7,8635.11,2023-10-01
206,Senior,5651.55,1043.51,2048.39,4608.05,564.88,4043.17,88.64,7788.58,2023-10-01
207,Senior,9144.22,2147.23,2798.47,6996.99,1142.27,5854.72,52.26,11994.95,2023-10-01
208,Senior,8865.36,1855.34,2520.06,7010.02,1165.05,5844.97,80.15,11465.58,2023-10-01
209,Senior,6955.92,1500.65,1862.29,5455.27,867.48,4587.8,44.9,8863.11,2023-10-01
210,Senior,7538.05,1592.56,2123.88,5945.48,999.45,4946.04,22.67,9684.6,2023-10-01
211,Senior,10350.52,2398.57,2861.27,7951.96,1114.98,6836.98,147.18,13358.97,2023-10-01
212,Senior,7737.18,1487.61,2868.06,6249.57,1046.72,5202.85,129.15,10734.39,2023-10-01
213,Senior,10145.86,1837.72,2797.94,8308.14,1256.44,7051.71,22.46,12966.26,2023-10-01
214,Senior,7547.89,1574.35,2753.87,5973.54,855.32,5118.22,102.17,10403.93,2023-10-01
215,Senior,8243.88,1913.67,2702.7,6330.21,984.95,5345.26,76.12,11022.71,2023-10-01
216,Senior,8893.34,2059.29,3049.75,6834.05,1134.37,5699.69,103.73,12046.81,2023-10-01
217,Senior,8891.99,1676.91,3358.62,7215.08,1019.47,6195.6,127.96,12378.57,2023-10-01
218,Senior,9603.9,1774.24,2688.35,7829.66,1191.37,6638.28,68.39,12360.64,2023-10-01
219,Senior,8975.99,2125.35,2412.24,6850.64,1043.57,5807.07,131.37,11519.6,2023-10-01
220,Senior,11255.38,2126.26,3933.98,9129.13,1387.13,7741.99,10.03,15199.39,2023-10-01
221,Senior,6021.08,1109.94,2503.47,4911.14,597.59,4313.55,132.76,8657.31,2023-10-01
222,Senior,10460.47,2341.41,4178.14,8119.05,1321.43,6797.62,53.85,14692.45,2023-10-01
223,Senior,6899.06,1467.38,2716.91,5431.69,964.36,4467.32,74.26,9690.23,2023-10-01
224,Senior,6767.84,1483.5,2429.35,5284.33,768.52,4515.81,53.01,9250.2,2023-10-01
225,Manager,28234.51,6023.47,11560.24,22211.03,3696.12,18514.92,114.79,39909.54,2023-10-01
226,Manager,31326.69,7397.97,9794.69,23928.71,3573.17,20355.54,144.07,41265.45,2023-10-01
227,Manager,9765.34,2174.74,3568.16,7590.6,1314.55,6276.06,139.19,13472.69,2023-10-01
228,Manager,19764.37,3791.83,6431.93,15972.54,2330.79,13641.75,11.71,26208.01,2023-10-01
229,Manager,25116.38,4655.71,9106.59,20460.68,2898.55,17562.13,54.71,34277.69,2023-10-01
230,Manager,12884.04,2834.02,4943.43,10050.02,1539.43,8510.59,60.15,17887.62,2023-10-01
231,Manager,20133.33,4769.79,6579.62,15363.55,2307.32,13056.23,112.43,26825.38,2023-10-01
232,Manager,15983.01,3138.86,5274.94,12844.15,2052.77,10791.39,133.78,21391.73,2023-10-01
233,Manager,17615.16,3929.02,5775.42,13686.14,2178.91,11507.23,52.95,23443.53,2023-10-01
234,Manager,28747.49,5527.7,10317.44,23219.79,4157.64,19062.15,108.29,39173.22,2023-10-01
235,Manager,27905.04,5205.75,10145.59,22699.29,3893.26,18806.03,102.36,38153.0,2023-10-01
236,Manager,15557.84,3009.77,5710.64,12548.07,1951.07,10597.0,33.26,21301.75,2023-10-01
237,Manager,16425.9,3311.06,4363.06,13114.84,2021.22,11093.62,106.89,20895.84,2023-10-01
238,Manager,21269.56,5029.77,6455.91,16239.79,2586.58,13653.2,37.78,27763.25,2023-10-01
239,Manager,20335.18,3744.81,6293.09,16590.37,2856.25,13734.11,45.41,26673.67,2023-10-01
240,Manager,25471.43,5272.21,9335.91,20199.22,3344.15,16855.07,146.92,34954.27,2023-10-01
241,Manager,16769.75,3501.18,6157.83,13268.57,2226.15,11042.42,129.03,23056.61,2023-10-01
242,Manager,23919.04,5279.47,8094.42,18639.57,2728.41,15911.16,26.77,32040.22,2023-10-01
243,Manager,14476.38,3047.14,4915.97,11429.24,1955.53,9473.71,39.73,19432.08,2023-10-01
244,Manager,17935.86,4005.49,5123.91,13930.38,2313.32,11617.06,73.88,23133.65,2023-10-01
245,Manager,22196.21,4801.75,6325.44,17394.47,2661.41,14733.06,145.99,28667.64,2023-10-01
246,Manager,26454.61,5641.57,10602.92,20813.03,3054.56,17758.47,78.41,37135.93,2023-10-01
247,Manager,23656.71,4325.83,7043.18,19330.88,3032.71,16298.17,1.89,30701.77,2023-10-01
248,Manager,7742.69,1805.31,2847.83,5937.37,867.06,5070.32,36.82,10627.34,2023-10-01
249,Manager,29223.77,5623.89,11527.85,23599.88,3369.12,20230.75,135.63,40887.25,2023-10-01
1,Intern,1009.04,231.76,323.27,777.28,0.0,777.28,141.11,1473.42,2023-11-01
2,Intern,684.23,159.77,268.93,524.46,0.0,524.46,18.32,971.49,2023-11-01
3,Intern,623.72,112.35,164.91,511.37,0.0,511.37,87.38,876.01,2023-11-01
4,Intern,810.84,160.15,231.02,650.68,0.0,650.68,106.09,1147.94,2023-11-01
5,Intern,792.12,188.28,332.66,603.84,0.0,603.84,8.95,1133.73,2023-11-01
6,Intern,666.9,125.11,263.74,541.79,0.0,541.79,129.33,1059.97,2023-11-01
7,Intern,540.53,104.13,219.27,436.4,0.0,436.4,37.0,796.8,2023-11-01
8,Intern,881.86,208.18,252.63,673.68,0.0,673.68,75.19,1209.67,2023-11-01
9,Intern,769.57,156.87,237.44,612.71,0.0,612.71,91.37,1098.39,2023-11-01
10,Intern,892.98,182.12,369.25,710.86,0.0,710.86,103.75,1365.98,2023-11-01
11,Intern,838.97,171.4,294.89,667.57,0.0,667.57,138.62,1272.47,2023-11-01
12,Intern,612.57,146.75,180.94,465.82,0.0,465.82,40.93,834.44,2023-11-01
13,Junior,2436.36,455.21,643.37,1981.14,100.35,1880.79,17.58,3097.31,2023-11-01
14,Junior,2523.28,496.36,900.38,2026.92,78.27,1948.65,1.12,3424.77,2023-11-01
15,Junior,1960.52,381.14,580.18,1579.38,62.22,1517.16,122.93,2663.63,2023-11-01
16,Junior,3560.92,723.09,1256.96,2837.83,210.97,2626.87,85.55,4903.44,2023-11-01
17,Junior,2538.29,480.23,1034.33,2058.05,74.32,1983.73,113.85,3686.47,2023-11-01
18,Junior,2057.0,482.92,797.06,1574.08,50.98,1523.1,137.85,2991.92,2023-11-01
19,Junior,2717.92,534.88,1108.02,2183.04,138.75,2044.29,59.3,3885.24,2023-11-01
20,Junior,2531.46,507.8,818.06,2023.65,136.7,1886.95,45.93,3395.45,2023-11-01
21,Junior,3947.77,871.94,1306.14,3075.83,281.08,2794.75,132.54,5386.44,2023-11-01
22,Junior,2963.45,688.16,933.38,2275.3,154.58,2120.72,24.97,3921.8,2023-11-01
23,Junior,3630.48,783.79,1334.47,2846.69,212.88,2633.8,76.79,5041.74,2023-11-01
24,Junior,2871.29,645.18,1172.7,2226.11,132.08,2094.03,4.53,4048.53,2023-11-01
25,Junior,3178.59,634.08,1191.78,2544.51,225.64,2318.86,87.86,4458.24,2023-11-01
26,Junior,2797.38,580.71,890.07,2216.66,117.81,2098.85,17.36,3704.8,2023-11-01
27,Junior,2990.08,709.73,1149.67,2280.36,133.51,2146.85,53.21,4192.95,2023-11-01
28,Junior,2709.2,526.61,945.32,2182.58,98.13,2084.46,51.57,3706.09,2023-11-01
29,Junior,2099.98,474.59,754.38,1625.39,103.49,1521.9,26.23,2880.59,2023-11-01
30,Junior,2686.12,530.73,1097.53,2155.39,77.85,2077.54,85.91,3869.56,2023-11-01
31,Junior,2816.18,644.5,888.78,2171.68,107.4,2064.28,41.1,3746.06,2023-11-01
32,Junior,1912.26,346.83,529.74,1565.43,96.52,1468.91,77.75,2519.75,2023-11-01
33,Junior,3650.34,667.05,1397.34,2983.29,271.03,2712.25,33.6,5081.28,2023-11-01
34,Junior,2038.63,442.11,712.81,1596.52,60.81,1535.71,30.02,2781.47,2023-11-01
35,Junior,2413.38,519.58,772.77,1893.79,125.78,1768.01,0.26,3186.4,2023-11-01
36,Junior,2937.98,689.78,1213.03,2248.2,110.39,2137.81,92.89,4243.9,2023-11-01
37,Junior,2126.92,473.56,617.6,1653.35,84.64,1568.71,144.9,2889.42,2023-11-01
38,Junior,3282.83,620.68,1035.9,2662.15,278.91,2383.23,29.06,4347.79,2023-11-01
39,Junior,1909.97,456.21,778.27,1453.77,0.0,1453.77,62.37,2750.62,2023-11-01
40,Junior,3796.03,769.16,1297.48,3026.88,299.47,2727.41,39.87,5133.39,2023-11-01
41,Junior,3281.15,733.83,969.73,2547.33,248.52,2298.8,81.75,4332.63,2023-11-01
42,Junior,1815.82,334.23,733.32,1481.59,0.0,1481.59,130.65,2679.79,2023-11-01
43,Junior,1930.31,396.95,595.38,1533.36,73.79,1459.57,60.49,2586.18,2023-11-01
44,Junior,1815.86,332.81,577.3,1483.05,0.0,1483.05,127.76,2520.92,2023-11-01
45,Junior,3293.91,679.71,1313.36,2614.2,226.27,2387.93,89.88,4697.14,2023-11-01
46,Junior,2794.45,598.76,1128.74,2195.69,126.03,2069.66,117.73,4040.92,2023-11-01
47,Junior,2469.74,538.62,976.32,1931.12,105.82,1825.3,139.67,3585.74,2023-11-01
48,Junior,2973.78,650.67,1015.6,2323.11,149.97,2173.14,28.26,4017.65,2023-11-01
49,Junior,2449.37,479.77,926.98,1969.6,123.39,1846.21,54.66,3431.01,2023-11-01
50,Junior,2654.41,505.55,839.66,2148.86,84.62,2064.24,27.84,3521.9,2023-11-01
51,Junior,2160.05,407.36,761.43,1752.69,111.79,1640.9,128.39,3049.87,2023-11-01
52,Junior,3248.68,683.48,1296.58,2565.2,263.72,2301.48,102.9,4648.16,2023-11-01
53,Junior,1708.96,404.32,616.94,1304.64,0.0,1304.64,69.59,2395.49,2023-11-01
54,Junior,2823.61,598.41,829.28,2225.21,111.24,2113.97,36.52,3689.41,2023-11-01
55,Junior,2695.17,594.48,1058.79,2100.69,101.04,1999.65,23.36,3777.32,2023-11-01
56,Junior,3561.03,682.64,1354.17,2878.39,202.77,2675.62,142.11,5057.31,2023-11-01
57,Junior,2463.65,482.36,854.94,1981.29,109.92,1871.37,97.41,3416.0,2023-11-01
58,Junior,3174.05,712.96,1086.35,2461.09,80.03,2381.06,3.48,4263.88,2023-11-01
59,Junior,2141.98,493.09,714.29,1648.89,50.74,1598.15,130.58,2986.85,2023-11-01
60,Junior,2985.55,544.16,1005.4,2441.39,163.2,2278.18,56.1,4047.05,2023-11-01
61,Junior,3332.96,724.42,1097.9,2608.54,249.94,2358.6,146.11,4576.96,2023-11-01
62,Junior,3291.95,673.42,920.72,2618.52,226.05,2392.48,29.43,4242.11,2023-11-01
63,Junior,1999.47,372.08,800.63,1627.39,60.22,1567.17,146.28,2946.38,2023-11-01
64,Junior,3893.07,851.76,1566.26,3041.3,324.39,2716.91,54.08,5513.41,2023-11-01
65,Junior,3250.54,673.59,1215.89,2576.95,248.58,2328.37,72.11,4538.54,2023-11-01
66,Junior,2323.36,478.64,911.61,1844.71,66.99,1777.73,38.56,3273.53,2023-11-01
67,Junior,3486.19,698.69,1092.84,2787.5,295.9,2491.6,141.02,4720.06,2023-11-01
68,Junior,1857.17,423.26,776.84,1433.91,0.0,1433.91,2.13,2636.14,2023-11-01
69,Junior,2923.94,658.68,1100.81,2265.25,90.11,2175.14,19.49,4044.23,2023-11-01
70,Junior,3073.12,728.31,1076.95,2344.82,159.55,2185.27,130.07,4280.14,2023-11-01
71,Junior,2954.15,593.24,1146.96,2360.91,140.37,2220.55,109.87,4210.98,2023-11-01
72,Junior,2113.82,466.94,815.6,1646.88,113.47,1533.42,20.28,2949.71,2023-11-01
73,Junior,2940.61,551.03,1197.81,2389.58,103.14,2286.45,38.52,4176.94,2023-11-01
74,Junior,1990.85,451.3,546.34,1539.54,53.89,1485.65,30.5,2567.69,2023-11-01
75,Mid-Level,3352.56,713.23,923.26,2639.33,237.83,2401.5,18.09,4293.91,2023-11-01
76,Mid-Level,5461.27,1211.6,2176.58,4249.67,529.84,3719.83,58.31,7696.16,2023-11-01
77,Mid-Level,6301.5,1381.74,1670.62,4919.77,612.45,4307.31,9.74,7981.86,2023-11-01
78,Mid-Level,4081.68,858.76,1437.13,3222.91,323.49,2899.42,108.29,5627.1,2023-11-01
79,Mid-Level,5253.97,1000.49,1581.15,4253.48,501.04,3752.43,36.62,6871.74,2023-11-01
80,Mid-Level,2947.29,563.57,875.38,2383.72,81.71,2302.0,49.23,3871.91,2023-11-01
81,Mid-Level,6938.42,1497.52,2015.34,5440.9,951.86,4489.04,32.47,8986.23,2023-11-01
82,Mid-Level,2566.17,550.92,926.12,2015.25,76.17,1939.08,26.08,3518.37,2023-11-01
83,Mid-Level,5955.69,1290.69,2070.22,4664.99,600.17,4064.83,68.28,8094.19,2023-11-01
84,Mid-Level,4904.87,1076.28,1812.89,3828.59,520.23,3308.37,41.31,6759.07,2023-11-01
85,Mid-Level,3533.65,833.23,1075.52,2700.42,225.91,2474.51,40.04,4649.21,2023-11-01
86,Mid-Level,4167.94,876.04,1713.86,3291.9,287.23,3004.67,40.0,5921.79,2023-11-01
87,Mid-Level,2433.88,442.45,931.1,1991.43,104.71,1886.72,93.96,3458.95,2023-11-01
88,Mid-Level,3747.21,678.58,1153.31,3068.63,245.54,2823.09,83.83,4984.35,2023-11-01
89,Mid-Level,5761.27,1179.66,1577.9,4581.61,538.43,4043.19,49.73,7388.91,2023-11-01
90,Mid-Level,4768.98,948.02,1458.14,3820.96,495.91,3325.06,104.62,6331.74,2023-11-01
91,Mid-Level,5247.81,1152.56,1365.73,4095.25,460.69,3634.56,41.93,6655.47,2023-11-01
92,Mid-Level,4131.27,827.6,1473.87,3303.68,290.19,3013.48,106.03,5711.17,2023-11-01
93,Mid-Level,4505.4,906.65,1162.86,3598.76,503.76,3095.0,92.97,5761.24,2023-11-01
94,Mid-Level,4836.41,1007.13,1241.84,3829.28,433.8,3395.49,20.82,6099.07,2023-11-01
95,Mid-Level,3170.21,688.46,1195.11,2481.75,95.37,2386.37,125.51,4490.83,2023-11-01
96,Mid-Level,7004.29,1555.19,2385.49,5449.09,899.41,4549.69,106.71,9496.49,2023-11-01
97,Mid-Level,4195.88,932.97,1123.37,3262.91,253.23,3009.68,121.72,5440.97,2023-11-01
98,Mid-Level,4896.2,998.89,2021.49,3897.31,431.53,3465.78,148.7,7066.39,2023-11-01
99,Mid-Level,5358.66,1012.45,2017.17,4346.21,538.06,3808.15,124.43,7500.26,2023-11-01
100,Mid-Level,5463.97,1048.74,1786.68,4415.23,557.14,3858.09,71.93,7322.59,2023-11-01
101,Mid-Level,4004.41,820.07,1143.77,3184.34,235.47,2948.88,66.35,5214.53,2023-11-01
102,Mid-Level,4416.95,810.82,1576.44,3606.13,463.7,3142.43,59.87,6053.25,2023-11-01
103,Mid-Level,4782.06,1046.74,1238.42,3735.32,490.95,3244.36,142.31,6162.79,2023-11-01
104,Mid-Level,5606.36,1317.28,2335.51,4289.08,547.0,3742.08,142.57,8084.45,2023-11-01
105,Mid-Level,4148.4,796.57,1677.96,3351.83,287.76,3064.07,119.64,5946.01,2023-11-01
106,Mid-Level,5748.1,1347.1,1565.62,4401.0,491.93,3909.08,136.15,7449.87,2023-11-01
107,Mid-Level,5970.63,1093.58,1776.72,4877.05,539.23,4337.82,126.66,7874.01,2023-11-01
108,Mid-Level,4300.94,861.3,1239.91,3439.65,334.92,3104.72,137.04,5677.89,2023-11-01
109,Mid-Level,4685.01,1073.91,1950.4,3611.1,462.03,3149.07,81.41,6716.82,2023-11-01
110,Mid-Level,3672.66,827.24,1237.24,2845.42,228.41,2617.01,54.79,4964.7,2023-11-01
111,Mid-Level,5834.16,1187.14,2055.06,4647.02,548.61,4098.41,80.09,7969.3,2023-11-01
112,Mid-Level,6175.82,1167.46,2091.04,5008.36,806.25,4202.11,137.97,8404.83,2023-11-01
113,Mid-Level,5560.06,1266.38,2108.18,4293.67,535.25,3758.42,144.05,7812.29,2023-11-01
114,Mid-Level,6644.71,1442.68,2148.56,5202.03,761.72,4440.31,49.77,8843.05,2023-11-01
115,Mid-Level,4022.31,809.9,1500.96,3212.4,351.67,2860.74,22.64,5545.9,2023-11-01
116,Mid-Level,5745.48,1310.89,1796.73,4434.58,541.0,3893.58,9.07,7551.28,2023-11-01
117,Mid-Level,5595.35,1089.97,1749.94,4505.38,582.01,3923.37,94.3,7439.59,2023-11-01
118,Mid-Level,4244.41,978.39,1533.23,3266.02,318.83,2947.19,140.47,5918.1,2023-11-01
119,Mid-Level,3519.04,802.37,1286.5,2716.67,228.31,2488.36,21.98,4827.52,2023-11-01
120,Mid-Level,4769.27,1094.54,1733.0,3674.73,408.57,3266.17,2.17,6504.44,2023-11-01
121,Mid-Level,6969.25,1365.97,2456.57,5603.28,800.0,4803.28,70.23,9496.06,2023-11-01
122,Mid-Level,3587.76,787.7,1221.33,2800.07,207.46,2592.6,72.1,4881.2,2023-11-01
123,Mid-Level,5581.21,1087.63,1944.75,4493.58,611.23,3882.36,137.44,7663.4,2023-11-01
124,Mid-Level,4862.48,992.18,1229.72,3870.3,496.39,3373.91,2.87,6095.08,2023-11-01
125,Mid-Level,3353.85,648.53,1351.61,2705.32,201.68,2503.65,133.48,4838.94,2023-11-01
126,Mid-Level,4474.4,819.24,1270.21,3655.16,453.01,3202.15,62.32,5806.93,2023-11-01
127,Mid-Level,3975.93,948.6,1401.85,3027.33,306.87,2720.45,128.05,5505.83,2023-11-01
128,Mid-Level,4161.33,939.48,1218.39,3221.85,320.74,2901.11,35.8,5415.51,2023-11-01
129,Mid-Level,3609.52,699.69,1265.02,2909.83,261.51,2648.32,99.12,4973.66,2023-11-01
130,Mid-Level,4480.76,981.47,1509.5,3499.29,275.46,3223.83,126.86,6117.12,2023-11-01
131,Mid-Level,2700.43,515.09,833.43,2185.34,94.21,2091.13,54.01,3587.87,2023-11-01
132,Mid-Level,5059.65,934.37,2041.89,4125.28,572.86,3552.42,144.21,7245.75,2023-11-01
133,Mid-Level,5075.82,1086.07,1520.48,3989.75,478.76,3510.99,20.34,6616.63,2023-11-01
134,Mid-Level,3850.45,860.15,1528.48,2990.3,259.8,2730.5,34.01,5412.94,2023-11-01
135,Mid-Level,3748.27,890.63,1050.49,2857.64,237.72,2619.91,104.96,4903.72,2023-11-01
136,Mid-Level,5741.58,1185.01,1821.39,4556.56,622.6,3933.97,117.68,7680.65,2023-11-01
137,Mid-Level,5627.79,1280.67,1700.47,4347.12,561.43,3785.69,85.47,7413.73,2023-11-01
138,Mid-Level,5043.55,917.23,1762.22,4126.33,484.61,3641.72,16.55,6822.32,2023-11-01
139,Mid-Level,2552.51,499.03,659.98,2053.48,128.76,1924.73,3.45,3215.94,2023-11-01
140,Mid-Level,6160.16,1171.16,1664.93,4989.01,601.93,4387.08,43.16,7868.26,2023-11-01
141,Mid-Level,7046.19,1557.68,2833.92,5488.51,957.96,4530.55,69.62,9949.73,2023-11-01
142,Mid-Level,6261.87,1146.86,2234.31,5115.01,909.73,4205.27,117.17,8613.35,2023-11-01
143,Mid-Level,4468.78,839.87,1400.57,3628.91,450.86,3178.05,97.69,5967.04,2023-11-01
144,Mid-Level,3049.89,582.64,781.5,2467.25,83.23,2384.02,47.57,3878.96,2023-11-01
145,Mid-Level,3964.26,927.7,1333.42,3036.56,267.96,2768.59,7.47,5305.15,2023-11-01
146,Mid-Level,4132.01,847.97,1336.28,3284.04,340.93,2943.11,82.72,5551.01,2023-11-01
147,Mid-Level,6003.64,1102.69,2390.78,4900.94,682.24,4218.7,85.26,8479.67,2023-11-01
148,Mid-Level,4947.67,1116.31,1291.81,3831.36,463.86,3367.49,103.59,6343.08,2023-11-01
149,Mid-Level,3568.69,779.39,923.27,2789.29,238.21,2551.08,111.36,4603.32,2023-11-01
150,Mid-Level,4762.59,1062.89,1810.22,3699.7,445.05,3254.65,119.0,6691.81,2023-11-01
151,Mid-Level,5864.39,1197.39,1930.01,4667.0,519.97,4147.03,26.97,7821.37,2023-11-01
152,Mid-Level,4231.04,974.84,1745.05,3256.2,302.05,2954.15,92.28,6068.38,2023-11-01
153,Mid-Level,6642.88,1567.49,2015.21,5075.39,865.76,4209.62,54.91,8713.0,2023-11-01
154,Mid-Level,6916.4,1303.26,2076.25,5613.14,993.73,4619.41,65.32,9057.96,2023-11-01
155,Mid-Level,3872.04,881.41,1585.96,2990.63,310.69,2679.95,86.3,5544.3,2023-11-01
156,Mid-Level,4655.62,1064.24,1247.59,3591.37,436.62,3154.75,86.31,5989.52,2023-11-01
157,Mid-Level,3735.85,857.09,1321.9,2878.76,303.44,2575.32,98.13,5155.88,2023-11-01
158,Mid-Level,4057.9,841.19,1150.76,3216.71,322.75,2893.96,10.81,5219.47,2023-11-01
159,Mid-Level,4467.81,824.81,1717.71,3643.0,414.7,3228.3,149.3,6334.83,2023-11-01
160,Mid-Level,3363.01,667.13,1073.97,2695.88,197.84,2498.05,67.67,4504.66,2023-11-01
161,Mid-Level,4746.07,974.48,1240.64,3771.59,476.92,3294.66,38.17,6024.88,2023-11-01
162,Mid-Level,3845.79,867.74,1096.84,2978.05,230.7,2747.35,103.44,5046.08,2023-11-01
163,Mid-Level,4287.05,956.79,1465.71,3330.26,292.82,3037.44,43.22,5795.98,2023-11-01
164,Mid-Level,9082.81,1921.58,3706.11,7161.24,1008.38,6152.86,118.55,12907.47,2023-11-01
165,Mid-Level,5360.1,1037.9,2170.77,4322.2,604.35,3717.85,109.2,7640.07,2023-11-01
166,Mid-Level,6584.24,1420.59,2762.83,5163.65,909.22,4254.43,27.63,9374.7,2023-11-01
167,Mid-Level,5382.92,1240.82,1886.62,4142.1,480.23,3661.86,105.04,7374.58,2023-11-01
168,Mid-Level,2769.85,550.78,743.93,2219.07,135.46,2083.6,107.96,3621.74,2023-11-01
169,Mid-Level,3813.2,769.31,1034.19,3043.89,222.8,2821.09,43.02,4890.4,2023-11-01
170,Mid-Level,3346.38,647.74,918.21,2698.63,263.1,2435.53,141.83,4406.42,2023-11-01
171,Mid-Level,7528.62,1379.56,3031.63,6149.06,1036.61,5112.46,11.04,10571.29,2023-11-01
172,Mid-Level,7892.92,1766.17,3007.13,6126.75,938.88,5187.87,67.45,10967.5,2023-11-01
173,Mid-Level,3885.51,894.94,1013.27,2990.57,312.78,2677.79,61.6,4960.37,2023-11-01
174,Mid-Level,5120.48,987.73,1626.4,4132.75,515.94,3616.81,85.42,6832.3,2023-11-01
175,Senior,7054.45,1389.78,1862.65,5664.67,832.56,4832.12,34.01,8951.11,2023-11-01
176,Senior,8467.75,1807.01,2126.19,6660.74,1002.82,5657.91,23.44,10617.38,2023-11-01
177,Senior,8941.44,1642.7,2823.99,7298.75,1086.06,6212.69,54.29,11819.72,2023-11-01
178,Senior,9404.24,2054.07,2786.33,7350.17,1175.46,6174.71,67.72,12258.29,2023-11-01
179,Senior,7107.97,1590.97,2255.0,5517.0,871.14,4645.86,47.62,9410.59,2023-11-01
180,Senior,7376.82,1609.36,1986.29,5767.46,852.64,4914.82,54.2,9417.31,2023-11-01
181,Senior,13637.35,3100.56,3481.66,10536.79,1667.21,8869.58,35.86,17154.87,2023-11-01
182,Senior,5579.22,1032.69,1717.59,4546.53,615.58,3930.95,41.93,7338.73,2023-11-01
183,Senior,10130.36,2336.54,3836.48,7793.82,1283.0,6510.82,73.61,14040.44,2023-11-01
184,Senior,8055.81,1620.39,2361.85,6435.42,907.05,5528.37,123.23,10540.9,2023-11-01
185,Senior,6967.03,1291.83,1806.85,5675.2,875.88,4799.31,124.34,8898.22,2023-11-01
186,Senior,11480.32,2441.54,3568.89,9038.78,1606.12,7432.66,122.38,15171.58,2023-11-01
187,Senior,14961.59,2794.87,3938.45,12166.72,2100.28,10066.44,49.35,18949.4,2023-11-01
188,Senior,4018.6,739.63,1134.43,3278.97,296.01,2982.95,94.64,5247.67,2023-11-01
189,Senior,7101.93,1659.37,2935.33,5442.57,896.46,4546.11,129.51,10166.77,2023-11-01
190,Senior,7520.44,1414.86,1949.89,6105.59,1071.92,5033.67,143.45,9613.78,2023-11-01
191,Senior,7336.25,1505.57,3030.26,5830.68,1048.08,4782.6,121.29,10487.81,2023-11-01
192,Senior,10267.56,1966.81,3504.65,8300.76,1282.71,7018.05,35.45,13807.66,2023-11-01
193,Senior,13825.49,2581.21,4944.04,11244.28,1587.67,9656.62,14.57,18784.11,2023-11-01
194,Senior,11136.22,2570.09,3881.26,8566.13,1347.13,7219.0,6.65,15024.13,2023-11-01
195,Senior,7252.49,1414.04,2653.98,5838.44,963.52,4874.93,40.9,9947.37,2023-11-01
196,Senior,7599.52,1450.67,3132.58,6148.85,1057.95,5090.9,31.31,10763.4,2023-11-01
197,Senior,9962.22,2223.7,3927.83,7738.53,1349.43,6389.1,85.9,13975.95,2023-11-01
198,Senior,10969.54,2293.31,4245.4,8676.23,1396.05,7280.18,1.19,15216.12,2023-11-01
199,Senior,9545.69,2115.95,3007.84,7429.73,1208.28,6221.46,126.53,12680.06,2023-11-01
200,Senior,8457.44,1933.47,3433.06,6523.97,922.92,5601.05,13.82,11904.32,2023-11-01
201,Senior,9369.76,2188.49,3127.26,7181.27,1091.73,6089.54,38.13,12535.16,2023-11-01
202,Senior,7628.96,1759.72,2799.76,5869.23,837.58,5031.66,111.17,10539.89,2023-11-01
203,Senior,5495.41,1276.22,1623.2,4219.19,468.67,3750.52,118.72,7237.34,2023-11-01
204,Senior,5613.8,1160.86,2271.96,4452.94,525.24,3927.69,105.32,7991.08,2023-11-01
205,Senior,6494.33,1366.18,2245.2,5128.16,764.19,4363.97,98.68,8838.21,2023-11-01
206,Senior,6487.12,1529.1,2058.54,4958.03,671.73,4286.29,11.18,8556.85,2023-11-01
207,Senior,9196.29,1811.38,3307.67,7384.91,1287.04,6097.86,77.52,12581.48,2023-11-01
208,Senior,8928.41,1838.85,3666.47,7089.55,1190.56,5898.99,111.39,12706.26,2023-11-01
209,Senior,6889.45,1567.84,2127.64,5321.6,866.05,4455.55,73.84,9090.93,2023-11-01
210,Senior,9080.98,1873.37,3055.89,7207.61,1244.41,5963.2,76.99,12213.87,2023-11-01
211,Senior,10329.12,2186.6,3145.65,8142.52,1207.69,6934.84,105.44,13580.21,2023-11-01
212,Senior,7776.52,1530.39,2911.01,6246.13,1066.19,5179.94,11.97,10699.5,2023-11-01
213,Senior,10147.22,2288.02,3476.41,7859.2,1218.88,6640.32,70.51,13694.15,2023-11-01
214,Senior,7524.32,1518.36,2736.08,6005.95,877.36,5128.6,8.63,10269.03,2023-11-01
215,Senior,8362.56,1650.93,3490.97,6711.63,1130.85,5580.77,48.92,11902.44,2023-11-01
216,Senior,9904.97,1875.1,2811.02,8029.87,1138.65,6891.22,97.49,12813.48,2023-11-01
217,Senior,9011.42,1845.46,3096.55,7165.95,1091.42,6074.53,19.91,12127.87,2023-11-01
218,Senior,9622.85,1792.27,3918.77,7830.58,1315.48,6515.1,38.15,13579.77,2023-11-01
219,Senior,9037.68,1733.56,3497.56,7304.12,1249.63,6054.48,4.2,12539.43,2023-11-01
220,Senior,13541.17,3046.86,4465.28,10494.31,1475.95,9018.36,102.57,18109.01,2023-11-01
221,Senior,6064.51,1267.28,2256.89,4797.23,615.55,4181.68,72.88,8394.27,2023-11-01
222,Senior,10456.75,2429.49,3919.32,8027.27,1368.25,6659.01,56.07,14432.14,2023-11-01
223,Senior,6935.94,1327.04,2269.94,5608.91,803.37,4805.54,101.84,9307.72,2023-11-01
224,Senior,6768.84,1342.99,2804.92,5425.85,924.1,4501.75,2.39,9576.15,2023-11-01
225,Manager,33545.72,7081.73,8607.6,26463.99,3881.7,22582.29,41.77,42195.09,2023-11-01
226,Manager,31293.97,6292.17,12970.59,25001.8,3838.44,21163.36,95.72,44360.28,2023-11-01
227,Manager,9714.27,2158.64,2840.1,7555.63,1095.89,6459.74,82.9,12637.27,2023-11-01
228,Manager,19767.21,4028.88,7110.42,15738.32,2565.73,13172.59,115.83,26993.45,2023-11-01
229,Manager,25212.1,5732.71,10560.01,19479.39,3298.16,16181.24,97.32,35869.43,2023-11-01
230,Manager,17731.03,4135.9,6225.27,13595.13,2246.83,11348.3,23.32,23979.61,2023-11-01
231,Manager,20178.27,4307.92,7183.36,15870.36,2792.5,13077.86,83.22,27444.86,2023-11-01
232,Manager,16063.37,3310.07,5122.14,12753.3,2247.09,10506.21,96.89,21282.41,2023-11-01
233,Manager,17649.27,3825.62,5019.22,13823.65,2405.74,11417.91,127.44,22795.93,2023-11-01
234,Manager,35063.83,8177.1,10114.84,26886.73,3996.63,22890.11,135.3,45313.97,2023-11-01
235,Manager,34144.85,8029.21,10723.77,26115.64,4629.82,21485.82,84.14,44952.75,2023-11-01
236,Manager,21461.37,4804.78,7523.63,16656.58,2721.35,13935.23,69.01,29054.0,2023-11-01
237,Manager,16594.11,3801.03,4603.24,12793.07,1858.07,10935.0,138.8,21336.14,2023-11-01
238,Manager,21176.89,4337.88,7599.39,16839.01,2694.65,14144.36,27.97,28804.25,2023-11-01
239,Manager,20307.54,4279.42,7554.09,16028.12,2523.03,13505.09,27.53,27889.17,2023-11-01
240,Manager,25461.36,5827.39,9622.43,19633.98,3255.7,16378.28,107.8,35191.6,2023-11-01
241,Manager,20289.95,3751.77,5393.5,16538.18,2897.07,13641.11,12.75,25696.2,2023-11-01
242,Manager,23910.59,4624.67,8947.0,19285.92,3358.15,15927.77,23.97,32881.57,2023-11-01
243,Manager,20691.24,3924.25,7466.85,16766.99,2650.5,14116.49,69.32,28227.41,2023-11-01
244,Manager,17828.22,3721.37,5923.96,14106.85,2525.03,11581.82,65.92,23818.11,2023-11-01
245,Manager,25620.37,5336.98,8271.79,20283.39,3172.21,17111.18,46.98,33939.15,2023-11-01
246,Manager,32751.52,6517.11,12611.05,26234.41,4546.83,21687.58,64.3,45426.87,2023-11-01
247,Manager,23653.76,4529.62,7832.29,19124.14,2688.31,16435.83,65.52,31551.57,2023-11-01
248,Manager,7801.76,1463.04,2724.11,6338.72,958.01,5380.71,92.04,10617.91,2023-11-01
249,Manager,30572.08,6614.77,12117.8,23957.31,3968.52,19988.79,109.22,42799.11,2023-11-01
1,Intern,1029.48,240.64,297.42,788.84,0.0,788.84,30.98,1357.87,2023-12-01
2,Intern,665.21,121.64,231.43,543.57,0.0,543.57,38.08,934.72,2023-12-01
3,Intern,625.27,124.21,252.47,501.06,0.0,501.06,111.33,989.07,2023-12-01
4,Intern,838.65,175.11,244.17,663.54,0.0,663.54,34.51,1117.33,2023-12-01
5,Intern,779.13,149.67,250.68,629.45,0.0,629.45,0.03,1029.84,2023-12-01
6,Intern,691.0,135.81,278.01,555.19,0.0,555.19,140.33,1109.35,2023-12-01
7,Intern,524.21,96.42,209.03,427.8,0.0,427.8,129.56,862.81,2023-12-01
8,Intern,894.72,166.52,321.5,728.2,0.0,728.2,56.22,1272.45,2023-12-01
9,Intern,760.22,152.81,198.76,607.41,0.0,607.41,143.41,1102.39,2023-12-01
10,Intern,894.84,163.97,314.28,730.88,0.0,730.88,40.52,1249.64,2023-12-01
11,Intern,826.26,157.27,307.15,668.99,0.0,668.99,48.3,1181.71,2023-12-01
12,Intern,581.41,123.62,243.8,457.79,0.0,457.79,59.16,884.37,2023-12-01
13,Junior,2437.62,505.85,816.19,1931.76,125.67,1806.09,47.17,3300.97,2023-12-01
14,Junior,2544.19,585.73,972.48,1958.45,63.23,1895.22,108.64,3625.3,2023-12-01
15,Junior,1943.03,460.1,719.27,1482.93,0.0,1482.93,29.68,2691.98,2023-12-01
16,Junior,3586.25,843.17,1470.25,2743.08,275.25,2467.82,93.92,5150.41,2023-12-01
17,Junior,2840.08,516.28,752.92,2323.79,120.03,2203.77,93.75,3686.75,2023-12-01
18,Junior,2038.03,469.79,706.72,1568.23,65.18,1503.05,98.66,2843.41,2023-12-01
19,Junior,3274.85,762.39,1272.67,2512.46,187.06,2325.4,53.28,4600.8,2023-12-01
20,Junior,2562.4,494.75,840.36,2067.65,123.53,1944.12,47.54,3450.3,2023-12-01
21,Junior,3940.77,828.7,1407.66,3112.07,246.2,2865.87,108.21,5456.64,2023-12-01
22,Junior,3023.63,712.45,1152.18,2311.19,108.03,2203.16,110.04,4285.85,2023-12-01
23,Junior,3595.88,754.82,1491.59,2841.06,240.52,2600.53,46.19,5133.66,2023-12-01
24,Junior,2884.08,590.74,856.51,2293.33,69.0,2224.33,19.69,3760.28,2023-12-01
25,Junior,3236.11,684.12,851.68,2552.0,236.41,2315.58,47.85,4135.64,2023-12-01
26,Junior,2789.88,628.28,842.04,2161.61,135.73,2025.87,75.35,3707.28,2023-12-01
27,Junior,3024.13,710.3,767.17,2313.82,120.52,2193.31,133.45,3924.74,2023-12-01
28,Junior,2771.97,581.82,1054.58,2190.15,138.34,2051.81,67.61,3894.16,2023-12-01
29,Junior,2824.62,559.2,1041.58,2265.42,152.53,2112.89,126.72,3992.91,2023-12-01
30,Junior,2938.41,589.21,918.52,2349.2,122.14,2227.07,97.59,3954.52,2023-12-01
31,Junior,2876.13,655.04,729.74,2221.1,89.12,2131.98,12.99,3618.87,2023-12-01
32,Junior,1903.68,352.5,732.15,1551.18,67.21,1483.97,44.12,2679.95,2023-12-01
33,Junior,3649.02,699.76,1518.84,2949.26,237.95,2711.3,15.63,5183.49,2023-12-01
34,Junior,2234.15,420.93,658.59,1813.23,108.58,1704.65,126.4,3019.15,2023-12-01
35,Junior,2501.56,462.77,910.4,2038.79,121.68,1917.11,119.51,3531.48,2023-12-01
36,Junior,2957.38,590.81,864.05,2366.57,97.55,2269.02,77.67,3899.11,2023-12-01
37,Junior,2176.79,430.53,871.43,1746.26,62.21,1684.05,85.35,3133.56,2023-12-01
38,Junior,3294.02,714.33,938.23,2579.69,252.39,2327.3,55.27,4287.52,2023-12-01
39,Junior,1853.3,365.77,540.39,1487.52,0.0,1487.52,6.65,2400.33,2023-12-01
40,Junior,3748.35,691.58,979.55,3056.77,313.11,2743.66,146.58,4874.48,2023-12-01
41,Junior,3262.65,685.42,889.2,2577.24,188.38,2388.85,66.3,4218.16,2023-12-01
42,Junior,1868.47,436.18,737.47,1432.29,0.0,1432.29,75.38,2681.32,2023-12-01
43,Junior,1933.29,409.74,620.24,1523.55,64.26,1459.29,6.12,2559.66,2023-12-01
44,Junior,1826.01,371.89,734.52,1454.12,0.0,1454.12,121.04,2681.58,2023-12-01
45,Junior,3301.23,615.1,1027.33,2686.13,256.62,2429.51,47.3,4375.86,2023-12-01
46,Junior,2761.64,509.28,1141.25,2252.36,155.59,2096.77,138.64,4041.53,2023-12-01
47,Junior,2521.72,510.33,766.56,2011.39,88.69,1922.69,0.01,3288.29,2023-12-01
48,Junior,2985.15,698.29,1150.47,2286.86,101.56,2185.3,149.25,4284.87,2023-12-01
49,Junior,2490.94,450.83,694.11,2040.11,133.04,1907.07,132.22,3317.27,2023-12-01
50,Junior,2629.44,600.47,877.77,2028.96,79.47,1949.5,83.36,3590.57,2023-12-01
51,Junior,2135.4,500.66,639.06,1634.74,55.94,1578.8,102.71,2877.16,2023-12-01
52,Junior,3265.92,740.02,882.05,2525.9,205.24,2320.66,110.87,4258.84,2023-12-01
53,Junior,1689.04,389.11,681.34,1299.94,0.0,1299.94,1.25,2371.64,2023-12-01
54,Junior,2819.99,556.47,908.96,2263.52,84.82,2178.7,20.07,3749.01,2023-12-01
55,Junior,2703.92,507.3,904.67,2196.62,67.89,2128.74,45.32,3653.91,2023-12-01
56,Junior,3615.79,757.58,1277.1,2858.21,301.13,2557.08,112.41,5005.3,2023-12-01
57,Junior,2463.4,548.64,635.18,1914.76,132.59,1782.17,70.56,3169.14,2023-12-01
58,Junior,3186.76,709.14,1261.24,2477.62,108.95,2368.67,64.27,4512.27,2023-12-01
59,Junior,2172.93,494.08,547.05,1678.85,79.01,1599.85,141.12,2861.1,2023-12-01
60,Junior,3024.75,679.61,1223.58,2345.14,162.85,2182.29,96.57,4344.9,2023-12-01
61,Junior,3387.08,736.18,1081.98,2650.9,267.46,2383.44,118.45,4587.51,2023-12-01
62,Junior,3323.22,671.68,967.07,2651.53,255.46,2396.07,7.12,4297.41,2023-12-01
63,Junior,2659.01,576.61,709.5,2082.39,121.59,1960.8,72.17,3440.68,2023-12-01
64,Junior,3862.9,744.33,1204.07,3118.58,252.85,2865.73,46.33,5113.31,2023-12-01
65,Junior,3317.62,665.0,966.28,2652.63,282.44,2370.18,3.55,4287.45,2023-12-01
66,Junior,2960.81,592.88,774.99,2367.93,145.44,2222.48,74.91,3810.71,2023-12-01
67,Junior,3489.11,728.16,1013.88,2760.94,234.08,2526.86,115.22,4618.2,2023-12-01
68,Junior,2486.17,553.84,771.22,1932.33,75.86,1856.48,20.74,3278.13,2023-12-01
69,Junior,2932.74,606.97,1132.25,2325.77,106.18,2219.6,64.01,4128.99,2023-12-01
70,Junior,3051.04,654.32,1125.92,2396.73,166.11,2230.62,89.75,4266.71,2023-12-01
71,Junior,2969.34,554.92,954.6,2414.42,107.96,2306.46,101.9,4025.83,2023-12-01
72,Junior,2096.0,489.24,847.91,1606.76,63.89,1542.87,149.47,3093.38,2023-12-01
73,Junior,2971.35,598.87,832.35,2372.49,140.31,2232.18,53.82,3857.52,2023-12-01
74,Junior,1992.83,466.71,729.92,1526.12,52.04,1474.09,24.86,2747.6,2023-12-01
75,Mid-Level,3332.64,716.81,883.22,2615.83,215.12,2400.71,112.24,4328.09,2023-12-01
76,Mid-Level,6640.84,1384.06,1845.38,5256.78,910.03,4346.75,19.33,8505.55,2023-12-01
77,Mid-Level,6307.86,1449.46,1886.18,4858.4,554.05,4304.35,97.86,8291.9,2023-12-01
78,Mid-Level,4875.8,1122.44,1323.21,3753.36,505.94,3247.42,97.36,6296.38,2023-12-01
79,Mid-Level,5189.35,1078.56,1394.41,4110.79,494.17,3616.62,16.88,6600.65,2023-12-01
80,Mid-Level,2916.52,592.34,1048.18,2324.18,126.64,2197.54,56.18,4020.88,2023-12-01
81,Mid-Level,6964.54,1546.61,2655.98,5417.93,807.44,4610.49,106.04,9726.56,2023-12-01
82,Mid-Level,2601.71,618.45,664.02,1983.27,107.93,1875.34,134.93,3400.66,2023-12-01
83,Mid-Level,6006.4,1148.63,1655.76,4857.77,655.83,4201.94,138.15,7800.31,2023-12-01
84,Mid-Level,4926.11,1095.76,2063.17,3830.35,467.82,3362.53,129.64,7118.93,2023-12-01
85,Mid-Level,4026.74,898.8,1039.1,3127.94,233.09,2894.86,133.81,5199.66,2023-12-01
86,Mid-Level,4139.23,793.43,1492.37,3345.8,366.31,2979.49,148.32,5779.91,2023-12-01
87,Mid-Level,2939.75,685.38,1187.46,2254.36,103.28,2151.08,141.12,4268.33,2023-12-01
88,Mid-Level,4243.79,1000.74,1725.4,3243.05,229.97,3013.08,32.51,6001.7,2023-12-01
89,Mid-Level,5763.35,1189.91,2075.24,4573.43,515.63,4057.81,105.32,7943.9,2023-12-01
90,Mid-Level,4793.27,871.66,1535.04,3921.61,461.72,3459.89,40.46,6368.77,2023-12-01
91,Mid-Level,5290.69,1079.5,1961.11,4211.19,560.54,3650.65,148.53,7400.33,2023-12-01
92,Mid-Level,4203.47,792.89,1656.63,3410.58,320.03,3090.55,44.63,5904.73,2023-12-01
93,Mid-Level,5318.84,1248.91,1629.75,4069.94,498.17,3571.77,5.14,6953.74,2023-12-01
94,Mid-Level,5307.4,1035.81,1802.21,4271.59,530.99,3740.6,29.48,7139.09,2023-12-01
95,Mid-Level,3193.04,594.15,873.26,2598.89,224.92,2373.97,146.65,4212.95,2023-12-01
96,Mid-Level,7041.9,1281.72,2333.34,5760.18,1001.37,4758.82,9.57,9384.8,2023-12-01
97,Mid-Level,4172.95,921.98,1300.45,3250.97,229.49,3021.48,82.97,5556.37,2023-12-01
98,Mid-Level,6084.21,1242.85,2437.95,4841.36,604.03,4237.33,125.7,8647.86,2023-12-01
99,Mid-Level,5326.11,1277.18,1859.81,4048.93,528.09,3520.84,5.88,7191.81,2023-12-01
100,Mid-Level,6154.7,1309.01,2482.81,4845.69,657.47,4188.22,88.07,8725.58,2023-12-01
101,Mid-Level,4096.42,880.98,1215.92,3215.44,261.06,2954.38,130.58,5442.92,2023-12-01
102,Mid-Level,4397.35,953.35,1247.02,3444.0,364.02,3079.98,111.64,5756.01,2023-12-01
103,Mid-Level,4782.03,1130.68,1380.94,3651.35,480.1,3171.25,83.58,6246.56,2023-12-01
104,Mid-Level,6663.17,1291.36,2562.66,5371.81,812.82,4558.99,104.03,9329.85,2023-12-01
105,Mid-Level,4178.41,884.41,1442.76,3294.0,287.18,3006.82,59.04,5680.21,2023-12-01
106,Mid-Level,5790.51,1375.25,1532.65,4415.26,562.2,3853.05,128.38,7451.54,2023-12-01
107,Mid-Level,5989.11,1252.25,2181.41,4736.86,530.21,4206.65,5.77,8176.29,2023-12-01
108,Mid-Level,4371.7,832.55,1803.02,3539.15,402.98,3136.17,28.1,6202.81,2023-12-01
109,Mid-Level,4685.09,1054.94,1304.1,3630.16,415.01,3215.15,129.87,6119.07,2023-12-01
110,Mid-Level,3697.34,788.73,1299.42,2908.6,295.09,2613.51,56.19,5052.95,2023-12-01
111,Mid-Level,5825.28,1164.65,2355.73,4660.63,563.37,4097.26,88.88,8269.89,2023-12-01
112,Mid-Level,6246.38,1389.06,2439.6,4857.32,664.18,4193.14,131.58,8817.56,2023-12-01
113,Mid-Level,5527.78,1239.31,1627.25,4288.46,481.84,3806.63,35.92,7190.94,2023-12-01
114,Mid-Level,6722.07,1293.62,2014.08,5428.44,800.32,4628.13,67.82,8803.97,2023-12-01
115,Mid-Level,3994.55,765.65,1498.27,3228.9,253.35,2975.55,75.38,5568.2,2023-12-01
116,Mid-Level,6075.54,1171.22,1669.59,4904.31,590.62,4313.69,117.67,7862.8,2023-12-01
117,Mid-Level,5663.53,1118.1,2091.48,4545.42,629.83,3915.59,24.34,7779.35,2023-12-01
118,Mid-Level,5375.19,1202.23,1508.53,4172.96,563.75,3609.21,107.42,6991.14,2023-12-01
119,Mid-Level,3489.39,819.25,1200.6,2670.14,246.67,2423.47,66.56,4756.55,2023-12-01
120,Mid-Level,4666.32,917.39,1687.99,3748.93,508.51,3240.42,129.75,6484.05,2023-12-01
121,Mid-Level,6998.07,1420.35,1901.43,5577.72,896.17,4681.55,122.23,9021.73,2023-12-01
122,Mid-Level,3587.01,804.53,1129.92,2782.48,284.31,2498.16,29.22,4746.15,2023-12-01
123,Mid-Level,5557.82,1236.54,1427.91,4321.28,488.12,3833.16,84.61,7070.34,2023-12-01
124,Mid-Level,4890.67,998.97,1552.58,3891.71,468.73,3422.97,111.02,6554.28,2023-12-01
125,Mid-Level,3377.96,629.81,1373.53,2748.14,278.14,2470.01,128.44,4879.92,2023-12-01
126,Mid-Level,4931.47,1141.58,1739.9,3789.89,482.2,3307.69,44.72,6716.09,2023-12-01
127,Mid-Level,3948.03,913.68,1353.16,3034.35,308.47,2725.88,126.67,5427.86,2023-12-01
128,Mid-Level,4219.7,886.84,1356.78,3332.86,264.31,3068.55,142.05,5718.52,2023-12-01
129,Mid-Level,4193.35,857.69,1103.98,3335.66,363.02,2972.64,7.27,5304.6,2023-12-01
130,Mid-Level,4500.68,886.08,1571.38,3614.6,399.28,3215.32,48.83,6120.89,2023-12-01
131,Mid-Level,2730.66,626.71,1101.85,2103.95,67.22,2036.73,106.89,3939.4,2023-12-01
132,Mid-Level,5048.55,1157.93,1610.39,3890.62,488.31,3402.3,117.31,6776.25,2023-12-01
133,Mid-Level,5050.85,1160.24,1986.19,3890.61,543.08,3347.53,57.26,7094.3,2023-12-01
134,Mid-Level,3900.93,876.05,1367.29,3024.88,322.56,2702.32,65.49,5333.7,2023-12-01
135,Mid-Level,3722.12,821.45,1236.73,2900.68,218.09,2682.59,59.38,5018.23,2023-12-01
136,Mid-Level,6182.75,1244.85,1853.43,4937.9,587.8,4350.09,43.97,8080.15,2023-12-01
137,Mid-Level,5639.44,1194.69,1757.09,4444.74,502.39,3942.35,4.28,7400.8,2023-12-01
138,Mid-Level,5004.16,960.46,1251.32,4043.7,478.45,3565.25,114.77,6370.25,2023-12-01
139,Mid-Level,2530.2,551.76,910.84,1978.44,137.02,1841.42,115.63,3556.66,2023-12-01
140,Mid-Level,6167.5,1392.99,2311.65,4774.51,584.41,4190.1,118.79,8597.94,2023-12-01
141,Mid-Level,7150.4,1571.36,2629.97,5579.04,824.82,4754.22,116.78,9897.15,2023-12-01
142,Mid-Level,6351.33,1425.27,2625.19,4926.06,664.42,4261.63,2.2,8978.72,2023-12-01
143,Mid-Level,4457.34,1003.02,1366.44,3454.32,280.52,3173.8,27.78,5851.57,2023-12-01
144,Mid-Level,3088.86,668.15,1200.59,2420.71,121.07,2299.65,20.28,4309.73,2023-12-01
145,Mid-Level,3977.93,812.4,1349.16,3165.53,330.44,2835.09,136.2,5463.28,2023-12-01
146,Mid-Level,4119.2,893.26,1301.62,3225.94,344.78,2881.16,116.92,5537.74,2023-12-01
147,Mid-Level,6009.9,1365.97,2292.4,4643.92,636.29,4007.64,24.08,8326.38,2023-12-01
148,Mid-Level,4947.02,937.39,1835.33,4009.63,491.09,3518.53,126.23,6908.58,2023-12-01
149,Mid-Level,3549.39,676.41,1308.11,2872.98,238.96,2634.02,24.2,4881.71,2023-12-01
150,Mid-Level,4823.75,918.81,1536.33,3904.94,508.62,3396.32,53.67,6413.76,2023-12-01
151,Mid-Level,5936.32,1247.28,1627.46,4689.04,633.19,4055.85,15.54,7579.31,2023-12-01
152,Mid-Level,4269.22,889.46,1649.52,3379.77,355.55,3024.22,49.34,5968.09,2023-12-01
153,Mid-Level,6667.78,1452.46,2738.21,5215.32,884.46,4330.86,3.24,9409.23,2023-12-01
154,Mid-Level,6882.59,1389.31,1917.84,5493.28,862.77,4630.51,123.89,8924.31,2023-12-01
155,Mid-Level,3865.46,923.2,997.51,2942.27,259.36,2682.91,38.85,4901.82,2023-12-01
156,Mid-Level,5447.94,1102.48,1983.89,4345.45,553.93,3791.52,139.05,7570.88,2023-12-01
157,Mid-Level,3751.03,895.83,1119.88,2855.2,214.73,2640.47,107.04,4977.95,2023-12-01
158,Mid-Level,4400.47,1014.14,1780.77,3386.33,275.41,3110.92,140.97,6322.21,2023-12-01
159,Mid-Level,4442.12,924.33,1243.89,3517.79,472.87,3044.92,110.87,5796.89,2023-12-01
160,Mid-Level,3371.69,756.01,887.8,2615.68,275.95,2339.73,87.02,4346.51,2023-12-01
161,Mid-Level,4747.27,1053.1,1545.71,3694.16,505.05,3189.11,40.0,6332.98,2023-12-01
162,Mid-Level,3936.05,905.94,999.93,3030.11,290.97,2739.14,39.37,4975.34,2023-12-01
163,Mid-Level,4335.8,999.86,1179.98,3335.93,305.48,3030.46,134.01,5649.79,2023-12-01
164,Mid-Level,9129.34,2027.04,2586.03,7102.3,994.64,6107.66,60.46,11775.84,2023-12-01
165,Mid-Level,5676.75,1027.07,1637.72,4649.68,632.68,4017.0,56.41,7370.88,2023-12-01
166,Mid-Level,6524.01,1347.36,2060.56,5176.65,800.61,4376.04,112.83,8697.4,2023-12-01
167,Mid-Level,5352.93,1226.17,1726.85,4126.76,469.17,3657.59,71.91,7151.69,2023-12-01
168,Mid-Level,2763.55,586.22,1110.9,2177.33,126.87,2050.46,134.51,4008.95,2023-12-01
169,Mid-Level,3873.44,725.82,995.37,3147.62,230.98,2916.64,15.22,4884.03,2023-12-01
170,Mid-Level,3319.62,795.9,1026.1,2523.72,236.24,2287.48,144.43,4490.15,2023-12-01
171,Mid-Level,7557.81,1495.95,2270.04,6061.86,1029.06,5032.8,17.88,9845.73,2023-12-01
172,Mid-Level,7945.35,1884.34,2068.6,6061.01,1079.36,4981.64,67.99,10081.93,2023-12-01
173,Mid-Level,3892.51,786.02,1542.95,3106.48,232.95,2873.53,59.51,5494.96,2023-12-01
174,Mid-Level,5174.17,1006.12,1402.14,4168.04,465.42,3702.62,137.5,6713.81,2023-12-01
175,Senior,7015.5,1669.93,2150.04,5345.56,762.84,4582.72,3.08,9168.61,2023-12-01
176,Senior,10494.63,2021.26,4375.7,8473.38,1222.5,7250.87,39.53,14909.86,2023-12-01
177,Senior,10431.05,2182.74,3034.61,8248.31,1407.55,6840.76,28.51,13494.17,2023-12-01
178,Senior,9356.0,2171.45,3808.55,7184.55,1215.15,5969.4,80.48,13245.03,2023-12-01
179,Senior,7143.32,1576.32,2667.52,5566.99,813.8,4753.2,134.77,9945.6,2023-12-01
180,Senior,9503.09,1912.88,3780.32,7590.21,1131.79,6458.42,121.59,13405.0,2023-12-01
181,Senior,14995.56,3188.31,3816.23,11807.25,1789.43,10017.82,109.1,18920.88,2023-12-01
182,Senior,5667.37,1311.99,1578.91,4355.38,505.29,3850.09,53.53,7299.81,2023-12-01
183,Senior,10157.5,2098.26,3325.4,8059.24,1298.21,6761.03,3.71,13486.61,2023-12-01
184,Senior,9408.88,1847.87,3439.99,7561.0,1313.79,6247.22,19.82,12868.68,2023-12-01
185,Senior,6956.87,1616.17,2091.76,5340.7,804.42,4536.28,12.36,9060.99,2023-12-01
186,Senior,12249.49,2255.05,4205.63,9994.45,1486.07,8508.38,31.06,16486.18,2023-12-01
187,Senior,15043.39,2794.14,4020.71,12249.25,2185.64,10063.6,101.62,19165.72,2023-12-01
188,Senior,4031.77,885.69,1286.73,3146.08,305.71,2840.37,140.62,5459.12,2023-12-01
189,Senior,7081.97,1493.92,2793.75,5588.05,942.41,4645.64,101.7,9977.41,2023-12-01
190,Senior,7547.75,1806.68,2134.03,5741.07,1023.31,4717.75,74.15,9755.93,2023-12-01
191,Senior,7347.46,1556.65,2825.02,5790.81,826.12,4964.7,14.28,10186.76,2023-12-01
192,Senior,10215.02,2203.52,3932.05,8011.5,1145.31,6866.19,14.13,14161.2,2023-12-01
193,Senior,13883.15,2541.48,5829.68,11341.67,1610.26,9731.41,140.49,19853.33,2023-12-01
194,Senior,13148.11,3002.51,3330.73,10145.6,1701.38,8444.22,134.18,16613.02,2023-12-01
195,Senior,7275.08,1355.75,2336.12,5919.34,884.85,5034.49,149.9,9761.09,2023-12-01
196,Senior,7573.61,1393.69,2580.93,6179.92,979.32,5200.6,113.48,10268.02,2023-12-01
197,Senior,10029.7,2346.1,3496.39,7683.6,1287.05,6396.55,70.75,13596.84,2023-12-01
198,Senior,11027.51,2208.78,3482.93,8818.73,1416.99,7401.74,42.41,14552.85,2023-12-01
199,Senior,9528.18,1822.42,3996.55,7705.76,1103.63,6602.13,19.5,13544.23,2023-12-01
200,Senior,8431.73,1987.16,2504.3,6444.57,1119.67,5324.9,18.86,10954.89,2023-12-01
201,Senior,9343.96,2113.17,2465.9,7230.79,1072.16,6158.64,115.8,11925.67,2023-12-01
202,Senior,7721.08,1615.62,2701.65,6105.47,931.21,5174.25,149.41,10572.15,2023-12-01
203,Senior,5473.39,1296.72,1847.04,4176.68,576.47,3600.21,44.12,7364.55,2023-12-01
204,Senior,5673.96,1330.23,1947.25,4343.73,536.7,3807.03,47.31,7668.52,2023-12-01
205,Senior,6461.33,1246.32,2324.29,5215.02,824.81,4390.21,141.48,8927.1,2023-12-01
206,Senior,6462.78,1446.23,1776.24,5016.56,768.55,4248.01,119.27,8358.3,2023-12-01
207,Senior,9244.66,1764.45,2588.86,7480.21,1092.01,6388.19,113.43,11946.95,2023-12-01
208,Senior,9062.46,2002.08,2824.89,7060.38,1176.35,5884.04,125.21,12012.56,2023-12-01
209,Senior,9315.83,1910.04,3631.75,7405.79,1187.65,6218.14,0.02,12947.6,2023-12-01
210,Senior,9064.42,1763.0,3482.51,7301.42,1168.4,6133.02,36.77,12583.7,2023-12-01
211,Senior,10419.64,2468.92,4150.96,7950.72,1427.08,6523.64,10.38,14580.99,2023-12-01
212,Senior,7806.97,1468.37,3000.54,6338.6,1125.76,5212.85,51.94,10859.45,2023-12-01
213,Senior,12567.66,2806.65,4155.64,9761.02,1591.86,8169.16,44.16,16767.46,2023-12-01
214,Senior,8975.0,1948.96,2750.32,7026.04,1068.39,5957.66,86.83,11812.15,2023-12-01
215,Senior,8374.38,1869.34,2803.13,6505.04,1024.19,5480.85,77.3,11254.81,2023-12-01
216,Senior,9914.89,2005.73,2863.69,7909.15,1150.52,6758.63,19.88,12798.46,2023-12-01
217,Senior,9039.21,2085.91,3488.8,6953.29,1159.52,5793.77,32.68,12560.68,2023-12-01
218,Senior,9631.18,1869.78,4005.18,7761.4,1347.83,6413.57,29.5,13665.86,2023-12-01
219,Senior,9047.14,2037.77,2885.96,7009.37,1058.59,5950.78,133.29,12066.39,2023-12-01
220,Senior,13516.67,3192.53,3484.59,10324.14,1509.43,8814.71,90.43,17091.69,2023-12-01
221,Senior,6591.44,1489.68,2283.43,5101.76,884.79,4216.97,85.37,8960.24,2023-12-01
222,Senior,10467.91,2090.92,4111.23,8377.0,1362.24,7014.76,74.39,14653.54,2023-12-01
223,Senior,6884.99,1451.99,2349.1,5433.0,810.2,4622.8,28.57,9262.66,2023-12-01
224,Senior,6752.18,1408.91,1831.53,5343.27,776.55,4566.72,18.5,8602.21,2023-12-01
225,Manager,36271.02,7126.67,13079.31,29144.35,4359.82,24784.53,130.96,49481.29,2023-12-01
226,Manager,36446.54,8114.62,12213.17,28331.92,4990.91,23341.01,114.54,48774.25,2023-12-01
227,Manager,9758.46,1764.08,3088.99,7994.38,1388.59,6605.79,127.41,12974.86,2023-12-01
228,Manager,20946.15,4933.0,7909.72,16013.15,2287.85,13725.3,39.6,28895.46,2023-12-01
229,Manager,27025.48,5909.85,7111.94,21115.64,3715.03,17400.61,34.74,34172.17,2023-12-01
230,Manager,24232.17,5589.44,8055.48,18642.73,3087.64,15555.1,32.28,32319.93,2023-12-01
231,Manager,20130.37,4097.36,6842.38,16033.01,2322.99,13710.01,53.93,27026.68,2023-12-01
232,Manager,15989.59,3813.24,4735.24,12176.35,2058.88,10117.47,145.66,20870.48,2023-12-01
233,Manager,23456.0,4819.63,7855.08,18636.36,2697.01,15939.36,129.33,31440.41,2023-12-01
234,Manager,35073.47,8136.81,12430.17,26936.67,4463.63,22473.04,82.99,47586.64,2023-12-01
235,Manager,34203.84,7218.81,9380.45,26985.03,4676.38,22308.65,5.35,43589.64,2023-12-01
236,Manager,25303.15,5418.7,8527.29,19884.45,3483.04,16401.41,46.65,33877.09,2023-12-01
237,Manager,16645.87,3126.36,5228.21,13519.5,2370.42,11149.09,86.01,21960.09,2023-12-01
238,Manager,21128.83,4889.73,6537.8,16239.11,2282.02,13957.09,66.03,27732.66,2023-12-01
239,Manager,20492.53,4850.48,7491.34,15642.05,2625.23,13016.82,19.0,28002.87,2023-12-01
240,Manager,25488.74,4986.07,10615.78,20502.68,3527.25,16975.43,99.71,36204.23,2023-12-01
241,Manager,20448.1,4344.88,6734.09,16103.21,2528.93,13574.28,119.29,27301.48,2023-12-01
242,Manager,25610.84,5341.51,8356.41,20269.32,3299.28,16970.05,30.84,33998.09,2023-12-01
243,Manager,20630.94,4650.44,8140.04,15980.5,2498.75,13481.75,104.01,28874.99,2023-12-01
244,Manager,19145.6,3478.69,7625.47,15666.91,2554.83,13112.08,62.95,26834.02,2023-12-01
245,Manager,32143.37,7406.62,12791.16,24736.75,4269.88,20466.87,126.98,45061.51,2023-12-01
246,Manager,35470.13,7195.15,11823.03,28274.98,4837.99,23436.99,149.68,47442.84,2023-12-01
247,Manager,26205.02,5170.91,6874.54,21034.11,3317.02,17717.09,21.54,33101.09,2023-12-01
248,Manager,7748.0,1533.76,1995.11,6214.23,983.06,5231.18,104.5,9847.61,2023-12-01
249,Manager,30672.4,6349.32,9377.45,24323.08,4121.22,20201.86,25.77,40075.63,2023-12-01
1,Intern,1022.11,196.44,388.82,825.67,0.0,825.67,17.95,1428.88,2024-01-01
2,Intern,686.64,130.96,270.19,555.68,0.0,555.68,87.78,1044.6,2024-01-01
3,Intern,633.63,149.68,164.07,483.95,0.0,483.95,17.8,815.5,2024-01-01
4,Intern,838.2,167.48,342.48,670.71,0.0,670.71,62.73,1243.41,2024-01-01
5,Intern,773.84,183.37,205.63,590.47,0.0,590.47,95.79,1075.27,2024-01-01
6,Intern,651.93,122.67,171.34,529.25,0.0,529.25,89.43,912.7,2024-01-01
7,Intern,530.33,122.88,141.8,407.45,0.0,407.45,123.9,796.04,2024-01-01
8,Intern,888.41,206.5,248.43,681.91,0.0,681.91,141.6,1278.44,2024-01-01
9,Intern,728.2,147.18,191.68,581.02,0.0,581.02,123.13,1043.01,2024-01-01
10,Intern,908.26,198.12,322.4,710.14,0.0,710.14,72.96,1303.62,2024-01-01
11,Intern,786.7,170.7,234.04,616.0,0.0,616.0,80.55,1101.29,2024-01-01
12,Intern,530.22,97.24,191.37,432.98,0.0,432.98,46.81,768.41,2024-01-01
13,Junior,2479.25,451.57,799.14,2027.69,129.12,1898.57,84.83,3363.22,2024-01-01
14,Junior,2535.62,569.85,801.13,1965.77,62.45,1903.32,127.35,3464.1,2024-01-01
15,Junior,1973.64,462.64,809.85,1511.0,65.32,1445.69,69.19,2852.68,2024-01-01
16,Junior,3556.89,720.41,959.79,2836.48,252.64,2583.84,140.48,4657.16,2024-01-01
17,Junior,2852.56,541.0,1182.52,2311.57,79.37,2232.2,116.58,4151.66,2024-01-01
18,Junior,2135.12,490.07,819.03,1645.05,55.29,1589.76,54.24,3008.39,2024-01-01
19,Junior,3302.14,675.93,1091.18,2626.22,232.51,2393.7,86.11,4479.43,2024-01-01
20,Junior,2556.8,565.78,773.95,1991.01,123.37,1867.64,42.33,3373.08,2024-01-01
21,Junior,4027.66,907.32,1260.08,3120.35,222.93,2897.42,13.48,5301.22,2024-01-01
22,Junior,3013.46,594.85,1171.98,2418.61,150.06,2268.54,44.7,4230.14,2024-01-01
23,Junior,3612.95,862.58,1003.53,2750.38,295.42,2454.95,44.66,4661.15,2024-01-01
24,Junior,2855.95,684.49,1156.23,2171.46,114.19,2057.27,78.21,4090.4,2024-01-01
25,Junior,3198.06,653.72,1039.97,2544.34,267.58,2276.76,73.37,4311.39,2024-01-01
26,Junior,2799.0,538.53,875.57,2260.47,143.32,2117.16,26.28,3700.85,2024-01-01
27,Junior,3099.77,702.38,1055.3,2397.39,141.16,2256.23,45.57,4200.63,2024-01-01
28,Junior,2815.66,669.72,766.99,2145.94,139.26,2006.68,22.01,3604.66,2024-01-01
29,Junior,3365.86,779.15,898.62,2586.71,201.83,2384.87,129.24,4393.72,2024-01-01
30,Junior,2963.25,647.53,780.85,2315.71,140.88,2174.83,56.0,3800.09,2024-01-01
31,Junior,2914.79,665.79,792.87,2249.0,74.96,2174.04,102.56,3810.22,2024-01-01
32,Junior,1909.74,419.75,640.76,1489.99,0.0,1489.99,87.02,2637.52,2024-01-01
33,Junior,3615.42,863.41,1313.24,2752.0,231.93,2520.07,55.34,4984.0,2024-01-01
34,Junior,2282.13,523.98,756.32,1758.15,80.66,1677.48,33.36,3071.82,2024-01-01
35,Junior,2513.46,580.8,1023.33,1932.66,63.13,1869.53,17.17,3553.96,2024-01-01
36,Junior,2951.09,673.82,1118.09,2277.28,128.33,2148.95,21.91,4091.09,2024-01-01
37,Junior,2168.2,477.3,745.55,1690.9,82.45,1608.45,79.5,2993.25,2024-01-01
38,Junior,3316.24,774.61,997.2,2541.63,200.76,2340.87,140.09,4453.53,2024-01-01
39,Junior,2691.88,621.48,991.65,2070.4,139.36,1931.04,149.7,3833.23,2024-01-01
40,Junior,3744.98,705.58,989.18,3039.4,308.74,2730.66,79.0,4813.16,2024-01-01
41,Junior,3302.24,683.62,1258.74,2618.63,183.31,2435.32,118.9,4679.89,2024-01-01
42,Junior,1888.37,357.1,613.18,1531.27,68.97,1462.3,66.87,2568.42,2024-01-01
43,Junior,1925.5,415.39,776.09,1510.12,61.4,1448.71,148.53,2850.13,2024-01-01
44,Junior,1843.07,430.99,526.92,1412.08,0.0,1412.08,37.38,2407.37,2024-01-01
45,Junior,3361.39,727.54,1071.78,2633.85,237.28,2396.57,82.13,4515.3,2024-01-01
46,Junior,2764.83,534.91,1086.23,2229.92,105.51,2124.41,69.2,3920.26,2024-01-01
47,Junior,2561.74,536.04,726.26,2025.7,66.56,1959.15,96.9,3384.9,2024-01-01
48,Junior,2997.31,652.49,832.29,2344.82,87.49,2257.33,97.83,3927.42,2024-01-01
49,Junior,2487.78,529.84,904.35,1957.95,92.23,1865.72,114.93,3507.06,2024-01-01
50,Junior,2661.2,503.56,699.77,2157.63,86.76,2070.87,15.63,3376.6,2024-01-01
51,Junior,2156.8,517.55,773.32,1639.25,86.11,1553.14,7.85,2937.97,2024-01-01
52,Junior,3297.55,704.83,1296.12,2592.72,270.19,2322.53,61.37,4655.04,2024-01-01
53,Junior,1726.77,384.82,693.52,1341.95,0.0,1341.95,68.71,2489.0,2024-01-01
54,Junior,2818.54,660.1,1172.28,2158.44,144.09,2014.35,61.25,4052.07,2024-01-01
55,Junior,2726.52,644.7,729.57,2081.82,64.56,2017.26,144.28,3600.38,2024-01-01
56,Junior,3624.67,807.96,1511.16,2816.71,275.53,2541.18,98.73,5234.57,2024-01-01
57,Junior,2480.26,474.81,814.01,2005.45,110.47,1894.98,97.05,3391.33,2024-01-01
58,Junior,3212.68,749.52,1255.66,2463.16,95.34,2367.83,64.46,4532.8,2024-01-01
59,Junior,2179.92,453.43,621.99,1726.49,59.39,1667.1,12.31,2814.22,2024-01-01
60,Junior,3107.47,677.2,1301.64,2430.27,106.56,2323.71,71.53,4480.65,2024-01-01
61,Junior,3414.24,745.47,1415.3,2668.77,217.55,2451.23,9.1,4838.64,2024-01-01
62,Junior,3645.24,679.67,1022.21,2965.57,272.55,2693.03,122.66,4790.12,2024-01-01
63,Junior,3109.42,644.04,930.77,2465.38,98.21,2367.17,144.14,4184.32,2024-01-01
64,Junior,3857.98,781.55,1611.55,3076.43,301.84,2774.59,119.3,5588.83,2024-01-01
65,Junior,3402.71,712.45,1362.86,2690.26,246.24,2444.02,112.79,4878.36,2024-01-01
66,Junior,2922.55,607.38,1010.23,2315.16,92.67,2222.49,19.85,3952.63,2024-01-01
67,Junior,3492.01,831.62,1415.38,2660.38,214.28,2446.11,65.8,4973.19,2024-01-01
68,Junior,2445.56,556.94,718.27,1888.63,61.38,1827.25,18.62,3182.45,2024-01-01
69,Junior,2921.8,625.39,953.56,2296.42,104.7,2191.72,12.83,3888.2,2024-01-01
70,Junior,3061.96,657.32,1016.07,2404.64,93.85,2310.79,21.4,4099.43,2024-01-01
71,Junior,3030.9,685.91,1088.4,2344.98,142.84,2202.14,24.5,4143.79,2024-01-01
72,Junior,2502.24,572.75,770.48,1929.49,96.73,1832.76,148.59,3421.31,2024-01-01
73,Junior,2966.9,585.53,885.08,2381.37,78.57,2302.8,16.5,3868.48,2024-01-01
74,Junior,2052.79,380.27,578.78,1672.52,102.87,1569.64,136.95,2768.52,2024-01-01
75,Mid-Level,3361.08,792.27,1324.01,2568.81,194.56,2374.25,49.74,4734.84,2024-01-01
76,Mid-Level,7834.93,1597.97,2913.91,6236.96,1026.61,5210.35,47.72,10796.57,2024-01-01
77,Mid-Level,6251.6,1371.27,2300.64,4880.33,634.56,4245.77,139.71,8691.95,2024-01-01
78,Mid-Level,4961.18,1059.62,1444.28,3901.56,450.93,3450.63,127.74,6533.21,2024-01-01
79,Mid-Level,5221.04,1233.96,1744.18,3987.08,508.75,3478.33,122.67,7087.89,2024-01-01
80,Mid-Level,2927.5,623.9,892.66,2303.6,99.52,2204.07,3.07,3823.23,2024-01-01
81,Mid-Level,7024.79,1397.43,2031.72,5627.36,885.32,4742.04,104.03,9160.54,2024-01-01
82,Mid-Level,2584.49,470.55,1056.52,2113.94,137.88,1976.06,122.88,3763.88,2024-01-01
83,Mid-Level,6075.51,1330.67,1824.33,4744.84,593.9,4150.93,53.25,7953.09,2024-01-01
84,Mid-Level,4952.86,958.32,1380.39,3994.54,447.4,3547.14,83.25,6416.5,2024-01-01
85,Mid-Level,5103.81,1213.51,1947.45,3890.3,430.93,3459.37,115.48,7166.74,2024-01-01
86,Mid-Level,4145.61,947.65,1641.56,3197.95,330.62,2867.33,110.03,5897.2,2024-01-01
87,Mid-Level,2905.93,529.94,1177.92,2375.99,127.14,2248.85,31.26,4115.11,2024-01-01
88,Mid-Level,4272.85,792.98,1218.05,3479.87,324.43,3155.44,137.46,5628.36,2024-01-01
89,Mid-Level,5859.38,1288.29,1783.94,4571.09,558.33,4012.76,91.48,7734.79,2024-01-01
90,Mid-Level,4821.95,1039.78,1407.53,3782.17,457.61,3324.55,28.37,6257.84,2024-01-01
91,Mid-Level,5307.78,1020.88,1854.28,4286.9,516.07,3770.83,27.42,7189.48,2024-01-01
92,Mid-Level,4267.0,984.0,1251.81,3283.0,282.62,3000.38,131.83,5650.64,2024-01-01
93,Mid-Level,5785.02,1069.39,1793.62,4715.63,600.97,4114.66,95.51,7674.16,2024-01-01
94,Mid-Level,5297.04,1137.6,1665.37,4159.44,532.49,3626.96,87.14,7049.55,2024-01-01
95,Mid-Level,3167.76,636.97,1242.98,2530.78,181.78,2349.0,83.77,4494.5,2024-01-01
96,Mid-Level,7034.37,1504.31,2299.23,5530.07,944.26,4585.8,65.64,9399.24,2024-01-01
97,Mid-Level,4554.67,845.24,1784.0,3709.43,463.0,3246.43,1.48,6340.15,2024-01-01
98,Mid-Level,7038.6,1483.03,2715.83,5555.57,986.6,4568.97,130.32,9884.74,2024-01-01
99,Mid-Level,5334.92,1106.61,2184.83,4228.31,479.57,3748.74,110.7,7630.45,2024-01-01
100,Mid-Level,6952.27,1366.74,2421.82,5585.53,875.52,4710.01,19.19,9393.28,2024-01-01
101,Mid-Level,4151.44,811.93,1606.44,3339.51,312.47,3027.04,84.49,5842.37,2024-01-01
102,Mid-Level,4385.4,820.79,1421.18,3564.61,478.26,3086.35,98.65,5905.23,2024-01-01
103,Mid-Level,5035.17,1118.03,1783.58,3917.14,536.58,3380.56,99.35,6918.1,2024-01-01
104,Mid-Level,7279.49,1385.62,2570.24,5893.86,965.43,4928.43,141.89,9991.62,2024-01-01
105,Mid-Level,4195.04,920.3,1119.66,3274.73,311.8,2962.93,56.8,5371.5,2024-01-01
106,Mid-Level,5776.61,1331.39,1752.53,4445.22,554.1,3891.12,72.57,7601.71,2024-01-01
107,Mid-Level,6051.01,1370.77,2045.58,4680.23,579.04,4101.2,1.87,8098.47,2024-01-01
108,Mid-Level,4400.67,849.75,1478.15,3550.91,435.31,3115.61,11.62,5890.44,2024-01-01
109,Mid-Level,4618.09,958.04,1276.34,3660.05,407.33,3252.72,116.87,6011.31,2024-01-01
110,Mid-Level,3680.11,752.76,1338.18,2927.34,230.85,2696.49,41.46,5059.75,2024-01-01
111,Mid-Level,5824.9,1110.24,1539.43,4714.67,622.08,4092.59,125.35,7489.69,2024-01-01
112,Mid-Level,6251.4,1207.25,2157.35,5044.15,824.17,4219.98,24.71,8433.46,2024-01-01
113,Mid-Level,5645.56,1241.8,1948.88,4403.76,511.7,3892.07,94.45,7688.89,2024-01-01
114,Mid-Level,6768.3,1525.4,2555.95,5242.91,824.97,4417.94,35.32,9359.57,2024-01-01
115,Mid-Level,4015.96,808.85,1597.99,3207.11,343.22,2863.89,69.91,5683.86,2024-01-01
116,Mid-Level,6041.6,1370.2,1581.05,4671.4,558.48,4112.91,98.56,7721.2,2024-01-01
117,Mid-Level,5671.7,1188.67,1789.45,4483.03,521.05,3961.98,48.03,7509.18,2024-01-01
118,Mid-Level,5410.69,1084.08,1949.82,4326.6,519.01,3807.59,103.85,7464.36,2024-01-01
119,Mid-Level,3420.81,644.01,1352.68,2776.8,228.09,2548.71,16.67,4790.16,2024-01-01
120,Mid-Level,4686.11,979.95,1456.51,3706.16,432.17,3273.99,81.55,6224.16,2024-01-01
121,Mid-Level,7034.49,1467.13,1919.53,5567.37,797.45,4769.91,147.26,9101.29,2024-01-01
122,Mid-Level,3606.23,799.27,1015.76,2806.96,304.86,2502.09,108.81,4730.8,2024-01-01
123,Mid-Level,5571.77,1141.91,1720.55,4429.86,496.95,3932.91,5.71,7298.04,2024-01-01
124,Mid-Level,4900.56,916.28,1392.5,3984.28,554.24,3430.04,106.24,6399.3,2024-01-01
125,Mid-Level,3393.76,697.86,1379.21,2695.9,190.71,2505.19,26.9,4799.87,2024-01-01
126,Mid-Level,5020.38,1057.41,1260.15,3962.97,463.24,3499.73,51.55,6332.08,2024-01-01
127,Mid-Level,5120.05,999.91,1979.14,4120.14,480.46,3639.67,136.98,7236.17,2024-01-01
128,Mid-Level,4275.68,873.61,1284.64,3402.06,312.13,3089.93,43.55,5603.86,2024-01-01
129,Mid-Level,4199.8,919.82,1596.31,3279.98,282.18,2997.8,69.8,5865.92,2024-01-01
130,Mid-Level,4511.32,926.85,1197.59,3584.47,473.2,3111.27,65.38,5774.29,2024-01-01
131,Mid-Level,2757.94,545.06,834.42,2212.88,143.23,2069.65,21.22,3613.58,2024-01-01
132,Mid-Level,5086.49,1136.87,1935.93,3949.61,444.86,3504.75,24.17,7046.58,2024-01-01
133,Mid-Level,5093.22,946.37,1985.36,4146.85,544.23,3602.62,69.4,7147.97,2024-01-01
134,Mid-Level,3939.6,712.68,1412.38,3226.92,238.24,2988.68,11.22,5363.2,2024-01-01
135,Mid-Level,3679.96,820.96,1182.87,2859.0,201.07,2657.93,134.57,4997.4,2024-01-01
136,Mid-Level,6210.6,1199.01,2574.52,5011.6,891.11,4120.49,112.5,8897.62,2024-01-01
137,Mid-Level,5658.24,1238.18,2259.81,4420.06,519.25,3900.81,54.04,7972.09,2024-01-01
138,Mid-Level,5033.35,1206.62,1549.51,3826.73,426.05,3400.68,53.91,6636.78,2024-01-01
139,Mid-Level,2553.83,489.14,928.15,2064.69,132.76,1931.92,110.99,3592.98,2024-01-01
140,Mid-Level,6157.47,1299.62,2579.1,4857.85,635.75,4222.11,26.91,8763.48,2024-01-01
141,Mid-Level,8008.08,1659.26,3167.37,6348.82,970.71,5378.12,106.99,11282.44,2024-01-01
142,Mid-Level,6368.09,1362.77,2260.31,5005.31,784.43,4220.88,13.33,8641.73,2024-01-01
143,Mid-Level,4434.88,889.24,1149.26,3545.64,392.39,3153.24,109.09,5693.23,2024-01-01
144,Mid-Level,3453.35,761.35,1398.94,2691.99,207.03,2484.97,117.92,4970.2,2024-01-01
145,Mid-Level,3993.26,759.76,1449.48,3233.5,271.33,2962.17,8.17,5450.91,2024-01-01
146,Mid-Level,4097.73,756.83,1679.32,3340.9,339.37,3001.52,20.12,5797.16,2024-01-01
147,Mid-Level,5980.41,1237.19,1498.51,4743.22,602.24,4140.98,128.57,7607.48,2024-01-01
148,Mid-Level,4996.19,932.37,1458.62,4063.82,563.98,3499.84,41.67,6496.48,2024-01-01
149,Mid-Level,3471.45,674.36,1318.5,2797.1,235.12,2561.98,16.55,4806.5,2024-01-01
150,Mid-Level,4843.51,929.18,1837.49,3914.32,507.11,3407.21,111.06,6792.06,2024-01-01
151,Mid-Level,5899.01,1260.85,2471.48,4638.16,605.06,4033.1,96.31,8466.8,2024-01-01
152,Mid-Level,4216.07,986.15,1158.89,3229.93,289.7,2940.23,134.85,5509.82,2024-01-01
153,Mid-Level,7113.89,1562.33,2717.01,5551.56,846.44,4705.13,149.32,9980.22,2024-01-01
154,Mid-Level,6940.57,1415.99,2472.41,5524.58,952.11,4572.47,107.46,9520.43,2024-01-01
155,Mid-Level,3857.96,819.59,1371.44,3038.36,306.47,2731.89,62.73,5292.13,2024-01-01
156,Mid-Level,5510.79,1154.56,1426.89,4356.23,526.21,3830.02,91.37,7029.06,2024-01-01
157,Mid-Level,3765.98,800.02,1194.36,2965.95,324.86,2641.1,142.25,5102.58,2024-01-01
158,Mid-Level,4451.57,916.06,1706.98,3535.51,487.7,3047.81,36.69,6195.23,2024-01-01
159,Mid-Level,4416.34,911.5,1665.2,3504.84,467.92,3036.92,35.57,6117.11,2024-01-01
160,Mid-Level,3321.24,680.87,1075.26,2640.37,204.32,2436.05,39.55,4436.06,2024-01-01
161,Mid-Level,4792.64,1148.1,1447.16,3644.54,431.44,3213.09,144.54,6384.33,2024-01-01
162,Mid-Level,3918.55,875.29,1488.45,3043.26,251.3,2791.96,21.44,5428.45,2024-01-01
163,Mid-Level,4982.29,1155.5,2057.14,3826.79,462.65,3364.15,18.46,7057.89,2024-01-01
164,Mid-Level,10366.8,2262.59,3596.64,8104.21,1335.95,6768.26,147.3,14110.75,2024-01-01
165,Mid-Level,5666.65,1113.27,2350.85,4553.38,558.21,3995.17,103.76,8121.26,2024-01-01
166,Mid-Level,6557.64,1194.8,2618.97,5362.84,773.89,4588.94,124.99,9301.6,2024-01-01
167,Mid-Level,5341.3,972.88,2232.36,4368.42,533.43,3835.0,60.21,7633.87,2024-01-01
168,Mid-Level,2855.99,523.99,835.75,2332.0,77.59,2254.4,136.5,3828.25,2024-01-01
169,Mid-Level,4603.51,920.62,1711.57,3682.89,492.14,3190.74,68.4,6383.47,2024-01-01
170,Mid-Level,3336.18,789.89,1081.39,2546.29,231.77,2314.51,49.71,4467.28,2024-01-01
171,Mid-Level,7596.09,1531.55,2580.05,6064.54,1015.57,5048.98,103.98,10280.11,2024-01-01
172,Mid-Level,7992.02,1445.18,2002.27,6546.84,938.87,5607.97,134.71,10129.01,2024-01-01
173,Mid-Level,4750.75,1056.36,1848.15,3694.39,501.62,3192.77,44.76,6643.66,2024-01-01
174,Mid-Level,6350.54,1498.79,2079.8,4851.75,612.9,4238.85,68.57,8498.91,2024-01-01
175,Senior,6994.27,1403.12,2718.06,5591.15,962.09,4629.06,14.66,9726.98,2024-01-01
176,Senior,10522.54,1910.17,4191.86,8612.37,1369.83,7242.54,140.42,14854.82,2024-01-01
177,Senior,10373.26,2334.15,3753.04,8039.1,1127.46,6911.65,17.89,14144.2,2024-01-01
178,Senior,9871.88,1843.95,2948.13,8027.93,1354.79,6673.14,50.72,12870.73,2024-01-01
179,Senior,7265.67,1394.33,1865.13,5871.34,938.99,4932.36,132.32,9263.12,2024-01-01
180,Senior,9432.88,1956.72,3702.41,7476.16,1278.03,6198.13,107.11,13242.41,2024-01-01
181,Senior,14994.09,3259.46,4496.54,11734.63,1952.14,9782.5,25.43,19516.05,2024-01-01
182,Senior,5614.62,1051.79,1914.32,4562.83,540.18,4022.64,85.4,7614.34,2024-01-01
183,Senior,10203.38,2166.31,4067.86,8037.07,1225.52,6811.55,98.14,14369.38,2024-01-01
184,Senior,9431.63,1745.44,2962.99,7686.19,1187.08,6499.11,107.79,12502.41,2024-01-01
185,Senior,7002.17,1314.6,2021.85,5687.57,1003.32,4684.24,90.69,9114.72,2024-01-01
186,Senior,12208.53,2796.6,5068.78,9411.93,1503.03,7908.9,130.7,17408.01,2024-01-01
187,Senior,15918.36,2905.71,4599.47,13012.65,2033.05,10979.6,24.46,20542.28,2024-01-01
188,Senior,5469.16,1089.83,1492.04,4379.33,492.61,3886.72,122.92,7084.12,2024-01-01
189,Senior,7078.69,1295.63,1816.81,5783.07,974.35,4808.71,132.41,9027.91,2024-01-01
190,Senior,7490.08,1378.11,3021.76,6111.97,1058.31,5053.66,79.89,10591.73,2024-01-01
191,Senior,7327.43,1525.36,2450.13,5802.07,905.44,4896.63,39.26,9816.83,2024-01-01
192,Senior,11779.71,2591.51,3936.31,9188.21,1451.84,7736.37,95.66,15811.69,2024-01-01
193,Senior,13870.06,2628.4,3801.05,11241.65,1989.44,9252.21,84.07,17755.18,2024-01-01
194,Senior,13268.19,3091.59,5525.86,10176.6,1482.38,8694.22,62.23,18856.28,2024-01-01
195,Senior,7269.54,1498.54,2494.36,5771.0,882.3,4888.7,120.57,9884.47,2024-01-01
196,Senior,7606.39,1795.16,2867.79,5811.23,858.47,4952.77,91.6,10565.78,2024-01-01
197,Senior,10068.22,2296.34,3111.56,7771.88,1208.07,6563.81,24.91,13204.68,2024-01-01
198,Senior,10972.62,2597.94,3947.75,8374.68,1201.69,7172.99,38.46,14958.83,2024-01-01
199,Senior,11073.17,2267.5,3574.56,8805.67,1337.56,7468.11,108.72,14756.45,2024-01-01
200,Senior,10530.78,2108.77,4191.23,8422.01,1281.85,7140.16,34.58,14756.6,2024-01-01
201,Senior,9384.7,1930.93,2624.15,7453.76,1307.9,6145.86,64.14,12072.98,2024-01-01
202,Senior,7772.47,1798.64,2042.54,5973.84,867.52,5106.32,137.83,9952.85,2024-01-01
203,Senior,5475.87,1244.62,1517.59,4231.25,481.96,3749.29,83.43,7076.89,2024-01-01
204,Senior,5772.27,1216.31,2078.22,4555.96,516.46,4039.5,52.73,7903.21,2024-01-01
205,Senior,6429.35,1256.86,2018.45,5172.49,778.49,4394.0,57.5,8505.3,2024-01-01
206,Senior,7478.14,1726.51,2275.6,5751.63,845.62,4906.01,104.87,9858.61,2024-01-01
207,Senior,9746.0,2230.84,3654.16,7515.17,1352.08,6163.09,25.49,13425.66,2024-01-01
208,Senior,9097.59,2034.47,3674.95,7063.12,1133.7,5929.42,49.57,12822.11,2024-01-01
209,Senior,9287.14,1859.28,2457.58,7427.86,1065.96,6361.91,2.07,11746.79,2024-01-01
210,Senior,9146.26,2007.61,2930.12,7138.65,1160.98,5977.67,79.94,12156.33,2024-01-01
211,Senior,12083.02,2777.86,4347.55,9305.16,1587.25,7717.91,49.23,16479.8,2024-01-01
212,Senior,7723.39,1656.77,2187.89,6066.62,916.61,5150.02,63.95,9975.22,2024-01-01
213,Senior,12582.09,2964.59,5226.97,9617.5,1728.63,7888.87,100.94,17910.0,2024-01-01
214,Senior,9045.76,1921.51,3093.28,7124.25,1232.51,5891.74,48.88,12187.91,2024-01-01
215,Senior,10403.51,2434.45,3792.45,7969.06,1130.52,6838.54,27.16,14223.11,2024-01-01
216,Senior,9945.9,1814.84,3435.84,8131.06,1146.89,6984.17,51.38,13433.12,2024-01-01
217,Senior,9994.75,1897.62,2683.77,8097.14,1395.99,6701.14,80.15,12758.67,2024-01-01
218,Senior,9781.06,2005.54,3883.28,7775.52,1099.05,6676.47,140.33,13804.67,2024-01-01
219,Senior,8980.1,1839.38,2816.32,7140.71,1246.64,5894.07,149.03,11945.45,2024-01-01
220,Senior,13627.35,3110.12,4131.58,10517.23,1838.8,8678.44,32.57,17791.5,2024-01-01
221,Senior,6557.19,1476.24,1991.59,5080.95,772.29,4308.66,131.5,8680.27,2024-01-01
222,Senior,10448.99,2009.82,3385.8,8439.17,1430.99,7008.19,100.88,13935.67,2024-01-01
223,Senior,6859.9,1243.86,2235.47,5616.04,969.65,4646.39,45.85,9141.22,2024-01-01
224,Senior,6688.77,1303.91,1878.57,5384.86,839.7,4545.16,35.61,8602.95,2024-01-01
225,Manager,43123.67,10256.18,17043.21,32867.49,4822.76,28044.73,61.26,60228.14,2024-01-01
226,Manager,36467.24,6814.77,9840.37,29652.47,5278.66,24373.81,57.42,46365.02,2024-01-01
227,Manager,9801.74,2278.74,4012.92,7523.0,1154.23,6368.77,32.39,13847.04,2024-01-01
228,Manager,20929.11,3853.1,6991.98,17076.01,3047.56,14028.45,135.63,28056.72,2024-01-01
229,Manager,27035.6,5050.83,9403.62,21984.77,3841.19,18143.58,138.15,36577.37,2024-01-01
230,Manager,24131.69,5219.04,9509.91,18912.66,3090.12,15822.53,128.22,33769.83,2024-01-01
231,Manager,20092.22,4500.79,6737.14,15591.43,2728.81,12862.62,46.41,26875.77,2024-01-01
232,Manager,22478.96,5338.33,5875.48,17140.63,3046.44,14094.19,27.56,28382.01,2024-01-01
233,Manager,23413.5,4432.08,7219.56,18981.42,3379.39,15602.03,93.53,30726.58,2024-01-01
234,Manager,35115.69,7157.82,13325.89,27957.87,4097.08,23860.79,69.14,48510.72,2024-01-01
235,Manager,34169.09,7424.33,8563.48,26744.75,3928.31,22816.44,1.45,42734.02,2024-01-01
236,Manager,25419.71,6091.6,9330.04,19328.12,2747.07,16581.05,26.06,34775.81,2024-01-01
237,Manager,16709.37,3785.23,6329.92,12924.13,2009.55,10914.59,11.24,23050.54,2024-01-01
238,Manager,24331.5,5499.4,8485.73,18832.1,3054.19,15777.92,149.99,32967.23,2024-01-01
239,Manager,21995.73,4409.73,9170.78,17586.0,2561.4,15024.6,70.6,31237.1,2024-01-01
240,Manager,25512.8,5551.77,9827.02,19961.03,3479.9,16481.12,34.88,35374.71,2024-01-01
241,Manager,20411.53,4804.93,7566.97,15606.59,2759.45,12847.15,66.67,28045.17,2024-01-01
242,Manager,25491.7,6045.4,8077.44,19446.3,3175.28,16271.02,123.5,33692.63,2024-01-01
243,Manager,20658.1,4066.75,7607.78,16591.35,2909.76,13681.59,39.64,28305.52,2024-01-01
244,Manager,25820.73,5067.17,6906.26,20753.56,3050.77,17702.78,2.57,32729.56,2024-01-01
245,Manager,32164.89,5891.86,10243.73,26273.03,3873.42,22399.61,64.37,42472.99,2024-01-01
246,Manager,35430.89,7634.63,9903.91,27796.26,4539.66,23256.59,24.57,45359.37,2024-01-01
247,Manager,28606.45,5771.24,10474.29,22835.21,3754.31,19080.9,31.98,39112.72,2024-01-01
248,Manager,7835.31,1786.11,2697.59,6049.2,1077.86,4971.34,58.26,10591.17,2024-01-01
249,Manager,33393.38,6206.75,10493.69,27186.62,4115.1,23071.52,49.67,43936.74,2024-01-01
1,Intern,1074.51,234.91,286.5,839.59,0.0,839.59,9.11,1370.12,2024-02-01
2,Intern,702.96,145.6,269.2,557.36,0.0,557.36,42.67,1014.83,2024-02-01
3,Intern,661.66,139.8,176.36,521.86,0.0,521.86,28.29,866.31,2024-02-01
4,Intern,821.61,149.78,312.96,671.83,0.0,671.83,143.14,1277.71,2024-02-01
5,Intern,758.5,180.25,306.4,578.25,0.0,578.25,59.58,1124.48,2024-02-01
6,Intern,649.23,149.88,257.11,499.35,0.0,499.35,39.03,945.37,2024-02-01
7,Intern,502.07,96.78,135.17,405.29,0.0,405.29,69.54,706.78,2024-02-01
8,Intern,893.31,213.24,295.25,680.07,0.0,680.07,140.44,1329.0,2024-02-01
9,Intern,741.83,148.95,262.1,592.88,0.0,592.88,35.93,1039.86,2024-02-01
10,Intern,901.42,199.85,273.02,701.56,0.0,701.56,60.93,1235.37,2024-02-01
11,Intern,798.97,167.63,255.83,631.34,0.0,631.34,144.41,1199.2,2024-02-01
12,Intern,532.0,111.81,148.81,420.19,0.0,420.19,101.86,782.67,2024-02-01
13,Junior,2451.66,585.01,872.27,1866.66,61.46,1805.19,146.9,3470.83,2024-02-01
14,Junior,2548.34,568.66,797.11,1979.69,119.46,1860.23,7.77,3353.22,2024-02-01
15,Junior,1926.43,449.92,678.26,1476.51,0.0,1476.51,119.35,2724.04,2024-02-01
16,Junior,3525.8,827.27,1298.08,2698.53,210.47,2488.06,41.41,4865.28,2024-02-01
17,Junior,2871.8,583.51,936.81,2288.29,73.62,2214.67,149.7,3958.31,2024-02-01
18,Junior,2195.82,441.98,865.5,1753.84,92.53,1661.3,94.03,3155.35,2024-02-01
19,Junior,3890.65,700.66,1166.51,3190.0,334.11,2855.89,53.38,5110.55,2024-02-01
20,Junior,2540.62,526.52,1066.8,2014.1,96.82,1917.28,92.89,3700.31,2024-02-01
21,Junior,4026.93,930.57,1177.5,3096.35,293.52,2802.84,135.4,5339.82,2024-02-01
22,Junior,3020.2,696.75,791.65,2323.45,94.56,2228.89,7.4,3819.25,2024-02-01
23,Junior,3679.27,714.01,1323.86,2965.25,283.49,2681.76,68.09,5071.21,2024-02-01
24,Junior,2875.82,528.57,834.47,2347.26,143.0,2204.25,77.16,3787.46,2024-02-01
25,Junior,3195.41,637.75,1203.78,2557.66,265.91,2291.76,30.72,4429.92,2024-02-01
26,Junior,2822.65,623.87,965.81,2198.78,142.58,2056.2,99.55,3888.01,2024-02-01
27,Junior,3871.28,857.64,1152.07,3013.63,302.89,2710.75,108.78,5132.13,2024-02-01
28,Junior,2821.99,635.0,959.57,2186.99,95.79,2091.19,64.35,3845.9,2024-02-01
29,Junior,3381.75,671.28,1147.0,2710.47,261.41,2449.06,76.15,4604.9,2024-02-01
30,Junior,2970.07,584.06,978.57,2386.01,117.8,2268.21,11.11,3959.75,2024-02-01
31,Junior,2891.45,623.58,1066.29,2267.87,115.16,2152.7,138.2,4095.94,2024-02-01
32,Junior,1900.12,438.96,596.56,1461.16,0.0,1461.16,68.9,2565.58,2024-02-01
33,Junior,3601.94,731.96,1282.36,2869.98,248.77,2621.21,8.34,4892.63,2024-02-01
34,Junior,2286.89,496.71,795.74,1790.18,123.22,1666.95,98.74,3181.37,2024-02-01
35,Junior,2543.66,592.89,1004.41,1950.77,128.61,1822.16,146.89,3694.95,2024-02-01
36,Junior,2922.06,614.11,1156.17,2307.95,136.36,2171.59,12.2,4090.44,2024-02-01
37,Junior,2192.79,440.97,668.51,1751.82,84.97,1666.85,43.54,2904.84,2024-02-01
38,Junior,3326.55,762.03,1068.09,2564.53,262.76,2301.77,133.37,4528.01,2024-02-01
39,Junior,2701.09,647.42,885.96,2053.67,83.16,1970.51,149.12,3736.18,2024-02-01
40,Junior,3794.24,898.38,1300.69,2895.86,235.58,2660.27,42.15,5137.07,2024-02-01
41,Junior,3287.56,652.23,1042.15,2635.33,223.3,2412.02,82.74,4412.45,2024-02-01
42,Junior,1923.75,350.56,730.54,1573.19,59.92,1513.27,89.96,2744.24,2024-02-01
43,Junior,1871.86,364.08,474.51,1507.78,86.78,1421.0,0.16,2346.52,2024-02-01
44,Junior,1891.78,399.89,642.19,1491.89,0.0,1491.89,128.78,2662.74,2024-02-01
45,Junior,3366.81,659.79,1211.94,2707.02,296.84,2410.18,58.81,4637.57,2024-02-01
46,Junior,2779.03,593.16,835.53,2185.87,145.24,2040.63,54.03,3668.59,2024-02-01
47,Junior,2595.63,607.08,869.39,1988.55,92.62,1895.94,9.98,3475.0,2024-02-01
48,Junior,3032.27,620.55,844.78,2411.72,127.3,2284.42,93.3,3970.35,2024-02-01
49,Junior,2499.73,530.44,988.55,1969.29,122.25,1847.05,116.92,3605.2,2024-02-01
50,Junior,2645.81,533.66,912.13,2112.16,143.9,1968.26,43.75,3601.7,2024-02-01
51,Junior,2180.56,488.12,700.86,1692.44,82.78,1609.67,10.83,2892.25,2024-02-01
52,Junior,3270.49,667.0,1212.61,2603.48,246.37,2357.11,132.84,4615.93,2024-02-01
53,Junior,1740.2,371.35,675.69,1368.85,0.0,1368.85,102.07,2517.96,2024-02-01
54,Junior,2770.56,662.29,1161.33,2108.27,138.03,1970.24,15.54,3947.44,2024-02-01
55,Junior,2746.4,643.62,841.61,2102.78,106.63,1996.15,124.31,3712.32,2024-02-01
56,Junior,3638.1,657.82,1075.68,2980.28,225.47,2754.81,33.78,4747.56,2024-02-01
57,Junior,2796.86,566.63,768.68,2230.23,153.54,2076.69,8.19,3573.72,2024-02-01
58,Junior,3229.96,585.69,1002.81,2644.27,210.79,2433.48,149.19,4381.96,2024-02-01
59,Junior,2224.86,460.17,847.17,1764.69,103.68,1661.01,124.19,3196.23,2024-02-01
60,Junior,3086.6,625.69,824.73,2460.91,86.34,2374.57,9.44,3920.76,2024-02-01
61,Junior,3453.73,675.28,1353.48,2778.46,215.32,2563.13,61.67,4868.88,2024-02-01
62,Junior,3661.15,706.42,1300.98,2954.73,207.91,2746.83,14.27,4976.39,2024-02-01
63,Junior,3103.69,738.76,919.31,2364.92,101.71,2263.22,115.24,4138.24,2024-02-01
64,Junior,3861.57,885.94,1404.47,2975.63,213.29,2762.33,93.71,5359.75,2024-02-01
65,Junior,3424.42,715.32,882.24,2709.1,284.18,2424.92,95.07,4401.73,2024-02-01
66,Junior,2980.0,537.01,984.81,2442.99,102.81,2340.19,5.58,3970.39,2024-02-01
67,Junior,3540.39,665.22,975.2,2875.17,294.24,2580.92,100.87,4616.46,2024-02-01
68,Junior,2444.7,507.94,785.1,1936.75,80.7,1856.06,27.85,3257.65,2024-02-01
69,Junior,2961.68,647.18,1042.04,2314.49,148.99,2165.5,97.99,4101.71,2024-02-01
70,Junior,3093.89,613.58,1131.27,2480.31,141.59,2338.72,126.35,4351.51,2024-02-01
71,Junior,3052.46,572.9,1249.97,2479.56,157.33,2322.23,116.06,4418.49,2024-02-01
72,Junior,2502.65,482.06,932.59,2020.59,104.63,1915.96,124.85,3560.09,2024-02-01
73,Junior,2959.2,540.15,892.98,2419.05,99.64,2319.41,122.13,3974.31,2024-02-01
74,Junior,2070.84,407.01,795.36,1663.84,102.14,1561.7,142.22,3008.42,2024-02-01
75,Mid-Level,3374.08,785.07,1298.38,2589.01,262.11,2326.9,109.99,4782.45,2024-02-01
76,Mid-Level,7803.97,1570.36,2249.31,6233.61,1051.56,5182.05,126.68,10179.96,2024-02-01
77,Mid-Level,6718.84,1468.3,1683.45,5250.54,928.9,4321.64,12.65,8414.94,2024-02-01
78,Mid-Level,5039.92,1104.56,1547.42,3935.36,442.51,3492.86,140.62,6727.96,2024-02-01
79,Mid-Level,5226.15,1221.67,1406.16,4004.48,475.42,3529.06,76.79,6709.09,2024-02-01
80,Mid-Level,3000.38,602.23,1180.08,2398.16,163.35,2234.81,68.38,4248.85,2024-02-01
81,Mid-Level,7062.82,1378.46,2528.41,5684.36,860.55,4823.81,60.94,9652.17,2024-02-01
82,Mid-Level,3364.16,673.31,897.24,2690.85,203.41,2487.44,64.75,4326.15,2024-02-01
83,Mid-Level,6119.55,1289.21,1684.22,4830.34,551.8,4278.54,67.22,7871.0,2024-02-01
84,Mid-Level,4989.99,1050.32,1819.92,3939.67,547.0,3392.67,115.82,6925.73,2024-02-01
85,Mid-Level,5126.13,1092.67,1911.04,4033.46,478.03,3555.43,118.27,7155.45,2024-02-01
86,Mid-Level,4149.89,896.99,1401.83,3252.9,342.47,2910.43,120.8,5672.51,2024-02-01
87,Mid-Level,2907.5,632.44,1110.71,2275.07,72.89,2202.18,74.79,4093.0,2024-02-01
88,Mid-Level,4254.94,1015.43,1432.31,3239.52,293.66,2945.86,88.03,5775.29,2024-02-01
89,Mid-Level,5940.56,1222.23,2405.81,4718.33,652.1,4066.23,50.02,8396.38,2024-02-01
90,Mid-Level,4937.23,917.4,1614.11,4019.83,532.93,3486.9,100.42,6651.76,2024-02-01
91,Mid-Level,5331.25,1059.71,1714.45,4271.53,551.12,3720.41,39.37,7085.07,2024-02-01
92,Mid-Level,4352.81,824.39,1779.6,3528.42,451.93,3076.49,5.14,6137.55,2024-02-01
93,Mid-Level,5815.23,1229.8,2176.67,4585.44,637.57,3947.87,80.33,8072.23,2024-02-01
94,Mid-Level,5381.98,1249.25,1977.19,4132.73,562.85,3569.88,44.9,7404.08,2024-02-01
95,Mid-Level,3172.47,678.04,999.05,2494.42,158.31,2336.11,82.38,4253.9,2024-02-01
96,Mid-Level,7077.04,1394.85,2245.8,5682.19,879.81,4802.38,53.99,9376.83,2024-02-01
97,Mid-Level,4574.52,1012.04,1622.19,3562.48,463.28,3099.2,77.7,6274.4,2024-02-01
98,Mid-Level,7071.78,1585.28,2798.14,5486.51,932.81,4553.7,87.94,9957.87,2024-02-01
99,Mid-Level,6276.92,1226.82,1794.09,5050.1,817.36,4232.74,80.72,8151.73,2024-02-01
100,Mid-Level,8002.63,1837.11,3113.0,6165.52,915.07,5250.45,18.1,11133.72,2024-02-01
101,Mid-Level,4221.2,854.3,1067.44,3366.9,278.54,3088.37,145.01,5433.66,2024-02-01
102,Mid-Level,4384.33,1008.91,1118.47,3375.43,309.4,3066.03,29.56,5532.36,2024-02-01
103,Mid-Level,4924.08,1174.66,1979.13,3749.42,452.12,3297.3,21.3,6924.51,2024-02-01
104,Mid-Level,7318.91,1747.84,1957.61,5571.07,791.07,4780.0,24.53,9301.06,2024-02-01
105,Mid-Level,4229.86,841.81,1549.2,3388.05,300.65,3087.39,8.3,5787.36,2024-02-01
106,Mid-Level,5736.08,1110.34,1916.32,4625.74,581.57,4044.17,136.02,7788.42,2024-02-01
107,Mid-Level,7251.33,1622.85,2240.45,5628.48,805.81,4822.67,94.91,9586.69,2024-02-01
108,Mid-Level,4414.95,984.76,1541.35,3430.18,321.33,3108.86,44.32,6000.62,2024-02-01
109,Mid-Level,4654.88,1040.99,1810.91,3613.89,503.62,3110.27,25.92,6491.71,2024-02-01
110,Mid-Level,3667.64,741.56,1347.81,2926.08,316.99,2609.09,22.07,5037.52,2024-02-01
111,Mid-Level,5793.5,1071.7,2058.95,4721.8,601.48,4120.32,75.3,7927.74,2024-02-01
112,Mid-Level,6314.66,1439.59,2168.09,4875.07,640.51,4234.55,62.13,8544.87,2024-02-01
113,Mid-Level,5671.22,1025.35,2325.81,4645.87,514.3,4131.57,102.07,8099.09,2024-02-01
114,Mid-Level,6761.39,1472.93,2836.27,5288.46,918.63,4369.83,6.13,9603.79,2024-02-01
115,Mid-Level,3969.48,761.08,1432.41,3208.39,304.95,2903.45,10.58,5412.46,2024-02-01
116,Mid-Level,6487.92,1422.33,2500.5,5065.59,819.65,4245.94,2.05,8990.47,2024-02-01
117,Mid-Level,6693.48,1345.49,2101.58,5348.0,797.22,4550.77,146.21,8941.28,2024-02-01
118,Mid-Level,5461.8,1180.41,1480.09,4281.39,596.89,3684.51,78.79,7020.69,2024-02-01
119,Mid-Level,3415.13,720.3,1305.33,2694.83,234.6,2460.23,90.25,4810.7,2024-02-01
120,Mid-Level,4784.0,867.58,1603.22,3916.42,439.61,3476.8,103.12,6490.34,2024-02-01
121,Mid-Level,7466.15,1539.55,2087.72,5926.6,835.99,5090.62,5.4,9559.27,2024-02-01
122,Mid-Level,3607.88,809.1,929.48,2798.78,294.58,2504.19,111.77,4649.13,2024-02-01
123,Mid-Level,5551.62,1127.4,1685.04,4424.22,580.59,3843.62,81.44,7318.1,2024-02-01
124,Mid-Level,4924.79,1008.24,1900.21,3916.55,455.07,3461.48,128.21,6953.2,2024-02-01
125,Mid-Level,3417.61,694.26,1191.24,2723.36,287.34,2436.02,46.57,4655.41,2024-02-01
126,Mid-Level,4989.33,1027.58,1991.3,3961.75,547.85,3413.89,55.72,7036.34,2024-02-01
127,Mid-Level,5187.2,1208.43,1483.71,3978.77,499.1,3479.67,98.34,6769.25,2024-02-01
128,Mid-Level,4242.59,858.43,1695.77,3384.16,342.8,3041.36,43.06,5981.42,2024-02-01
129,Mid-Level,4178.75,769.62,1462.38,3409.13,245.38,3163.75,56.68,5697.81,2024-02-01
130,Mid-Level,4494.58,906.36,1447.79,3588.22,441.6,3146.62,81.62,6023.99,2024-02-01
131,Mid-Level,2734.69,500.56,694.31,2234.13,122.58,2111.55,54.23,3483.23,2024-02-01
132,Mid-Level,5087.3,928.93,1737.27,4158.37,518.04,3640.33,121.32,6945.89,2024-02-01
133,Mid-Level,5704.33,1351.17,1764.79,4353.16,551.62,3801.54,72.66,7541.78,2024-02-01
134,Mid-Level,3966.1,752.94,1024.65,3213.15,349.09,2864.06,42.96,5033.71,2024-02-01
135,Mid-Level,3710.06,718.25,1420.88,2991.81,257.65,2734.17,56.11,5187.06,2024-02-01
136,Mid-Level,6182.1,1116.9,1906.37,5065.19,836.69,4228.51,72.94,8161.41,2024-02-01
137,Mid-Level,5690.37,1243.13,1871.5,4447.24,541.92,3905.33,101.11,7662.98,2024-02-01
138,Mid-Level,5662.18,1325.85,2026.44,4336.33,564.83,3771.5,38.62,7727.23,2024-02-01
139,Mid-Level,2541.56,477.45,695.34,2064.11,90.48,1973.63,49.56,3286.46,2024-02-01
140,Mid-Level,6238.77,1179.43,2561.21,5059.34,797.08,4262.26,5.84,8805.82,2024-02-01
141,Mid-Level,8068.28,1896.79,2848.64,6171.49,909.34,5262.15,103.58,11020.49,2024-02-01
142,Mid-Level,6892.91,1634.98,2844.05,5257.93,787.3,4470.63,9.42,9746.38,2024-02-01
143,Mid-Level,4486.4,923.68,1845.86,3562.71,431.81,3130.9,123.88,6456.14,2024-02-01
144,Mid-Level,3404.84,757.61,853.59,2647.23,189.74,2457.49,120.52,4378.95,2024-02-01
145,Mid-Level,4020.21,952.67,1071.44,3067.54,324.14,2743.4,121.34,5213.0,2024-02-01
146,Mid-Level,4089.84,907.0,1270.13,3182.84,262.0,2920.84,25.6,5385.58,2024-02-01
147,Mid-Level,5990.89,1290.4,1529.98,4700.49,594.15,4106.34,112.65,7633.52,2024-02-01
148,Mid-Level,6006.03,1437.1,2179.68,4568.93,592.83,3976.1,20.97,8206.69,2024-02-01
149,Mid-Level,3443.67,693.28,1175.51,2750.38,248.11,2502.28,83.38,4702.55,2024-02-01
150,Mid-Level,4854.52,1014.1,1545.51,3840.41,449.94,3390.48,79.38,6479.4,2024-02-01
151,Mid-Level,6715.99,1501.82,1738.29,5214.17,799.68,4414.5,122.17,8576.45,2024-02-01
152,Mid-Level,4232.32,1013.38,1537.97,3218.93,319.44,2899.49,23.26,5793.54,2024-02-01
153,Mid-Level,7192.87,1725.88,2743.34,5466.99,921.5,4545.49,107.98,10044.19,2024-02-01
154,Mid-Level,6924.47,1325.9,1935.7,5598.58,872.62,4725.95,148.41,9008.59,2024-02-01
155,Mid-Level,3808.46,687.55,1030.26,3120.9,223.1,2897.81,47.97,4886.69,2024-02-01
156,Mid-Level,5514.86,1158.4,1393.94,4356.47,492.07,3864.4,132.89,7041.7,2024-02-01
157,Mid-Level,3806.16,714.04,1286.49,3092.12,308.28,2783.84,104.25,5196.9,2024-02-01
158,Mid-Level,4467.57,960.07,1344.66,3507.49,416.44,3091.05,11.57,5823.8,2024-02-01
159,Mid-Level,4370.74,1014.69,1662.6,3356.05,300.69,3055.36,137.98,6171.32,2024-02-01
160,Mid-Level,3239.78,694.01,1134.67,2545.77,272.45,2273.32,97.54,4471.99,2024-02-01
161,Mid-Level,5743.29,1096.3,1834.26,4646.99,576.24,4070.75,48.82,7626.36,2024-02-01
162,Mid-Level,3999.99,889.4,1222.06,3110.6,260.22,2850.38,65.86,5287.91,2024-02-01
163,Mid-Level,5026.42,1003.55,1411.03,4022.88,475.96,3546.92,104.41,6541.86,2024-02-01
164,Mid-Level,10380.24,1880.43,3389.93,8499.81,1335.06,7164.76,80.09,13850.27,2024-02-01
165,Mid-Level,5776.78,1285.54,1888.49,4491.25,617.17,3874.08,106.9,7772.17,2024-02-01
166,Mid-Level,6500.56,1339.58,2185.05,5160.98,774.16,4386.82,43.67,8729.28,2024-02-01
167,Mid-Level,5393.03,1238.65,2142.85,4154.38,464.45,3689.93,22.45,7558.32,2024-02-01
168,Mid-Level,2838.81,606.21,906.37,2232.6,99.55,2133.05,7.87,3753.04,2024-02-01
169,Mid-Level,4615.41,993.08,1415.78,3622.33,407.46,3214.88,93.65,6124.85,2024-02-01
170,Mid-Level,3368.91,657.64,989.68,2711.27,249.18,2462.09,49.1,4407.7,2024-02-01
171,Mid-Level,7639.2,1759.0,2785.8,5880.2,1019.56,4860.64,2.03,10427.04,2024-02-01
172,Mid-Level,7995.96,1457.64,2717.05,6538.32,1107.14,5431.17,42.2,10755.21,2024-02-01
173,Mid-Level,4795.98,1139.34,1514.46,3656.64,403.12,3253.52,72.06,6382.5,2024-02-01
174,Mid-Level,7068.88,1585.48,2056.18,5483.4,935.07,4548.33,101.5,9226.56,2024-02-01
175,Senior,6984.03,1440.31,2562.69,5543.72,920.18,4623.54,131.1,9677.81,2024-02-01
176,Senior,10495.04,2118.51,3495.32,8376.52,1354.65,7021.87,45.54,14035.9,2024-02-01
177,Senior,10885.54,2238.82,3803.4,8646.72,1494.78,7151.94,136.35,14825.29,2024-02-01
178,Senior,9906.66,1836.02,2830.08,8070.64,1170.81,6899.82,9.31,12746.05,2024-02-01
179,Senior,7266.42,1328.05,2591.72,5938.37,926.65,5011.72,40.41,9898.55,2024-02-01
180,Senior,10330.73,2216.17,4073.21,8114.56,1291.12,6823.43,13.23,14417.18,2024-02-01
181,Senior,15079.54,3109.26,4516.69,11970.28,1914.96,10055.32,106.24,19702.47,2024-02-01
182,Senior,5639.94,1222.36,1727.92,4417.58,613.8,3803.78,113.0,7480.86,2024-02-01
183,Senior,10201.19,2069.3,3965.89,8131.89,1324.96,6806.93,13.71,14180.79,2024-02-01
184,Senior,9393.78,2118.64,3379.44,7275.14,1302.13,5973.01,9.57,12782.8,2024-02-01
185,Senior,9290.41,2134.17,3888.25,7156.24,1146.77,6009.47,72.15,13250.82,2024-02-01
186,Senior,12230.54,2910.56,4656.12,9319.98,1476.38,7843.6,37.18,16923.83,2024-02-01
187,Senior,15889.11,3793.51,5118.23,12095.6,1783.18,10312.41,93.98,21101.32,2024-02-01
188,Senior,5441.53,1013.04,1697.77,4428.5,550.56,3877.93,33.35,7172.66,2024-02-01
189,Senior,9236.79,1826.77,3478.1,7410.02,1159.57,6250.45,141.57,12856.45,2024-02-01
190,Senior,7455.56,1351.4,3029.38,6104.16,953.44,5150.72,26.07,10511.01,2024-02-01
191,Senior,7323.25,1633.67,2328.48,5689.57,884.39,4805.18,73.86,9725.58,2024-02-01
192,Senior,12322.4,2301.82,4469.93,10020.58,1471.08,8549.49,96.41,16888.75,2024-02-01
193,Senior,16235.45,3554.19,5220.96,12681.26,1781.96,10899.3,114.86,21571.27,2024-02-01
194,Senior,13277.6,2934.78,4813.88,10342.82,1513.22,8829.6,30.57,18122.05,2024-02-01
195,Senior,7246.19,1602.82,2824.88,5643.37,827.18,4816.19,72.64,10143.7,2024-02-01
196,Senior,7527.42,1739.13,2742.67,5788.28,811.0,4977.28,122.13,10392.22,2024-02-01
197,Senior,10092.28,2010.29,2895.29,8081.99,1336.92,6745.07,10.71,12998.29,2024-02-01
198,Senior,10924.85,2190.21,4100.25,8734.63,1323.74,7410.9,38.67,15063.76,2024-02-01
199,Senior,11107.2,2172.89,3424.59,8934.31,1552.73,7381.58,75.61,14607.4,2024-02-01
200,Senior,11562.56,2413.09,4813.21,9149.47,1334.15,7815.32,123.31,16499.07,2024-02-01
201,Senior,9356.3,2175.92,3047.26,7180.37,1185.55,5994.83,3.16,12406.72,2024-02-01
202,Senior,9737.28,1854.07,3337.12,7883.22,1198.17,6685.04,20.33,13094.73,2024-02-01
203,Senior,5568.63,1117.47,1829.14,4451.15,575.98,3875.17,80.71,7478.48,2024-02-01
204,Senior,5760.18,1354.21,1728.86,4405.97,555.34,3850.64,42.51,7531.55,2024-02-01
205,Senior,7864.95,1828.54,2721.26,6036.41,980.41,5056.0,113.11,10699.32,2024-02-01
206,Senior,7427.86,1730.32,2742.92,5697.54,1002.64,4694.9,102.85,10273.63,2024-02-01
207,Senior,9809.48,1800.64,3439.64,8008.84,1168.66,6840.18,27.17,13276.28,2024-02-01
208,Senior,9184.2,1983.1,3583.71,7201.1,1230.07,5971.04,116.43,12884.34,2024-02-01
209,Senior,9325.35,2188.35,3691.15,7137.0,1035.12,6101.88,125.98,13142.48,2024-02-01
210,Senior,9916.99,2113.42,3992.09,7803.57,1402.18,6401.39,149.9,14058.98,2024-02-01
211,Senior,12204.13,2919.47,4958.52,9284.66,1356.56,7928.1,106.26,17268.91,2024-02-01
212,Senior,7673.25,1686.11,2525.85,5987.13,1050.3,4936.84,136.79,10335.89,2024-02-01
213,Senior,12596.57,2998.49,3609.95,9598.08,1379.65,8218.43,111.95,16318.48,2024-02-01
214,Senior,9094.85,2169.7,2906.8,6925.16,1111.93,5813.22,80.82,12082.47,2024-02-01
215,Senior,10409.35,1926.66,3224.97,8482.69,1459.47,7023.22,98.89,13733.21,2024-02-01
216,Senior,9934.49,2370.86,3138.56,7563.63,1293.91,6269.72,48.55,13121.6,2024-02-01
217,Senior,9945.68,1846.45,4017.17,8099.22,1361.99,6737.23,99.67,14062.52,2024-02-01
218,Senior,9818.73,2101.61,4069.29,7717.12,1149.08,6568.05,107.55,13995.57,2024-02-01
219,Senior,8898.89,2057.92,3352.65,6840.96,972.23,5868.74,16.98,12268.52,2024-02-01
220,Senior,13578.6,2844.22,4207.98,10734.38,1698.4,9035.98,117.48,17904.06,2024-02-01
221,Senior,7338.13,1498.41,2444.17,5839.72,1040.79,4798.93,128.75,9911.06,2024-02-01
222,Senior,10509.44,1893.84,4134.97,8615.6,1235.25,7380.35,9.39,14653.8,2024-02-01
223,Senior,8486.35,1615.65,2426.12,6870.71,1170.8,5699.91,74.21,10986.68,2024-02-01
224,Senior,6684.87,1308.69,2351.99,5376.18,947.91,4428.27,65.78,9102.63,2024-02-01
225,Manager,44390.97,10248.89,16624.48,34142.08,5493.94,28648.14,73.26,61088.71,2024-02-01
226,Manager,36366.19,7006.02,14949.78,29360.17,5217.13,24143.03,20.12,51336.09,2024-02-01
227,Manager,9812.93,1785.77,3534.79,8027.17,1328.16,6699.01,132.09,13479.81,2024-02-01
228,Manager,20874.3,3939.18,5833.81,16935.12,2469.21,14465.91,121.86,26829.96,2024-02-01
229,Manager,26978.96,4946.92,6824.47,22032.04,3447.73,18584.31,27.41,33830.85,2024-02-01
230,Manager,27600.11,5162.38,10771.45,22437.73,3739.38,18698.35,71.05,38442.61,2024-02-01
231,Manager,24856.68,4875.44,9591.39,19981.25,2838.1,17143.15,123.43,34571.5,2024-02-01
232,Manager,29254.66,5446.65,10912.61,23808.02,4018.81,19789.21,138.21,40305.49,2024-02-01
233,Manager,27300.19,5317.34,8715.95,21982.85,3421.95,18560.9,42.06,36058.21,2024-02-01
234,Manager,35179.72,7637.94,10384.1,27541.78,4108.65,23433.13,96.47,45660.29,2024-02-01
235,Manager,34194.68,7838.62,12827.58,26356.06,4593.55,21762.51,100.75,47123.01,2024-02-01
236,Manager,25559.98,5074.31,7488.41,20485.67,3573.85,16911.81,88.5,33136.88,2024-02-01
237,Manager,19335.27,4366.17,5972.81,14969.1,2674.43,12294.67,31.95,25340.04,2024-02-01
238,Manager,31066.74,5821.66,10525.19,25245.08,4100.09,21144.99,46.82,41638.74,2024-02-01
239,Manager,22031.92,4753.21,7064.26,17278.71,2864.94,14413.77,101.49,29197.67,2024-02-01
240,Manager,25550.24,5664.2,8241.3,19886.04,3507.69,16378.35,136.51,33928.05,2024-02-01
241,Manager,25873.27,4964.85,8293.08,20908.42,3659.14,17249.27,5.76,34172.12,2024-02-01
242,Manager,25576.04,5046.65,10167.74,20529.39,3567.48,16961.91,81.12,35824.9,2024-02-01
243,Manager,26689.7,5618.3,8622.62,21071.4,3350.12,17721.28,113.18,35425.5,2024-02-01
244,Manager,25794.49,4756.71,6625.57,21037.78,3125.05,17912.73,13.49,32433.55,2024-02-01
245,Manager,32327.54,6887.81,12585.88,25439.73,4256.13,21183.6,87.92,45001.34,2024-02-01
246,Manager,39383.98,8831.5,11170.3,30552.48,4541.58,26010.89,113.03,50667.31,2024-02-01
247,Manager,28597.42,5223.66,11191.23,23373.76,4172.21,19201.55,147.69,39936.34,2024-02-01
248,Manager,12558.93,2722.77,4463.57,9836.16,1516.47,8319.69,75.93,17098.43,2024-02-01
249,Manager,33434.27,6312.57,10975.52,27121.7,4604.32,22517.38,72.34,44482.14,2024-02-01
1,Intern,1086.47,239.68,301.95,846.79,0.0,846.79,53.94,1442.35,2024-03-01
2,Intern,710.07,148.69,283.37,561.38,0.0,561.38,25.25,1018.69,2024-03-01
3,Intern,655.65,130.82,246.51,524.83,0.0,524.83,51.7,953.86,2024-03-01
4,Intern,804.26,164.09,251.78,640.17,0.0,640.17,122.12,1178.16,2024-03-01
5,Intern,759.19,176.03,195.07,583.16,0.0,583.16,15.98,970.24,2024-03-01
6,Intern,659.04,150.75,175.24,508.29,0.0,508.29,88.51,922.79,2024-03-01
7,Intern,516.61,121.9,168.01,394.71,0.0,394.71,43.21,727.83,2024-03-01
8,Intern,899.62,165.18,299.43,734.44,0.0,734.44,33.07,1232.11,2024-03-01
9,Intern,742.1,174.77,238.88,567.33,0.0,567.33,28.82,1009.8,2024-03-01
10,Intern,862.08,173.04,254.63,689.04,0.0,689.04,92.66,1209.37,2024-03-01
11,Intern,790.93,143.17,259.4,647.77,0.0,647.77,60.65,1110.98,2024-03-01
12,Intern,519.32,95.73,170.15,423.59,0.0,423.59,107.65,797.12,2024-03-01
13,Junior,2463.47,582.51,638.25,1880.96,99.61,1781.35,38.25,3139.97,2024-03-01
14,Junior,3125.18,651.97,859.45,2473.22,120.57,2352.65,109.87,4094.51,2024-03-01
15,Junior,1911.89,448.53,604.09,1463.35,0.0,1463.35,93.43,2609.41,2024-03-01
16,Junior,4318.48,871.59,1289.26,3446.88,330.66,3116.23,70.39,5678.12,2024-03-01
17,Junior,2883.57,532.86,871.34,2350.71,90.93,2259.78,38.03,3792.94,2024-03-01
18,Junior,2216.7,441.42,742.62,1775.28,118.14,1657.13,73.67,3032.99,2024-03-01
19,Junior,3854.41,787.12,1008.44,3067.3,316.65,2750.65,59.11,4921.96,2024-03-01
20,Junior,2944.74,617.66,959.2,2327.08,156.94,2170.14,9.61,3913.55,2024-03-01
21,Junior,4040.62,897.11,1183.36,3143.51,260.91,2882.59,30.63,5254.6,2024-03-01
22,Junior,3080.8,668.38,1239.83,2412.42,102.47,2309.95,67.34,4387.97,2024-03-01
23,Junior,4301.48,923.52,1474.28,3377.96,323.65,3054.31,11.89,5787.66,2024-03-01
24,Junior,3689.06,799.53,1086.13,2889.53,222.77,2666.76,138.47,4913.66,2024-03-01
25,Junior,3204.07,766.76,1214.63,2437.31,84.75,2352.56,109.26,4527.96,2024-03-01
26,Junior,2789.37,568.99,976.43,2220.38,124.46,2095.92,43.78,3809.58,2024-03-01
27,Junior,3966.64,909.9,1296.53,3056.74,225.9,2830.84,78.18,5341.35,2024-03-01
28,Junior,2784.68,637.85,1113.68,2146.83,114.91,2031.92,132.82,4031.18,2024-03-01
29,Junior,3391.58,663.24,1202.94,2728.35,229.17,2499.18,4.94,4599.47,2024-03-01
30,Junior,3208.89,696.06,1316.5,2512.83,257.44,2255.39,133.08,4658.47,2024-03-01
31,Junior,2939.47,551.6,791.41,2387.86,132.78,2255.08,16.0,3746.87,2024-03-01
32,Junior,1960.39,408.46,603.21,1551.93,53.4,1498.52,113.69,2677.29,2024-03-01
33,Junior,4311.63,935.57,1247.66,3376.06,308.86,3067.2,122.25,5681.55,2024-03-01
34,Junior,2299.25,481.84,631.97,1817.41,80.41,1736.99,102.34,3033.56,2024-03-01
35,Junior,2543.56,597.36,767.43,1946.19,124.42,1821.78,90.44,3401.43,2024-03-01
36,Junior,3084.08,689.61,1118.37,2394.47,74.02,2320.45,102.77,4305.22,2024-03-01
37,Junior,2161.74,469.58,639.89,1692.16,53.36,1638.8,102.37,2904.0,2024-03-01
38,Junior,3375.37,632.74,1391.69,2742.63,259.38,2483.25,110.98,4878.04,2024-03-01
39,Junior,2732.38,599.71,921.65,2132.68,146.68,1986.0,92.57,3746.6,2024-03-01
40,Junior,3822.24,904.76,1446.64,2917.48,313.96,2603.53,146.84,5415.72,2024-03-01
41,Junior,3272.31,749.67,1056.84,2522.63,228.47,2294.16,49.1,4378.25,2024-03-01
42,Junior,1895.29,401.06,656.56,1494.23,0.0,1494.23,22.84,2574.7,2024-03-01
43,Junior,1866.18,342.8,477.48,1523.38,82.65,1440.73,73.92,2417.58,2024-03-01
44,Junior,1934.55,426.24,666.73,1508.31,98.0,1410.31,112.26,2713.54,2024-03-01
45,Junior,3374.09,786.89,1323.05,2587.2,276.52,2310.68,84.62,4781.76,2024-03-01
46,Junior,2764.15,595.07,1054.24,2169.09,84.28,2084.81,9.15,3827.55,2024-03-01
47,Junior,2646.43,529.75,1052.04,2116.68,63.73,2052.95,72.37,3770.83,2024-03-01
48,Junior,3070.44,651.62,859.07,2418.82,161.68,2257.14,93.72,4023.23,2024-03-01
49,Junior,2526.45,573.96,980.77,1952.49,69.3,1883.19,63.55,3570.77,2024-03-01
50,Junior,2631.97,539.02,969.97,2092.95,125.87,1967.07,128.79,3730.72,2024-03-01
51,Junior,2203.79,525.2,776.34,1678.6,75.61,1602.99,95.5,3075.63,2024-03-01
52,Junior,3315.95,687.67,1341.75,2628.28,210.1,2418.18,131.21,4788.91,2024-03-01
53,Junior,1793.47,367.31,535.81,1426.16,0.0,1426.16,102.4,2431.68,2024-03-01
54,Junior,2802.18,590.89,904.42,2211.29,136.27,2075.02,109.73,3816.33,2024-03-01
55,Junior,2761.09,618.77,911.06,2142.32,120.08,2022.24,7.87,3680.02,2024-03-01
56,Junior,3666.05,781.88,1158.66,2884.17,280.3,2603.87,63.64,4888.34,2024-03-01
57,Junior,2812.74,649.65,1164.36,2163.09,81.71,2081.37,99.1,4076.19,2024-03-01
58,Junior,3230.55,648.67,1264.07,2581.89,264.55,2317.34,148.64,4643.26,2024-03-01
59,Junior,2240.86,491.52,842.68,1749.34,57.49,1691.85,29.87,3113.41,2024-03-01
60,Junior,3107.86,722.07,1267.45,2385.79,91.82,2293.97,135.83,4511.14,2024-03-01
61,Junior,3487.37,751.08,1429.62,2736.3,266.13,2470.17,36.36,4953.36,2024-03-01
62,Junior,4296.08,864.24,1552.8,3431.83,314.59,3117.25,75.81,5924.68,2024-03-01
63,Junior,3764.56,893.59,1167.07,2870.97,309.16,2561.81,11.37,4943.01,2024-03-01
64,Junior,3896.67,748.64,1032.9,3148.03,306.94,2841.09,88.0,5017.57,2024-03-01
65,Junior,3449.39,639.6,1337.41,2809.79,212.43,2597.37,142.04,4928.84,2024-03-01
66,Junior,3033.35,586.98,941.54,2446.36,169.83,2276.53,52.98,4027.86,2024-03-01
67,Junior,3561.7,650.59,955.3,2911.1,220.81,2690.3,124.61,4641.6,2024-03-01
68,Junior,2511.01,471.54,694.46,2039.47,76.51,1962.96,65.8,3271.26,2024-03-01
69,Junior,2970.94,542.41,1171.01,2428.52,80.55,2347.97,17.07,4159.02,2024-03-01
70,Junior,3735.97,745.16,1266.89,2990.81,243.65,2747.16,93.29,5096.15,2024-03-01
71,Junior,3103.15,667.96,989.0,2435.19,135.07,2300.12,140.76,4232.91,2024-03-01
72,Junior,2521.02,572.02,707.12,1949.0,73.35,1875.65,64.69,3292.83,2024-03-01
73,Junior,2953.98,656.27,1152.33,2297.71,76.24,2221.47,81.26,4187.57,2024-03-01
74,Junior,2072.57,444.52,830.32,1628.05,101.76,1526.29,35.26,2938.15,2024-03-01
75,Mid-Level,3410.42,751.73,1368.44,2658.69,263.55,2395.14,20.2,4799.05,2024-03-01
76,Mid-Level,7852.08,1713.38,2336.3,6138.69,1041.9,5096.79,76.77,10265.15,2024-03-01
77,Mid-Level,6674.32,1454.47,2223.5,5219.85,835.36,4384.49,109.56,9007.38,2024-03-01
78,Mid-Level,6034.25,1156.0,2309.91,4878.24,548.29,4329.95,66.68,8410.83,2024-03-01
79,Mid-Level,5296.21,1016.79,1379.01,4279.42,481.38,3798.04,67.83,6743.05,2024-03-01
80,Mid-Level,3027.3,717.59,860.05,2309.71,147.17,2162.54,65.19,3952.54,2024-03-01
81,Mid-Level,7111.28,1483.95,2566.72,5627.32,861.16,4766.16,93.5,9771.5,2024-03-01
82,Mid-Level,3335.62,699.11,1330.31,2636.51,217.64,2418.87,68.97,4734.91,2024-03-01
83,Mid-Level,6206.74,1182.74,2425.06,5023.99,790.96,4233.03,133.66,8765.46,2024-03-01
84,Mid-Level,5019.69,908.5,1593.56,4111.19,457.47,3653.72,128.67,6741.91,2024-03-01
85,Mid-Level,5133.7,994.09,2085.83,4139.6,543.52,3596.09,41.01,7260.54,2024-03-01
86,Mid-Level,4163.71,838.21,1569.77,3325.5,297.42,3028.08,26.26,5759.74,2024-03-01
87,Mid-Level,2900.77,693.04,1118.87,2207.73,75.98,2131.75,110.09,4129.73,2024-03-01
88,Mid-Level,4263.37,935.63,1101.16,3327.74,357.45,2970.29,67.56,5432.1,2024-03-01
89,Mid-Level,5973.32,1194.04,1644.3,4779.29,529.49,4249.79,44.18,7661.81,2024-03-01
90,Mid-Level,4963.33,1100.03,1654.49,3863.3,535.7,3327.6,45.06,6662.88,2024-03-01
91,Mid-Level,5349.0,999.99,1659.14,4349.01,551.23,3797.77,27.41,7035.55,2024-03-01
92,Mid-Level,4333.5,947.14,1614.17,3386.35,301.33,3085.02,48.66,5996.33,2024-03-01
93,Mid-Level,5823.64,1224.81,2439.55,4598.82,546.77,4052.05,40.82,8304.0,2024-03-01
94,Mid-Level,5348.83,1272.72,1613.13,4076.11,536.71,3539.4,102.67,7064.62,2024-03-01
95,Mid-Level,3235.27,745.64,1249.98,2489.63,120.03,2369.61,10.75,4496.0,2024-03-01
96,Mid-Level,7124.25,1374.35,1937.71,5749.89,823.82,4926.08,132.18,9194.13,2024-03-01
97,Mid-Level,4882.2,1089.55,1250.1,3792.64,465.66,3326.98,130.11,6262.41,2024-03-01
98,Mid-Level,7170.07,1668.48,2378.59,5501.59,969.85,4531.74,121.5,9670.16,2024-03-01
99,Mid-Level,6281.73,1253.95,2033.78,5027.77,788.72,4239.06,47.62,8363.12,2024-03-01
100,Mid-Level,8010.62,1799.4,2890.3,6211.22,1103.93,5107.29,89.32,10990.23,2024-03-01
101,Mid-Level,5139.89,1195.63,1965.47,3944.26,550.49,3393.77,7.9,7113.26,2024-03-01
102,Mid-Level,4364.03,1034.82,1181.32,3329.21,318.82,3010.38,92.63,5637.98,2024-03-01
103,Mid-Level,6103.98,1156.28,1997.1,4947.69,619.82,4327.87,24.31,8125.39,2024-03-01
104,Mid-Level,7751.54,1826.92,2362.16,5924.61,1038.15,4886.47,59.03,10172.73,2024-03-01
105,Mid-Level,4232.35,847.18,1441.63,3385.17,365.85,3019.32,96.67,5770.66,2024-03-01
106,Mid-Level,5784.27,1296.23,1752.36,4488.04,580.62,3907.42,143.45,7680.07,2024-03-01
107,Mid-Level,7278.06,1544.58,1837.79,5733.48,949.79,4783.7,22.62,9138.47,2024-03-01
108,Mid-Level,4417.46,949.86,1675.7,3467.61,367.72,3099.89,35.63,6128.8,2024-03-01
109,Mid-Level,4629.7,997.05,1780.18,3632.65,490.62,3142.03,109.84,6519.72,2024-03-01
110,Mid-Level,3718.68,754.36,1093.06,2964.32,221.5,2742.82,52.94,4864.69,2024-03-01
111,Mid-Level,5873.46,1354.68,2181.9,4518.78,499.2,4019.58,109.61,8164.97,2024-03-01
112,Mid-Level,6314.81,1252.79,2578.8,5062.02,807.53,4254.5,138.96,9032.58,2024-03-01
113,Mid-Level,5672.53,1029.12,1687.88,4643.41,601.91,4041.51,64.96,7425.37,2024-03-01
114,Mid-Level,6778.25,1600.63,2201.8,5177.62,790.62,4386.99,138.19,9118.24,2024-03-01
115,Mid-Level,3947.23,939.07,1577.48,3008.16,266.23,2741.93,102.57,5627.28,2024-03-01
116,Mid-Level,7698.65,1635.62,3196.32,6063.03,1011.65,5051.38,2.07,10897.04,2024-03-01
117,Mid-Level,7045.82,1395.12,1970.94,5650.7,993.67,4657.04,96.31,9113.07,2024-03-01
118,Mid-Level,5955.87,1075.8,1650.13,4880.07,592.94,4287.14,77.05,7683.06,2024-03-01
119,Mid-Level,3428.26,727.53,1037.19,2700.73,245.56,2455.17,111.89,4577.34,2024-03-01
120,Mid-Level,5407.23,1216.77,2144.98,4190.46,563.25,3627.21,79.22,7631.43,2024-03-01
121,Mid-Level,8107.51,1893.04,2533.97,6214.47,975.97,5238.51,45.95,10687.44,2024-03-01
122,Mid-Level,3510.95,678.13,1243.03,2832.82,215.43,2617.39,97.95,4851.93,2024-03-01
123,Mid-Level,5666.38,1039.49,2207.95,4626.89,577.59,4049.3,1.34,7875.68,2024-03-01
124,Mid-Level,4970.01,940.16,1355.88,4029.85,459.05,3570.8,91.99,6417.87,2024-03-01
125,Mid-Level,3384.04,635.07,1284.12,2748.97,273.56,2475.41,126.31,4794.46,2024-03-01
126,Mid-Level,5735.42,1220.98,1492.04,4514.44,621.88,3892.56,142.29,7369.75,2024-03-01
127,Mid-Level,5253.1,1249.6,2064.86,4003.5,520.29,3483.22,103.99,7421.95,2024-03-01
128,Mid-Level,4925.69,1077.26,2027.78,3848.43,433.17,3415.26,126.63,7080.1,2024-03-01
129,Mid-Level,4169.8,785.74,1393.12,3384.06,293.35,3090.71,140.98,5703.9,2024-03-01
130,Mid-Level,4525.33,931.88,1538.36,3593.45,420.6,3172.85,132.09,6195.79,2024-03-01
131,Mid-Level,2754.75,560.47,813.84,2194.28,79.19,2115.1,1.17,3569.77,2024-03-01
132,Mid-Level,5123.85,1211.17,2072.42,3912.68,468.43,3444.25,103.21,7299.47,2024-03-01
133,Mid-Level,5735.79,1104.45,2114.8,4631.34,556.32,4075.03,126.48,7977.08,2024-03-01
134,Mid-Level,4017.23,776.88,1601.5,3240.34,319.65,2920.7,48.54,5667.27,2024-03-01
135,Mid-Level,4821.65,914.88,1665.29,3906.78,503.99,3402.79,71.55,6558.49,2024-03-01
136,Mid-Level,6691.88,1444.68,1941.01,5247.2,879.22,4367.98,105.76,8738.65,2024-03-01
137,Mid-Level,5748.52,1093.12,1995.48,4655.39,595.16,4060.23,2.44,7746.43,2024-03-01
138,Mid-Level,5694.05,1106.63,1537.13,4587.42,641.58,3945.84,25.42,7256.6,2024-03-01
139,Mid-Level,2472.23,530.97,697.07,1941.26,86.22,1855.04,96.04,3265.34,2024-03-01
140,Mid-Level,6242.03,1127.96,2380.82,5114.07,785.21,4328.87,23.01,8645.86,2024-03-01
141,Mid-Level,8143.84,1837.67,2520.05,6306.16,1068.34,5237.82,8.7,10672.59,2024-03-01
142,Mid-Level,6949.29,1278.25,2031.98,5671.04,818.77,4852.27,93.31,9074.58,2024-03-01
143,Mid-Level,4478.93,822.41,1392.79,3656.52,436.01,3220.52,43.66,5915.39,2024-03-01
144,Mid-Level,3377.8,810.56,857.95,2567.24,179.96,2387.28,124.24,4359.99,2024-03-01
145,Mid-Level,4039.74,756.3,1375.08,3283.44,316.09,2967.34,133.57,5548.39,2024-03-01
146,Mid-Level,4120.0,897.23,1518.4,3222.78,247.18,2975.6,37.61,5676.02,2024-03-01
147,Mid-Level,5947.07,1220.65,2198.64,4726.42,561.11,4165.31,131.2,8276.92,2024-03-01
148,Mid-Level,6893.46,1450.0,1746.75,5443.46,905.46,4538.0,147.8,8788.01,2024-03-01
149,Mid-Level,3412.08,627.68,1177.08,2784.4,202.06,2582.33,47.03,4636.19,2024-03-01
150,Mid-Level,4868.2,898.99,1713.1,3969.2,512.4,3456.8,127.08,6708.38,2024-03-01
151,Mid-Level,6735.0,1365.83,2472.16,5369.18,842.82,4526.36,63.4,9270.57,2024-03-01
152,Mid-Level,4237.58,772.77,1429.82,3464.82,277.54,3187.27,115.48,5782.89,2024-03-01
153,Mid-Level,7937.98,1632.46,2377.57,6305.52,894.58,5410.93,67.06,10382.61,2024-03-01
154,Mid-Level,6940.64,1637.19,2016.34,5303.45,894.01,4409.44,69.96,9026.94,2024-03-01
155,Mid-Level,3810.23,715.57,1400.01,3094.66,242.55,2852.11,105.42,5315.66,2024-03-01
156,Mid-Level,6086.66,1136.9,1537.24,4949.76,628.99,4320.77,48.06,7671.96,2024-03-01
157,Mid-Level,3857.08,806.95,1452.89,3050.14,216.79,2833.34,2.48,5312.45,2024-03-01
158,Mid-Level,4439.84,917.91,1704.51,3521.92,407.72,3114.2,147.08,6291.43,2024-03-01
159,Mid-Level,4381.99,796.13,1542.24,3585.85,406.4,3179.45,92.05,6016.28,2024-03-01
160,Mid-Level,3210.16,747.36,1224.92,2462.8,80.88,2381.91,137.86,4572.94,2024-03-01
161,Mid-Level,6650.0,1585.35,2508.81,5064.65,824.68,4239.97,16.0,9174.81,2024-03-01
162,Mid-Level,4047.73,850.78,1205.0,3196.95,326.62,2870.33,98.5,5351.24,2024-03-01
163,Mid-Level,5020.01,928.55,2078.61,4091.46,451.13,3640.33,42.14,7140.76,2024-03-01
164,Mid-Level,10331.11,1923.0,4107.66,8408.11,1379.1,7029.0,67.49,14506.26,2024-03-01
165,Mid-Level,5718.39,1215.46,2351.34,4502.93,560.96,3941.97,10.16,8079.89,2024-03-01
166,Mid-Level,6520.51,1488.15,2464.02,5032.37,795.09,4237.28,141.65,9126.19,2024-03-01
167,Mid-Level,5489.37,1298.83,1976.44,4190.54,567.29,3623.24,53.41,7519.22,2024-03-01
168,Mid-Level,2831.03,658.9,1127.02,2172.13,66.01,2106.11,64.09,4022.14,2024-03-01
169,Mid-Level,4651.72,922.31,1419.18,3729.42,492.57,3236.85,5.96,6076.87,2024-03-01
170,Mid-Level,3925.37,809.54,1468.82,3115.84,239.01,2876.83,45.18,5439.37,2024-03-01
171,Mid-Level,7666.52,1824.05,2882.69,5842.47,848.56,4993.91,10.11,10559.32,2024-03-01
172,Mid-Level,8079.64,1623.95,2805.99,6455.69,946.11,5509.58,98.81,10984.44,2024-03-01
173,Mid-Level,4801.55,1083.39,1620.59,3718.16,455.09,3263.08,53.68,6475.82,2024-03-01
174,Mid-Level,7040.55,1454.1,2130.28,5586.45,953.38,4633.07,63.56,9234.39,2024-03-01
175,Senior,8867.96,1977.48,3085.37,6890.48,1119.16,5771.32,107.45,12060.78,2024-03-01
176,Senior,10450.37,2391.6,2625.52,8058.77,1391.8,6666.97,71.17,13147.07,2024-03-01
177,Senior,13022.67,3103.95,3873.63,9918.72,1605.41,8313.31,101.19,16997.48,2024-03-01
178,Senior,10915.7,2327.67,3992.27,8588.03,1287.04,7300.99,46.24,14954.21,2024-03-01
179,Senior,7241.59,1589.56,2111.01,5652.03,945.97,4706.06,149.28,9501.88,2024-03-01
180,Senior,11571.76,2165.3,3447.89,9406.46,1429.2,7977.26,129.39,15149.04,2024-03-01
181,Senior,15162.54,2759.89,4765.48,12402.66,2188.96,10213.7,14.34,19942.36,2024-03-01
182,Senior,5705.32,1199.48,1434.03,4505.84,612.3,3893.54,102.34,7241.68,2024-03-01
183,Senior,10213.02,2334.5,3392.08,7878.51,1324.64,6553.88,54.41,13659.5,2024-03-01
184,Senior,9480.71,1780.98,3690.61,7699.73,1166.88,6532.85,64.15,13235.46,2024-03-01
185,Senior,11300.0,2357.85,4290.07,8942.15,1264.61,7677.54,107.32,15697.39,2024-03-01
186,Senior,12153.85,2717.22,4244.67,9436.63,1635.56,7801.07,137.36,16535.88,2024-03-01
187,Senior,15888.84,3373.42,5550.95,12515.41,1768.93,10746.49,93.52,21533.3,2024-03-01
188,Senior,5433.19,995.31,1652.53,4437.88,527.89,3909.98,74.91,7160.63,2024-03-01
189,Senior,9262.25,1821.93,2901.95,7440.32,1316.87,6123.45,72.72,12236.92,2024-03-01
190,Senior,7400.91,1539.71,2745.5,5861.2,893.31,4967.89,20.95,10167.36,2024-03-01
191,Senior,7310.74,1748.32,2851.19,5562.42,862.1,4700.32,71.53,10233.46,2024-03-01
192,Senior,13470.05,2607.06,5124.78,10862.99,1557.59,9305.4,79.72,18674.55,2024-03-01
193,Senior,16327.01,3073.43,6457.71,13253.58,1974.36,11279.21,114.91,22899.63,2024-03-01
194,Senior,13424.87,2943.99,5110.12,10480.88,1520.69,8960.19,79.01,18614.0,2024-03-01
195,Senior,7347.32,1759.15,2376.54,5588.17,795.33,4792.84,79.58,9803.44,2024-03-01
196,Senior,7503.03,1720.7,2566.15,5782.33,939.41,4842.92,68.76,10137.94,2024-03-01
197,Senior,9979.88,2383.22,2540.32,7596.66,1281.41,6315.25,149.54,12669.74,2024-03-01
198,Senior,10959.22,2394.89,2860.66,8564.33,1429.93,7134.4,48.58,13868.47,2024-03-01
199,Senior,11162.18,2210.61,4142.92,8951.57,1371.15,7580.42,142.58,15447.68,2024-03-01
200,Senior,11500.43,2534.26,3424.03,8966.17,1596.29,7369.88,107.96,15032.42,2024-03-01
201,Senior,9383.73,2074.49,2718.26,7309.23,1139.58,6169.66,135.37,12237.36,2024-03-01
202,Senior,9711.17,1786.2,2507.37,7924.97,1205.12,6719.85,14.59,12233.13,2024-03-01
203,Senior,5617.07,1160.36,1652.36,4456.71,497.5,3959.21,31.13,7300.56,2024-03-01
204,Senior,5650.42,1354.96,2007.44,4295.46,508.9,3786.57,75.85,7733.72,2024-03-01
205,Senior,7794.14,1777.6,3190.01,6016.54,986.19,5030.35,40.99,11025.15,2024-03-01
206,Senior,8824.93,2081.17,3343.66,6743.76,996.41,5747.35,30.33,12198.92,2024-03-01
207,Senior,11522.25,2108.99,4767.49,9413.25,1455.78,7957.48,101.34,16391.07,2024-03-01
208,Senior,9247.15,1858.88,3316.31,7388.27,1202.83,6185.44,84.79,12648.24,2024-03-01
209,Senior,10150.66,1904.83,3004.53,8245.83,1308.58,6937.25,3.67,13158.85,2024-03-01
210,Senior,10045.78,2306.93,3732.14,7738.86,1262.78,6476.08,1.13,13779.06,2024-03-01
211,Senior,12283.52,2348.85,3478.58,9934.67,1641.94,8292.73,43.77,15805.87,2024-03-01
212,Senior,7678.86,1455.16,2039.4,6223.7,1007.68,5216.02,148.27,9866.53,2024-03-01
213,Senior,14398.07,2609.19,4433.91,11788.89,1721.79,10067.1,142.08,18974.07,2024-03-01
214,Senior,9138.64,2026.15,3289.73,7112.49,1070.89,6041.6,82.78,12511.15,2024-03-01
215,Senior,10380.69,2217.31,3429.45,8163.38,1447.49,6715.89,16.08,13826.22,2024-03-01
216,Senior,9824.05,2184.88,3946.02,7639.17,1266.64,6372.52,147.99,13918.06,2024-03-01
217,Senior,9991.77,2086.64,3129.22,7905.13,1208.89,6696.24,139.85,13260.84,2024-03-01
218,Senior,9789.01,1792.5,3775.73,7996.51,1283.19,6713.32,112.58,13677.32,2024-03-01
219,Senior,8960.64,1847.44,3045.7,7113.2,1137.22,5975.98,50.98,12057.32,2024-03-01
220,Senior,13587.06,3030.34,4050.34,10556.72,1492.7,9064.02,81.21,17718.62,2024-03-01
221,Senior,7415.91,1740.34,2983.19,5675.57,971.27,4704.3,136.08,10535.18,2024-03-01
222,Senior,11472.79,2435.74,2927.81,9037.05,1513.93,7523.13,113.39,14513.99,2024-03-01
223,Senior,8516.28,1935.08,2371.22,6581.2,1093.74,5487.46,128.08,11015.58,2024-03-01
224,Senior,6659.66,1418.29,2230.31,5241.36,750.93,4490.44,19.9,8909.87,2024-03-01
225,Manager,44422.24,8772.95,14342.12,35649.3,6215.75,29433.55,13.0,58777.37,2024-03-01
226,Manager,36366.76,7309.9,11291.72,29056.86,4477.93,24578.93,69.43,47727.92,2024-03-01
227,Manager,13534.68,3218.22,5448.93,10316.47,1746.08,8570.38,107.12,19090.74,2024-03-01
228,Manager,20925.08,4791.35,7792.8,16133.73,2318.81,13814.92,45.36,28763.24,2024-03-01
229,Manager,27067.15,5879.81,9307.01,21187.34,3267.13,17920.21,30.21,36404.37,2024-03-01
230,Manager,34170.33,8147.44,13069.28,26022.89,4150.96,21871.94,41.4,47281.01,2024-03-01
231,Manager,30386.0,5533.53,10621.01,24852.48,3813.76,21038.71,116.52,41123.53,2024-03-01
232,Manager,29247.91,6695.5,9108.41,22552.41,3224.65,19327.76,44.44,38400.76,2024-03-01
233,Manager,28918.75,5696.63,7624.64,23222.11,4004.09,19218.03,121.42,36664.8,2024-03-01
234,Manager,36838.31,7736.97,12708.74,29101.34,4302.21,24799.13,134.79,49681.84,2024-03-01
235,Manager,34167.0,7091.91,11182.05,27075.09,3858.66,23216.43,46.04,45395.1,2024-03-01
236,Manager,25514.36,5542.91,8913.39,19971.45,3494.29,16477.16,70.74,34498.49,2024-03-01
237,Manager,19451.4,4077.97,5998.37,15373.43,2226.51,13146.92,8.05,25457.83,2024-03-01
238,Manager,31241.16,6955.77,9482.36,24285.4,4364.92,19920.47,29.5,40753.03,2024-03-01
239,Manager,24173.47,4912.99,9996.76,19260.48,3462.18,15798.3,45.8,34216.03,2024-03-01
240,Manager,30539.14,6010.33,8082.83,24528.8,3612.05,20916.75,40.74,38662.7,2024-03-01
241,Manager,25949.55,5381.31,10593.58,20568.24,3022.52,17545.72,77.11,36620.24,2024-03-01
242,Manager,25603.67,5525.37,10548.3,20078.3,3491.65,16586.65,71.91,36223.89,2024-03-01
243,Manager,26709.24,5920.97,8826.89,20788.27,3629.17,17159.1,18.73,35554.86,2024-03-01
244,Manager,31763.69,7324.97,9048.11,24438.72,4041.28,20397.44,73.88,40885.69,2024-03-01
245,Manager,32271.8,6936.8,8123.73,25335.01,4305.04,21029.97,60.68,40456.22,2024-03-01
246,Manager,39384.85,7807.5,16302.3,31577.35,4628.42,26948.93,103.69,55790.84,2024-03-01
247,Manager,28724.28,5688.1,12009.27,23036.18,3642.53,19393.64,136.32,40869.87,2024-03-01
248,Manager,12683.28,2522.15,5301.04,10161.12,1682.54,8478.58,36.34,18020.66,2024-03-01
249,Manager,38105.05,8212.01,10009.77,29893.04,5141.93,24751.12,147.27,48262.09,2024-03-01
1,Intern,1071.79,240.35,323.56,831.44,0.0,831.44,6.68,1402.03,2024-04-01
2,Intern,696.56,138.5,289.06,558.06,0.0,558.06,104.29,1089.91,2024-04-01
3,Intern,653.69,142.35,272.63,511.33,0.0,511.33,111.45,1037.77,2024-04-01
4,Intern,826.03,179.11,226.33,646.92,0.0,646.92,89.53,1141.89,2024-04-01
5,Intern,744.52,146.06,228.94,598.46,0.0,598.46,123.37,1096.83,2024-04-01
6,Intern,628.55,134.73,178.21,493.82,0.0,493.82,65.78,872.55,2024-04-01
7,Intern,489.6,109.26,137.81,380.34,0.0,380.34,52.11,679.52,2024-04-01
8,Intern,904.0,185.54,358.82,718.46,0.0,718.46,132.41,1395.24,2024-04-01
9,Intern,747.63,141.4,306.92,606.23,0.0,606.23,24.97,1079.51,2024-04-01
10,Intern,857.38,191.69,222.51,665.68,0.0,665.68,116.77,1196.66,2024-04-01
11,Intern,803.59,176.75,307.79,626.84,0.0,626.84,136.71,1248.09,2024-04-01
12,Intern,505.21,117.8,194.36,387.41,0.0,387.41,75.91,775.48,2024-04-01
13,Junior,2506.01,555.11,984.13,1950.9,100.05,1850.85,116.65,3606.8,2024-04-01
14,Junior,3141.4,620.55,1036.19,2520.85,233.05,2287.81,114.49,4292.08,2024-04-01
15,Junior,2175.85,433.41,599.64,1742.44,54.73,1687.71,10.78,2786.28,2024-04-01
16,Junior,4391.97,838.17,1308.3,3553.8,474.84,3078.96,2.12,5702.39,2024-04-01
17,Junior,2876.28,653.47,754.8,2222.81,67.67,2155.13,35.73,3666.81,2024-04-01
18,Junior,2270.73,475.28,776.65,1795.45,99.24,1696.21,113.2,3160.58,2024-04-01
19,Junior,3845.2,879.83,1391.33,2965.37,252.19,2713.18,89.36,5325.89,2024-04-01
20,Junior,2930.01,648.59,1052.15,2281.42,100.76,2180.66,52.79,4034.95,2024-04-01
21,Junior,4043.58,909.7,1123.79,3133.88,256.6,2877.28,32.42,5199.78,2024-04-01
22,Junior,3115.89,656.44,1030.08,2459.45,151.53,2307.92,57.16,4203.13,2024-04-01
23,Junior,4318.67,883.61,1784.19,3435.06,240.67,3194.38,131.54,6234.4,2024-04-01
24,Junior,3698.45,696.04,1075.37,3002.41,215.73,2786.69,69.53,4843.35,2024-04-01
25,Junior,3215.11,673.41,1153.53,2541.7,233.43,2308.27,38.3,4406.94,2024-04-01
26,Junior,2793.28,667.61,876.13,2125.67,116.4,2009.27,95.87,3765.27,2024-04-01
27,Junior,3969.12,908.16,1041.83,3060.96,335.41,2725.55,3.5,5014.45,2024-04-01
28,Junior,2855.24,683.01,1181.18,2172.23,68.55,2103.68,85.13,4121.55,2024-04-01
29,Junior,3415.18,791.91,1188.02,2623.27,268.03,2355.24,111.01,4714.2,2024-04-01
30,Junior,3757.42,737.68,1333.38,3019.74,243.93,2775.81,85.59,5176.39,2024-04-01
31,Junior,2964.95,710.34,1067.31,2254.62,95.12,2159.5,82.7,4114.97,2024-04-01
32,Junior,2005.56,462.16,692.66,1543.4,57.91,1485.49,11.82,2710.03,2024-04-01
33,Junior,4559.16,977.83,1833.21,3581.32,465.71,3115.61,110.37,6502.74,2024-04-01
34,Junior,2322.44,523.45,610.39,1798.99,73.43,1725.56,47.58,2980.41,2024-04-01
35,Junior,2533.97,514.29,1042.25,2019.68,83.16,1936.52,82.66,3658.88,2024-04-01
36,Junior,3140.29,739.14,1023.86,2401.16,126.18,2274.98,120.81,4284.96,2024-04-01
37,Junior,2234.46,421.48,841.66,1812.98,78.08,1734.9,29.32,3105.44,2024-04-01
38,Junior,3391.49,796.31,1293.48,2595.17,197.43,2397.75,130.16,4815.13,2024-04-01
39,Junior,3110.74,735.26,859.6,2375.48,123.95,2251.53,82.08,4052.42,2024-04-01
40,Junior,3869.22,758.87,1451.6,3110.34,283.59,2826.75,114.05,5434.87,2024-04-01
41,Junior,3234.27,633.51,1201.18,2600.76,206.23,2394.53,92.0,4527.45,2024-04-01
42,Junior,1844.89,431.81,748.33,1413.08,0.0,1413.08,83.71,2676.94,2024-04-01
43,Junior,1912.66,450.64,499.58,1462.02,0.0,1462.02,88.06,2500.3,2024-04-01
44,Junior,1945.12,365.87,685.14,1579.25,102.84,1476.41,55.56,2685.82,2024-04-01
45,Junior,3409.58,648.3,1207.92,2761.28,203.6,2557.68,122.61,4740.11,2024-04-01
46,Junior,2776.83,551.54,710.85,2225.29,71.59,2153.7,126.34,3614.02,2024-04-01
47,Junior,3340.34,714.45,1077.8,2625.89,230.08,2395.81,98.68,4516.82,2024-04-01
48,Junior,3103.05,651.84,1088.95,2451.21,133.02,2318.2,61.32,4253.32,2024-04-01
49,Junior,2538.07,585.65,725.81,1952.42,122.07,1830.35,122.63,3386.51,2024-04-01
50,Junior,2658.33,546.88,709.68,2111.45,102.37,2009.09,102.79,3470.8,2024-04-01
51,Junior,2137.12,401.94,720.13,1735.18,106.82,1628.36,140.88,2998.13,2024-04-01
52,Junior,3345.06,620.19,1074.02,2724.86,257.8,2467.06,4.92,4423.99,2024-04-01
53,Junior,1810.95,334.22,693.96,1476.73,0.0,1476.73,84.29,2589.2,2024-04-01
54,Junior,2815.92,643.54,1097.01,2172.37,84.84,2087.54,12.21,3925.14,2024-04-01
55,Junior,2734.16,550.9,991.18,2183.26,89.73,2093.53,123.88,3849.21,2024-04-01
56,Junior,3670.29,763.01,1355.79,2907.28,309.16,2598.12,138.66,5164.74,2024-04-01
57,Junior,2805.94,517.1,942.85,2288.84,158.5,2130.33,117.21,3866.0,2024-04-01
58,Junior,3251.39,649.15,1242.91,2602.24,253.3,2348.95,38.3,4532.59,2024-04-01
59,Junior,2258.14,409.98,724.98,1848.16,99.42,1748.74,133.14,3116.26,2024-04-01
60,Junior,3169.57,686.48,1190.52,2483.09,92.69,2390.4,90.36,4450.45,2024-04-01
61,Junior,3569.02,690.56,1138.66,2878.46,259.89,2618.57,7.36,4715.04,2024-04-01
62,Junior,4247.64,801.67,1440.62,3445.97,247.42,3198.55,35.65,5723.91,2024-04-01
63,Junior,3753.13,760.38,1560.18,2992.75,282.66,2710.09,115.79,5429.1,2024-04-01
64,Junior,3971.76,827.29,1486.28,3144.47,300.89,2843.58,20.99,5479.04,2024-04-01
65,Junior,3490.96,675.73,1090.66,2815.24,297.11,2518.13,121.85,4703.48,2024-04-01
66,Junior,3026.5,560.57,1015.86,2465.94,119.53,2346.41,14.9,4057.27,2024-04-01
67,Junior,3558.56,788.3,1299.68,2770.26,194.35,2575.91,52.12,4910.36,2024-04-01
68,Junior,2549.08,478.95,997.48,2070.12,103.13,1967.0,96.37,3642.93,2024-04-01
69,Junior,3356.88,762.26,946.18,2594.62,282.17,2312.45,108.45,4411.51,2024-04-01
70,Junior,3773.08,753.33,1494.58,3019.75,249.56,2770.18,89.38,5357.04,2024-04-01
71,Junior,3120.1,643.34,1262.12,2476.76,78.84,2397.93,135.82,4518.05,2024-04-01
72,Junior,2510.36,459.55,728.28,2050.81,121.32,1929.49,2.36,3241.0,2024-04-01
73,Junior,2975.31,659.94,1096.75,2315.37,109.49,2205.89,115.72,4187.78,2024-04-01
74,Junior,2123.78,402.3,844.19,1721.48,88.81,1632.68,22.96,2990.94,2024-04-01
75,Mid-Level,3484.99,719.92,1365.65,2765.07,291.38,2473.69,148.3,4998.94,2024-04-01
76,Mid-Level,7852.65,1692.18,2552.77,6160.48,956.18,5204.3,10.08,10415.5,2024-04-01
77,Mid-Level,6751.07,1255.48,2313.46,5495.59,952.28,4543.31,45.39,9109.91,2024-04-01
78,Mid-Level,6068.01,1193.3,2491.21,4874.71,552.18,4322.53,106.8,8666.01,2024-04-01
79,Mid-Level,5317.21,996.81,1972.41,4320.4,511.22,3809.18,4.07,7293.7,2024-04-01
80,Mid-Level,3051.3,569.39,764.55,2481.91,93.38,2388.54,60.66,3876.51,2024-04-01
81,Mid-Level,7698.65,1465.45,2959.27,6233.2,1079.79,5153.41,48.17,10706.09,2024-04-01
82,Mid-Level,3366.89,687.85,894.0,2679.04,206.3,2472.74,133.2,4394.09,2024-04-01
83,Mid-Level,6193.51,1390.37,2478.66,4803.13,543.7,4259.43,140.14,8812.31,2024-04-01
84,Mid-Level,5036.42,1025.06,1503.03,4011.36,539.12,3472.24,118.6,6658.05,2024-04-01
85,Mid-Level,5151.95,1097.49,1966.93,4054.46,519.71,3534.76,44.56,7163.44,2024-04-01
86,Mid-Level,4208.53,902.72,1516.03,3305.81,276.92,3028.88,27.55,5752.11,2024-04-01
87,Mid-Level,2949.25,551.93,975.68,2397.31,80.99,2316.32,145.66,4070.59,2024-04-01
88,Mid-Level,4292.6,909.02,1079.59,3383.58,311.68,3071.9,114.66,5486.85,2024-04-01
89,Mid-Level,6017.86,1119.8,1739.13,4898.05,639.78,4258.27,71.3,7828.29,2024-04-01
90,Mid-Level,4938.62,1017.49,2004.58,3921.13,501.57,3419.56,145.52,7088.71,2024-04-01
91,Mid-Level,5371.86,1082.57,1449.35,4289.29,518.08,3771.21,51.84,6873.06,2024-04-01
92,Mid-Level,5031.03,1183.54,1610.35,3847.49,476.42,3371.06,146.5,6787.87,2024-04-01
93,Mid-Level,5823.46,1332.77,1997.28,4490.69,543.62,3947.07,25.97,7846.71,2024-04-01
94,Mid-Level,6482.01,1402.45,2678.39,5079.56,863.81,4215.76,123.74,9284.14,2024-04-01
95,Mid-Level,3231.26,744.6,929.52,2486.65,166.74,2319.91,53.23,4214.01,2024-04-01
96,Mid-Level,7090.7,1631.57,2641.36,5459.13,775.58,4683.55,148.48,9880.54,2024-04-01
97,Mid-Level,4910.22,899.9,1709.43,4010.32,522.43,3487.89,109.85,6729.5,2024-04-01
98,Mid-Level,7184.97,1464.63,2121.83,5720.34,987.29,4733.05,76.86,9383.66,2024-04-01
99,Mid-Level,6278.02,1480.82,2061.08,4797.2,601.24,4195.96,18.8,8357.89,2024-04-01
100,Mid-Level,8059.02,1638.69,2570.15,6420.33,1112.77,5307.55,37.57,10666.74,2024-04-01
101,Mid-Level,6318.81,1420.36,1689.12,4898.45,582.85,4315.61,79.06,8086.99,2024-04-01
102,Mid-Level,4340.01,840.65,1769.54,3499.36,381.21,3118.15,40.45,6150.0,2024-04-01
103,Mid-Level,6147.18,1309.46,1831.78,4837.72,538.66,4299.06,102.33,8081.29,2024-04-01
104,Mid-Level,7794.48,1839.44,2166.21,5955.04,857.84,5097.2,93.32,10054.01,2024-04-01
105,Mid-Level,4279.19,801.41,1106.49,3477.78,355.68,3122.09,6.49,5392.16,2024-04-01
106,Mid-Level,6459.91,1512.92,2582.36,4946.99,573.49,4373.5,51.94,9094.22,2024-04-01
107,Mid-Level,7214.65,1661.27,2548.72,5553.38,982.74,4570.64,91.17,9854.53,2024-04-01
108,Mid-Level,4456.75,848.92,1498.15,3607.83,436.67,3171.16,115.66,6070.56,2024-04-01
109,Mid-Level,4671.96,864.38,1274.53,3807.58,511.84,3295.74,64.26,6010.76,2024-04-01
110,Mid-Level,3781.27,738.34,955.45,3042.93,234.55,2808.38,56.28,4793.0,2024-04-01
111,Mid-Level,5899.57,1328.22,1860.5,4571.35,511.67,4059.68,113.12,7873.18,2024-04-01
112,Mid-Level,6302.43,1384.76,1772.58,4917.67,602.58,4315.09,125.66,8200.68,2024-04-01
113,Mid-Level,5695.02,1119.42,2147.35,4575.6,559.43,4016.17,58.4,7900.77,2024-04-01
114,Mid-Level,7222.69,1637.86,2238.66,5584.82,874.82,4710.01,85.18,9546.53,2024-04-01
115,Mid-Level,4369.68,863.17,1723.15,3506.51,418.42,3088.09,65.11,6157.94,2024-04-01
116,Mid-Level,8869.47,1687.49,3030.06,7181.98,1037.48,6144.5,16.04,11915.57,2024-04-01
117,Mid-Level,7016.2,1466.87,1878.4,5549.33,962.23,4587.1,74.61,8969.21,2024-04-01
118,Mid-Level,5927.68,1372.88,1922.49,4554.8,516.15,4038.65,16.67,7866.83,2024-04-01
119,Mid-Level,3437.29,742.68,985.47,2694.61,275.14,2419.46,15.89,4438.65,2024-04-01
120,Mid-Level,5352.23,1072.15,2137.84,4280.08,565.23,3714.85,122.54,7612.61,2024-04-01
121,Mid-Level,8128.7,1735.42,3384.09,6393.27,1065.6,5327.67,39.2,11551.98,2024-04-01
122,Mid-Level,3523.48,814.47,1177.75,2709.0,198.03,2510.97,86.79,4788.02,2024-04-01
123,Mid-Level,5722.92,1081.94,2007.79,4640.98,543.12,4097.85,120.23,7850.94,2024-04-01
124,Mid-Level,4983.72,1075.31,1266.07,3908.4,492.45,3415.95,61.34,6311.12,2024-04-01
125,Mid-Level,3369.44,706.11,1289.87,2663.34,269.21,2394.13,148.78,4808.09,2024-04-01
126,Mid-Level,5672.1,1223.94,1989.24,4448.16,498.73,3949.44,83.2,7744.54,2024-04-01
127,Mid-Level,6451.21,1372.49,1924.55,5078.72,813.98,4264.74,5.64,8381.39,2024-04-01
128,Mid-Level,4912.46,1119.47,1481.07,3792.99,421.03,3371.96,57.3,6450.84,2024-04-01
129,Mid-Level,4194.89,969.47,1163.86,3225.43,230.67,2994.76,128.41,5487.16,2024-04-01
130,Mid-Level,4524.18,868.15,1376.06,3656.04,420.69,3235.35,35.22,5935.46,2024-04-01
131,Mid-Level,2792.51,576.19,850.27,2216.32,95.11,2121.2,99.46,3742.24,2024-04-01
132,Mid-Level,5119.58,1147.9,1564.77,3971.67,508.52,3463.16,5.6,6689.95,2024-04-01
133,Mid-Level,5711.72,1265.13,1633.78,4446.59,596.64,3849.95,101.38,7446.88,2024-04-01
134,Mid-Level,4075.8,738.86,1311.63,3336.94,342.74,2994.2,95.39,5482.83,2024-04-01
135,Mid-Level,4859.24,970.28,1376.44,3888.96,537.15,3351.82,26.17,6261.85,2024-04-01
136,Mid-Level,6688.89,1501.5,2027.34,5187.39,793.43,4393.96,95.76,8811.99,2024-04-01
137,Mid-Level,5772.77,1069.82,2134.65,4702.95,574.66,4128.29,49.54,7956.96,2024-04-01
138,Mid-Level,6426.49,1294.33,2468.14,5132.16,802.93,4329.24,4.26,8898.88,2024-04-01
139,Mid-Level,2950.43,680.08,1225.95,2270.35,71.91,2198.44,79.4,4255.78,2024-04-01
140,Mid-Level,6329.93,1322.18,2221.35,5007.75,804.99,4202.77,139.09,8690.37,2024-04-01
141,Mid-Level,8159.52,1863.88,2545.13,6295.64,985.87,5309.76,109.96,10814.61,2024-04-01
142,Mid-Level,6942.52,1286.86,1841.41,5655.66,792.05,4863.62,43.81,8827.74,2024-04-01
143,Mid-Level,4446.06,918.61,1346.84,3527.45,403.33,3124.12,149.93,5942.83,2024-04-01
144,Mid-Level,3370.79,751.42,1341.41,2619.37,191.21,2428.16,126.46,4838.65,2024-04-01
145,Mid-Level,5091.05,991.89,1421.09,4099.16,555.13,3544.04,36.02,6548.17,2024-04-01
146,Mid-Level,4152.17,770.86,1274.98,3381.3,248.43,3132.87,134.72,5561.86,2024-04-01
147,Mid-Level,5996.51,1405.67,1628.83,4590.85,599.68,3991.17,128.14,7753.49,2024-04-01
148,Mid-Level,6919.84,1300.65,1800.91,5619.2,933.2,4686.0,85.96,8806.71,2024-04-01
149,Mid-Level,3384.73,764.41,971.71,2620.32,283.49,2336.82,130.75,4487.19,2024-04-01
150,Mid-Level,5259.14,1227.77,1404.19,4031.37,527.56,3503.81,136.03,6799.36,2024-04-01
151,Mid-Level,6773.65,1471.06,1798.46,5302.59,928.26,4374.32,73.13,8645.24,2024-04-01
152,Mid-Level,4275.72,935.97,1259.67,3339.75,286.43,3053.32,15.62,5551.02,2024-04-01
153,Mid-Level,7868.75,1698.14,2033.71,6170.61,1015.67,5154.94,101.95,10004.41,2024-04-01
154,Mid-Level,6886.39,1378.15,1817.83,5508.24,966.7,4541.54,12.34,8716.56,2024-04-01
155,Mid-Level,3901.26,769.69,1431.41,3131.57,258.38,2873.19,130.61,5463.27,2024-04-01
156,Mid-Level,6131.41,1407.19,2103.85,4724.22,545.39,4178.83,75.99,8311.24,2024-04-01
157,Mid-Level,3931.81,748.53,996.32,3183.28,283.3,2899.98,122.28,5050.4,2024-04-01
158,Mid-Level,4478.67,1034.72,1815.14,3443.94,257.95,3186.0,101.16,6394.97,2024-04-01
159,Mid-Level,5032.61,1144.2,1273.3,3888.4,429.88,3458.52,56.43,6362.33,2024-04-01
160,Mid-Level,3244.94,729.32,1333.42,2515.63,246.81,2268.81,48.7,4627.06,2024-04-01
161,Mid-Level,7557.55,1669.62,2031.88,5887.93,873.55,5014.38,143.56,9732.98,2024-04-01
162,Mid-Level,4166.33,790.21,1305.53,3376.12,327.54,3048.58,108.66,5580.51,2024-04-01
163,Mid-Level,5033.12,1201.8,1356.01,3831.32,483.25,3348.07,148.32,6537.45,2024-04-01
164,Mid-Level,10338.94,2012.02,3700.99,8326.92,1349.55,6977.37,67.34,14107.27,2024-04-01
165,Mid-Level,5777.16,1203.8,1579.16,4573.35,599.46,3973.9,143.76,7500.08,2024-04-01
166,Mid-Level,6568.6,1448.67,1736.82,5119.93,831.97,4287.96,104.33,8409.75,2024-04-01
167,Mid-Level,5513.86,1059.94,1617.53,4453.92,575.29,3878.62,4.96,7136.35,2024-04-01
168,Mid-Level,3174.1,669.79,1153.33,2504.32,226.47,2277.84,24.38,4351.82,2024-04-01
169,Mid-Level,4610.57,1021.75,1852.54,3588.82,487.91,3100.92,125.22,6588.33,2024-04-01
170,Mid-Level,3890.61,887.13,1146.6,3003.48,231.15,2772.33,123.97,5161.18,2024-04-01
171,Mid-Level,7705.28,1714.7,2755.94,5990.58,1077.39,4913.19,142.2,10603.42,2024-04-01
172,Mid-Level,9255.55,1920.13,2956.03,7335.42,1134.01,6201.4,102.6,12314.18,2024-04-01
173,Mid-Level,4829.32,1153.84,1357.0,3675.48,481.88,3193.6,91.98,6278.29,2024-04-01
174,Mid-Level,7053.56,1626.19,2321.57,5427.37,955.7,4471.67,96.73,9471.86,2024-04-01
175,Senior,8925.65,2000.32,3685.81,6925.33,1195.64,5729.69,117.53,12729.0,2024-04-01
176,Senior,10382.21,2144.76,4185.19,8237.45,1364.72,6872.73,86.15,14653.54,2024-04-01
177,Senior,13035.46,2674.08,3687.27,10361.38,1522.4,8838.99,68.02,16790.75,2024-04-01
178,Senior,10966.69,1974.66,3338.42,8992.03,1302.19,7689.84,113.14,14418.25,2024-04-01
179,Senior,9714.98,2009.17,2828.26,7705.81,1351.44,6354.37,138.47,12681.7,2024-04-01
180,Senior,11607.5,2237.92,2914.88,9369.57,1577.86,7791.71,74.74,14597.12,2024-04-01
181,Senior,17027.83,4025.94,6975.68,13001.88,2155.44,10846.44,11.15,24014.65,2024-04-01
182,Senior,6375.96,1488.87,2589.89,4887.09,651.69,4235.4,67.2,9033.05,2024-04-01
183,Senior,10212.71,2211.01,3418.85,8001.69,1239.04,6762.66,16.33,13647.89,2024-04-01
184,Senior,9514.57,1732.88,3344.66,7781.69,1282.71,6498.98,121.39,12980.61,2024-04-01
185,Senior,12731.81,2397.94,4394.52,10333.87,1477.09,8856.78,58.11,17184.44,2024-04-01
186,Senior,12164.9,2190.11,4254.33,9974.79,1525.63,8449.16,73.65,16492.88,2024-04-01
187,Senior,15994.51,3692.77,5385.85,12301.74,1724.5,10577.24,0.12,21380.47,2024-04-01
188,Senior,5437.43,1129.82,1882.23,4307.62,596.84,3710.78,127.79,7447.46,2024-04-01
189,Senior,11449.96,2341.43,3495.24,9108.52,1376.52,7732.01,31.87,14977.07,2024-04-01
190,Senior,7388.7,1750.52,2802.63,5638.18,867.53,4770.65,109.39,10300.73,2024-04-01
191,Senior,7275.45,1524.37,2027.12,5751.08,979.71,4771.38,98.31,9400.89,2024-04-01
192,Senior,15942.18,3326.08,5460.4,12616.1,1942.84,10673.26,72.51,21475.09,2024-04-01
193,Senior,18293.09,4093.26,6885.45,14199.84,2416.61,11783.23,23.83,25202.37,2024-04-01
194,Senior,13513.53,2640.1,5041.91,10873.43,1631.63,9241.8,125.75,18681.2,2024-04-01
195,Senior,9695.18,1945.48,3812.64,7749.7,1168.85,6580.85,16.51,13524.33,2024-04-01
196,Senior,7501.19,1504.26,2155.27,5996.93,1035.0,4961.93,36.57,9693.03,2024-04-01
197,Senior,10077.43,1878.2,2583.69,8199.24,1397.5,6801.74,97.03,12758.16,2024-04-01
198,Senior,12665.93,2397.28,3452.53,10268.65,1497.32,8771.33,137.3,16255.76,2024-04-01
199,Senior,11181.46,2276.75,3522.02,8904.71,1581.05,7323.67,144.67,14848.15,2024-04-01
200,Senior,12744.66,2590.99,3670.56,10153.67,1693.13,8460.54,42.87,16458.09,2024-04-01
201,Senior,10020.6,2250.72,3702.67,7769.88,1315.48,6454.4,61.18,13784.45,2024-04-01
202,Senior,9706.85,1809.29,3032.14,7897.56,1361.04,6536.53,113.57,12852.56,2024-04-01
203,Senior,6939.62,1355.31,2135.7,5584.31,829.03,4755.29,132.24,9207.55,2024-04-01
204,Senior,5635.09,1155.39,1584.51,4479.7,517.73,3961.97,141.33,7360.93,2024-04-01
205,Senior,9788.54,1997.82,2787.21,7790.72,1137.79,6652.93,29.45,12605.21,2024-04-01
206,Senior,8886.3,1808.01,2398.26,7078.29,1124.04,5954.26,109.77,11394.33,2024-04-01
207,Senior,11467.23,2097.72,3796.95,9369.5,1426.8,7942.7,94.43,15358.6,2024-04-01
208,Senior,9308.58,2069.72,3444.94,7238.86,1123.24,6115.62,46.11,12799.63,2024-04-01
209,Senior,10215.65,1926.65,2654.65,8288.99,1263.84,7025.15,132.4,13002.7,2024-04-01
210,Senior,10013.77,2388.84,2712.32,7624.93,1233.48,6391.45,93.31,12819.4,2024-04-01
211,Senior,12279.88,2654.11,4967.26,9625.77,1719.23,7906.54,49.95,17297.09,2024-04-01
212,Senior,7683.65,1638.46,2312.64,6045.19,1017.18,5028.01,145.74,10142.03,2024-04-01
213,Senior,14354.91,2950.09,5565.32,11404.82,1946.78,9458.05,48.54,19968.76,2024-04-01
214,Senior,11067.19,2273.9,4112.64,8793.29,1449.96,7343.33,132.1,15311.94,2024-04-01
215,Senior,10411.63,1927.48,4214.01,8484.15,1195.66,7288.49,73.59,14699.23,2024-04-01
216,Senior,9795.26,2127.99,3598.76,7667.27,1175.89,6491.38,88.56,13482.59,2024-04-01
217,Senior,12108.2,2445.26,4897.83,9662.94,1629.94,8033.0,111.7,17117.72,2024-04-01
218,Senior,9818.82,1927.95,3995.1,7890.87,1127.24,6763.63,76.31,13890.22,2024-04-01
219,Senior,8982.5,1966.36,2992.26,7016.14,1019.78,5996.36,132.11,12106.87,2024-04-01
220,Senior,13598.49,2644.41,5184.44,10954.08,1829.69,9124.39,121.58,18904.5,2024-04-01
221,Senior,7425.85,1725.68,2398.13,5700.17,813.98,4886.19,92.92,9916.9,2024-04-01
222,Senior,11489.4,2238.97,4333.19,9250.43,1552.31,7698.12,22.0,15844.59,2024-04-01
223,Senior,8564.56,1740.02,3132.09,6824.54,1032.57,5791.97,126.71,11823.35,2024-04-01
224,Senior,6656.43,1319.5,2629.8,5336.93,779.42,4557.51,88.52,9374.75,2024-04-01
225,Manager,44493.43,9965.91,17992.79,34527.52,5284.6,29242.91,27.44,62513.66,2024-04-01
226,Manager,36484.04,7006.6,12766.25,29477.44,4513.6,24963.84,19.68,49269.97,2024-04-01
227,Manager,13514.38,2743.84,4419.49,10770.54,1834.49,8936.05,126.84,18060.72,2024-04-01
228,Manager,22029.61,4280.95,5623.95,17748.65,3024.86,14723.79,50.68,27704.24,2024-04-01
229,Manager,32751.99,7641.2,9284.47,25110.8,4152.0,20958.8,82.98,42119.44,2024-04-01
230,Manager,34209.4,7895.24,8918.27,26314.16,4130.8,22183.36,43.6,43171.28,2024-04-01
231,Manager,36717.96,8769.44,9448.67,27948.52,4846.73,23101.79,54.46,46221.09,2024-04-01
232,Manager,29372.28,6865.6,10244.32,22506.68,3570.53,18936.16,132.57,39749.17,2024-04-01
233,Manager,29004.4,5255.86,12030.77,23748.55,3884.23,19864.31,18.91,41054.08,2024-04-01
234,Manager,42030.67,8237.96,14615.85,33792.72,5550.95,28241.76,67.98,56714.51,2024-04-01
235,Manager,36211.52,7859.59,14056.65,28351.93,4268.64,24083.29,66.8,50334.97,2024-04-01
236,Manager,29489.55,6613.38,12227.31,22876.16,3297.35,19578.81,73.82,41790.67,2024-04-01
237,Manager,19397.49,4199.48,4884.69,15198.01,2394.56,12803.45,1.9,24284.08,2024-04-01
238,Manager,31222.11,6065.38,9084.23,25156.73,3700.53,21456.2,63.85,40370.19,2024-04-01
239,Manager,24315.14,5476.98,6095.06,18838.16,3309.61,15528.56,106.13,30516.33,2024-04-01
240,Manager,32247.55,6942.73,12646.89,25304.82,4470.97,20833.85,133.49,45027.92,2024-04-01
241,Manager,32690.96,7196.47,8216.21,25494.49,4132.84,21361.65,25.32,40932.49,2024-04-01
242,Manager,25685.65,5859.58,9956.24,19826.07,2785.56,17040.51,42.31,35684.2,2024-04-01
243,Manager,26745.69,5060.05,7608.92,21685.64,3736.17,17949.47,97.81,34452.41,2024-04-01
244,Manager,31838.51,6110.08,9357.95,25728.43,4514.63,21213.81,121.53,41318.0,2024-04-01
245,Manager,37111.58,6745.26,15083.75,30366.32,4983.78,25382.54,18.66,52213.99,2024-04-01
246,Manager,39408.74,9307.78,12441.89,30100.96,5273.48,24827.48,43.45,51894.08,2024-04-01
247,Manager,32312.8,7735.59,13487.4,24577.21,4226.54,20350.67,59.42,45859.62,2024-04-01
248,Manager,12718.03,2690.14,3988.19,10027.89,1562.98,8464.91,4.49,16710.7,2024-04-01
249,Manager,38159.06,8676.37,15129.12,29482.68,4682.07,24800.61,73.41,53361.59,2024-04-01
1,Intern,1064.19,220.52,335.34,843.67,0.0,843.67,110.32,1509.86,2024-05-01
2,Intern,707.03,128.43,225.1,578.6,0.0,578.6,142.73,1074.86,2024-05-01
3,Intern,672.86,134.5,281.92,538.37,0.0,538.37,69.03,1023.81,2024-05-01
4,Intern,798.28,176.49,216.19,621.8,0.0,621.8,125.65,1140.12,2024-05-01
5,Intern,709.38,131.77,221.66,577.61,0.0,577.61,72.12,1003.16,2024-05-01
6,Intern,644.54,153.88,222.21,490.66,0.0,490.66,66.01,932.76,2024-05-01
7,Intern,452.96,87.33,145.13,365.64,0.0,365.64,109.59,707.68,2024-05-01
8,Intern,945.13,186.2,333.28,758.94,0.0,758.94,148.66,1427.08,2024-05-01
9,Intern,738.96,144.77,284.75,594.19,0.0,594.19,18.73,1042.44,2024-05-01
10,Intern,844.76,174.58,299.68,670.18,0.0,670.18,15.97,1160.41,2024-05-01
11,Intern,774.43,180.57,298.41,593.86,0.0,593.86,63.68,1136.52,2024-05-01
12,Intern,504.56,91.03,130.56,413.53,0.0,413.53,25.73,660.86,2024-05-01
13,Junior,2482.5,485.71,940.08,1996.79,64.03,1932.76,64.52,3487.1,2024-05-01
14,Junior,3134.46,709.2,984.8,2425.26,85.48,2339.78,89.15,4208.41,2024-05-01
15,Junior,2203.2,425.94,919.22,1777.26,89.02,1688.24,122.77,3245.19,2024-05-01
16,Junior,4408.62,807.63,1187.3,3600.99,489.18,3111.82,126.11,5722.03,2024-05-01
17,Junior,2856.44,544.43,1033.49,2312.01,86.14,2225.87,108.32,3998.25,2024-05-01
18,Junior,2271.55,519.71,659.68,1751.84,92.99,1658.84,108.91,3040.14,2024-05-01
19,Junior,4243.27,858.4,1688.42,3384.88,281.21,3103.67,60.95,5992.65,2024-05-01
20,Junior,2934.64,586.04,1117.32,2348.6,81.51,2267.09,104.14,4156.11,2024-05-01
21,Junior,4056.0,866.43,1336.65,3189.57,316.26,2873.31,107.45,5500.1,2024-05-01
22,Junior,3109.24,636.49,1196.35,2472.76,74.65,2398.11,32.75,4338.34,2024-05-01
23,Junior,4334.0,857.37,1702.34,3476.63,298.65,3177.98,93.57,6129.91,2024-05-01
24,Junior,3704.24,866.48,1512.24,2837.75,302.45,2535.3,108.3,5324.78,2024-05-01
25,Junior,3254.84,758.43,993.08,2496.41,130.11,2366.3,138.34,4386.26,2024-05-01
26,Junior,2803.16,534.44,1041.54,2268.72,136.61,2132.11,114.31,3959.01,2024-05-01
27,Junior,4367.51,853.38,1538.86,3514.13,480.28,3033.85,49.41,5955.78,2024-05-01
28,Junior,2839.14,515.88,1027.42,2323.26,114.74,2208.53,70.03,3936.59,2024-05-01
29,Junior,3435.45,642.67,1256.95,2792.78,219.27,2573.51,124.55,4816.95,2024-05-01
30,Junior,3795.15,766.73,1554.22,3028.42,214.56,2813.85,89.3,5438.67,2024-05-01
31,Junior,2986.71,564.34,1238.46,2422.36,91.49,2330.87,55.43,4280.59,2024-05-01
32,Junior,2018.62,476.23,623.53,1542.4,94.94,1447.45,126.52,2768.67,2024-05-01
33,Junior,4598.31,849.33,1451.9,3748.98,463.77,3285.21,13.51,6063.72,2024-05-01
34,Junior,2291.14,415.52,721.2,1875.62,94.03,1781.58,69.15,3081.48,2024-05-01
35,Junior,2564.18,514.27,748.54,2049.91,142.91,1907.0,107.83,3420.55,2024-05-01
36,Junior,3171.57,576.58,1157.61,2594.99,254.87,2340.12,132.29,4461.47,2024-05-01
37,Junior,2228.09,483.43,674.5,1744.66,89.55,1655.12,112.14,3014.73,2024-05-01
38,Junior,3414.8,646.93,1290.72,2767.87,241.6,2526.26,129.75,4835.28,2024-05-01
39,Junior,3147.94,746.01,943.75,2401.94,119.49,2282.44,79.91,4171.59,2024-05-01
40,Junior,3890.99,765.92,1126.53,3125.07,296.93,2828.14,61.84,5079.36,2024-05-01
41,Junior,3624.89,804.41,1049.76,2820.48,262.93,2557.55,106.36,4781.01,2024-05-01
42,Junior,2356.43,460.5,873.01,1895.93,117.2,1778.73,1.12,3230.55,2024-05-01
43,Junior,1938.27,355.2,717.59,1583.07,108.31,1474.76,27.03,2682.89,2024-05-01
44,Junior,1967.67,452.96,696.91,1514.71,74.35,1440.35,82.64,2747.22,2024-05-01
45,Junior,3401.57,674.79,1381.23,2726.78,242.54,2484.24,140.92,4923.71,2024-05-01
46,Junior,2776.0,538.31,1023.79,2237.69,121.69,2116.0,32.3,3832.09,2024-05-01
47,Junior,3377.23,706.41,1069.63,2670.82,248.01,2422.81,116.94,4563.8,2024-05-01
48,Junior,3137.97,661.64,843.65,2476.33,172.82,2303.51,28.35,4009.96,2024-05-01
49,Junior,2579.05,556.27,757.6,2022.78,96.7,1926.08,86.5,3423.15,2024-05-01
50,Junior,2680.5,599.59,1063.15,2080.91,73.22,2007.7,113.09,3856.74,2024-05-01
51,Junior,2177.37,423.56,687.3,1753.81,109.82,1643.99,116.78,2981.45,2024-05-01
52,Junior,3364.77,731.07,1182.22,2633.69,215.34,2418.36,128.62,4675.6,2024-05-01
53,Junior,1812.25,365.15,736.32,1447.1,0.0,1447.1,48.09,2596.66,2024-05-01
54,Junior,3631.43,852.32,1020.73,2779.11,272.83,2506.28,135.32,4787.47,2024-05-01
55,Junior,2772.15,661.52,912.51,2110.64,67.5,2043.13,143.19,3827.85,2024-05-01
56,Junior,3715.97,771.46,985.42,2944.51,262.9,2681.62,99.38,4800.77,2024-05-01
57,Junior,2855.13,668.68,730.65,2186.45,138.36,2048.09,79.78,3665.55,2024-05-01
58,Junior,3236.81,582.8,934.13,2654.01,265.55,2388.46,60.91,4231.85,2024-05-01
59,Junior,2383.69,450.66,737.07,1933.03,68.56,1864.48,14.48,3135.25,2024-05-01
60,Junior,3210.89,727.84,1189.53,2483.05,92.03,2391.02,47.85,4448.27,2024-05-01
61,Junior,3556.3,713.58,1087.59,2842.73,256.3,2586.43,26.3,4670.19,2024-05-01
62,Junior,4236.81,830.41,1776.68,3406.39,286.98,3119.41,24.51,6038.0,2024-05-01
63,Junior,3744.85,723.24,1199.12,3021.61,274.72,2746.88,130.45,5074.41,2024-05-01
64,Junior,4776.96,976.47,1439.28,3800.49,486.09,3314.4,20.42,6236.66,2024-05-01
65,Junior,3541.08,737.01,1479.57,2804.07,305.89,2498.18,127.8,5148.44,2024-05-01
66,Junior,3059.39,653.93,1096.3,2405.46,91.44,2314.02,23.31,4179.01,2024-05-01
67,Junior,3600.96,823.66,1379.46,2777.3,232.66,2544.65,95.3,5075.72,2024-05-01
68,Junior,2524.31,513.5,1023.17,2010.82,90.33,1920.49,140.33,3687.8,2024-05-01
69,Junior,3439.55,820.81,1210.8,2618.73,208.7,2410.04,86.97,4737.32,2024-05-01
70,Junior,3793.63,850.57,1036.21,2943.06,241.06,2702.0,17.17,4847.01,2024-05-01
71,Junior,3062.15,701.33,1101.8,2360.82,150.62,2210.2,29.91,4193.87,2024-05-01
72,Junior,2522.84,486.38,662.06,2036.46,96.97,1939.49,30.57,3215.47,2024-05-01
73,Junior,2994.5,547.67,952.93,2446.82,143.62,2303.2,100.82,4048.25,2024-05-01
74,Junior,2137.01,399.07,743.74,1737.94,66.44,1671.5,138.28,3019.03,2024-05-01
75,Mid-Level,3512.22,779.62,1324.32,2732.6,218.86,2513.74,103.03,4939.56,2024-05-01
76,Mid-Level,7882.37,1520.34,2903.04,6362.03,1110.95,5251.08,51.47,10836.88,2024-05-01
77,Mid-Level,7948.18,1551.06,2803.2,6397.12,934.37,5462.75,134.87,10886.26,2024-05-01
78,Mid-Level,6075.23,1191.62,1933.71,4883.61,546.92,4336.69,124.79,8133.73,2024-05-01
79,Mid-Level,5336.25,976.73,1336.75,4359.52,555.18,3804.34,122.92,6795.92,2024-05-01
80,Mid-Level,3056.54,721.78,784.04,2334.76,118.48,2216.28,140.28,3980.86,2024-05-01
81,Mid-Level,7671.91,1668.01,2835.09,6003.89,1055.2,4948.7,125.05,10632.05,2024-05-01
82,Mid-Level,3369.65,606.7,1052.15,2762.95,247.29,2515.67,24.88,4446.68,2024-05-01
83,Mid-Level,6196.52,1426.57,2041.71,4769.95,658.71,4111.24,36.33,8274.55,2024-05-01
84,Mid-Level,5031.17,988.79,1519.32,4042.37,485.82,3556.55,53.08,6603.57,2024-05-01
85,Mid-Level,5605.47,1273.97,1459.6,4331.51,534.11,3797.4,137.63,7202.7,2024-05-01
86,Mid-Level,4232.06,991.09,1450.42,3240.97,242.58,2998.38,74.42,5756.9,2024-05-01
87,Mid-Level,3034.27,665.3,1213.87,2368.97,121.6,2247.37,77.98,4326.12,2024-05-01
88,Mid-Level,4286.16,896.5,1454.85,3389.66,369.7,3019.96,8.5,5749.51,2024-05-01
89,Mid-Level,6016.95,1390.44,1793.97,4626.51,535.02,4091.48,3.06,7813.99,2024-05-01
90,Mid-Level,4901.68,979.91,1607.57,3921.77,471.02,3450.75,62.2,6571.44,2024-05-01
91,Mid-Level,5472.69,1077.55,1910.85,4395.14,552.0,3843.13,105.85,7489.39,2024-05-01
92,Mid-Level,5067.45,1193.54,2032.09,3873.9,495.02,3378.89,69.38,7168.92,2024-05-01
93,Mid-Level,5788.96,1057.77,2149.16,4731.19,656.13,4075.06,89.36,8027.48,2024-05-01
94,Mid-Level,6473.49,1469.89,2138.48,5003.59,823.81,4179.78,113.58,8725.55,2024-05-01
95,Mid-Level,4429.51,854.79,1466.62,3574.72,437.98,3136.74,145.5,6041.63,2024-05-01
96,Mid-Level,7515.05,1634.51,2342.75,5880.54,927.76,4952.78,116.24,9974.04,2024-05-01
97,Mid-Level,4977.29,915.13,1883.95,4062.16,534.73,3527.43,86.04,6947.28,2024-05-01
98,Mid-Level,7230.24,1703.89,3006.39,5526.35,958.6,4567.75,31.79,10268.43,2024-05-01
99,Mid-Level,6270.35,1463.77,2311.22,4806.59,577.64,4228.94,68.53,8650.1,2024-05-01
100,Mid-Level,8086.17,1551.3,3163.39,6534.87,1102.41,5432.46,4.29,11253.85,2024-05-01
101,Mid-Level,6350.49,1276.1,2346.25,5074.39,837.66,4236.73,16.57,8713.32,2024-05-01
102,Mid-Level,5466.1,995.06,1692.77,4471.04,524.57,3946.47,75.76,7234.63,2024-05-01
103,Mid-Level,6249.11,1367.48,2191.52,4881.63,666.7,4214.93,10.47,8451.11,2024-05-01
104,Mid-Level,7759.74,1811.96,3108.07,5947.78,904.82,5042.96,84.63,10952.43,2024-05-01
105,Mid-Level,4302.91,877.94,1641.81,3424.98,286.54,3138.44,20.12,5964.85,2024-05-01
106,Mid-Level,6472.1,1201.02,2379.14,5271.08,879.51,4391.56,32.72,8883.96,2024-05-01
107,Mid-Level,7199.68,1436.14,2889.36,5763.54,945.05,4818.49,75.57,10164.61,2024-05-01
108,Mid-Level,5198.61,950.55,2108.57,4248.06,528.93,3719.13,49.74,7356.93,2024-05-01
109,Mid-Level,4631.68,837.86,1610.81,3793.83,418.69,3375.14,25.74,6268.23,2024-05-01
110,Mid-Level,3796.13,741.56,1567.71,3054.57,304.45,2750.12,39.79,5403.63,2024-05-01
111,Mid-Level,5933.97,1125.68,1640.91,4808.29,563.52,4244.77,21.62,7596.5,2024-05-01
112,Mid-Level,6303.46,1324.87,2162.32,4978.59,608.07,4370.52,80.82,8546.6,2024-05-01
113,Mid-Level,6088.95,1336.86,2147.0,4752.08,663.73,4088.36,37.26,8273.21,2024-05-01
114,Mid-Level,7222.09,1492.52,1994.57,5729.56,1029.21,4700.36,7.73,9224.38,2024-05-01
115,Mid-Level,4382.73,912.17,1146.43,3470.55,348.22,3122.33,13.2,5542.36,2024-05-01
116,Mid-Level,8829.69,1945.63,2624.03,6884.06,1125.54,5758.52,121.94,11575.66,2024-05-01
117,Mid-Level,6983.09,1446.78,2151.37,5536.31,912.79,4623.52,42.9,9177.36,2024-05-01
118,Mid-Level,5885.39,1412.11,2041.27,4473.28,581.53,3891.75,32.35,7959.01,2024-05-01
119,Mid-Level,3532.22,685.94,1264.29,2846.28,247.27,2599.01,55.3,4851.82,2024-05-01
120,Mid-Level,5333.35,1095.12,1933.62,4238.23,563.47,3674.76,26.88,7293.85,2024-05-01
121,Mid-Level,8188.24,1684.81,3065.14,6503.43,1141.92,5361.51,101.82,11355.21,2024-05-01
122,Mid-Level,3563.0,716.77,1132.38,2846.23,308.63,2537.6,15.69,4711.08,2024-05-01
123,Mid-Level,6712.67,1394.23,2527.89,5318.44,886.86,4431.58,74.55,9315.11,2024-05-01
124,Mid-Level,4973.72,920.48,1884.74,4053.24,489.39,3563.85,61.51,6919.98,2024-05-01
125,Mid-Level,3362.21,645.34,1190.09,2716.87,283.33,2433.53,106.7,4659.0,2024-05-01
126,Mid-Level,5689.21,1234.38,2098.9,4454.83,560.45,3894.38,116.97,7905.08,2024-05-01
127,Mid-Level,6446.77,1258.68,1803.73,5188.09,898.99,4289.1,116.94,8367.43,2024-05-01
128,Mid-Level,4867.04,1006.42,2005.07,3860.61,524.6,3336.02,92.77,6964.87,2024-05-01
129,Mid-Level,4179.11,752.63,1417.98,3426.48,248.06,3178.41,109.8,5706.89,2024-05-01
130,Mid-Level,4650.77,982.2,1666.43,3668.57,433.69,3234.88,96.39,6413.59,2024-05-01
131,Mid-Level,2828.12,545.41,836.57,2282.71,120.97,2161.73,123.05,3787.74,2024-05-01
132,Mid-Level,5104.98,1202.85,1768.93,3902.13,471.4,3430.73,40.68,6914.59,2024-05-01
133,Mid-Level,5720.23,1057.68,1441.45,4662.54,541.35,4121.19,0.59,7162.27,2024-05-01
134,Mid-Level,4085.35,889.14,1475.45,3196.21,348.7,2847.51,126.6,5687.4,2024-05-01
135,Mid-Level,4871.29,1000.75,1295.15,3870.54,436.16,3434.37,40.42,6206.85,2024-05-01
136,Mid-Level,6699.18,1486.74,2667.75,5212.44,750.29,4462.15,60.12,9427.05,2024-05-01
137,Mid-Level,6121.65,1366.08,2501.33,4755.57,567.76,4187.8,86.43,8709.41,2024-05-01
138,Mid-Level,6486.76,1213.33,1771.52,5273.43,743.95,4529.47,30.73,8289.01,2024-05-01
139,Mid-Level,2962.12,680.13,1233.67,2281.98,122.3,2159.69,60.17,4255.96,2024-05-01
140,Mid-Level,6336.8,1410.85,2121.35,4925.95,579.98,4345.97,76.13,8534.27,2024-05-01
141,Mid-Level,8176.32,1609.09,3424.78,6567.23,984.29,5582.94,15.1,11616.2,2024-05-01
142,Mid-Level,7006.34,1639.91,2322.23,5366.42,944.72,4421.7,99.11,9427.68,2024-05-01
143,Mid-Level,4428.31,988.83,1296.78,3439.48,252.6,3186.88,0.83,5725.91,2024-05-01
144,Mid-Level,3433.31,672.13,959.83,2761.18,281.2,2479.98,52.86,4446.0,2024-05-01
145,Mid-Level,5075.02,1038.57,1939.75,4036.45,531.57,3504.89,82.68,7097.45,2024-05-01
146,Mid-Level,5326.98,1078.86,1846.95,4248.12,570.77,3677.35,34.25,7208.18,2024-05-01
147,Mid-Level,6040.3,1281.58,1870.24,4758.72,650.92,4107.8,27.34,7937.88,2024-05-01
148,Mid-Level,6956.04,1359.08,2361.79,5596.96,935.43,4661.53,2.28,9320.11,2024-05-01
149,Mid-Level,3366.13,611.76,1083.55,2754.37,261.12,2493.24,0.68,4450.36,2024-05-01
150,Mid-Level,5244.34,1148.51,1416.59,4095.83,487.51,3608.32,24.31,6685.24,2024-05-01
151,Mid-Level,6731.28,1398.29,2253.73,5332.99,801.78,4531.21,113.05,9098.06,2024-05-01
152,Mid-Level,5189.05,1016.13,2125.95,4172.92,533.35,3639.58,11.36,7326.36,2024-05-01
153,Mid-Level,7865.13,1499.08,3101.63,6366.05,923.97,5442.08,90.3,11057.07,2024-05-01
154,Mid-Level,6914.21,1350.25,1903.11,5563.95,896.19,4667.76,92.63,8909.94,2024-05-01
155,Mid-Level,4700.83,1019.86,1936.47,3680.98,510.14,3170.84,120.15,6757.45,2024-05-01
156,Mid-Level,6113.98,1410.8,1673.17,4703.18,551.55,4151.63,18.99,7806.15,2024-05-01
157,Mid-Level,4951.53,1091.23,1723.35,3860.3,493.64,3366.66,94.73,6769.61,2024-05-01
158,Mid-Level,5388.57,1232.02,1853.85,4156.55,475.89,3680.66,6.73,7249.15,2024-05-01
159,Mid-Level,5024.56,965.06,1380.6,4059.49,521.42,3538.08,62.57,6467.72,2024-05-01
160,Mid-Level,3297.77,778.5,1327.24,2519.27,241.42,2277.85,79.68,4704.68,2024-05-01
161,Mid-Level,7601.07,1513.27,1954.86,6087.8,1046.07,5041.73,6.03,9561.96,2024-05-01
162,Mid-Level,4142.28,916.53,1083.08,3225.75,317.11,2908.65,82.47,5307.83,2024-05-01
163,Mid-Level,5032.77,1156.04,1770.13,3876.73,440.42,3436.31,118.99,6921.89,2024-05-01
164,Mid-Level,10394.56,2418.87,3645.49,7975.69,1371.22,6604.47,90.57,14130.63,2024-05-01
165,Mid-Level,5727.93,1332.58,1565.51,4395.35,593.02,3802.33,135.34,7428.78,2024-05-01
166,Mid-Level,7115.57,1563.99,2058.53,5551.58,883.64,4667.95,61.83,9235.94,2024-05-01
167,Mid-Level,5536.72,1109.9,1624.68,4426.81,544.57,3882.24,34.66,7196.06,2024-05-01
168,Mid-Level,4112.92,780.0,1305.41,3332.92,361.17,2971.75,95.33,5513.66,2024-05-01
169,Mid-Level,4559.2,1023.24,1441.58,3535.96,467.43,3068.52,60.27,6061.06,2024-05-01
170,Mid-Level,3928.78,754.96,1539.67,3173.82,236.75,2937.07,119.53,5587.99,2024-05-01
171,Mid-Level,7690.08,1774.39,2377.15,5915.69,1026.87,4888.82,70.81,10138.04,2024-05-01
172,Mid-Level,9340.01,1905.2,3291.35,7434.81,1111.88,6322.93,55.5,12686.86,2024-05-01
173,Mid-Level,4940.55,979.75,2039.54,3960.81,536.16,3424.65,25.18,7005.27,2024-05-01
174,Mid-Level,6980.64,1636.83,2164.14,5343.81,801.88,4541.93,21.8,9166.58,2024-05-01
175,Senior,9010.79,2129.19,2319.57,6881.6,1181.83,5699.77,136.35,11466.71,2024-05-01
176,Senior,10359.44,2189.41,3913.08,8170.03,1284.01,6886.02,27.96,14300.48,2024-05-01
177,Senior,13086.62,2869.62,3808.87,10217.0,1793.64,8423.35,42.72,16938.21,2024-05-01
178,Senior,10931.15,2603.08,2812.78,8328.07,1335.8,6992.27,37.9,13781.82,2024-05-01
179,Senior,9741.74,2021.78,3233.12,7719.95,1333.98,6385.97,141.13,13115.98,2024-05-01
180,Senior,11644.85,2680.31,3110.33,8964.54,1590.52,7374.03,42.35,14797.54,2024-05-01
181,Senior,17040.06,3202.89,5704.02,13837.17,1951.52,11885.65,36.2,22780.28,2024-05-01
182,Senior,6285.25,1496.85,2200.56,4788.4,620.86,4167.54,9.97,8495.78,2024-05-01
183,Senior,10222.35,1878.28,4122.2,8344.07,1205.73,7138.34,146.42,14490.96,2024-05-01
184,Senior,9560.95,1807.84,2978.28,7753.11,1118.8,6634.31,27.37,12566.6,2024-05-01
185,Senior,12754.16,2879.51,3814.86,9874.65,1469.15,8405.5,65.18,16634.2,2024-05-01
186,Senior,12189.44,2631.14,4076.07,9558.3,1680.51,7877.8,14.75,16280.26,2024-05-01
187,Senior,15971.11,2931.6,6007.5,13039.51,1856.46,11183.05,30.81,22009.41,2024-05-01
188,Senior,5423.09,1010.87,1932.67,4412.22,569.24,3842.97,138.53,7494.29,2024-05-01
189,Senior,12019.12,2464.36,3406.4,9554.76,1691.52,7863.24,15.96,15441.48,2024-05-01
190,Senior,7474.73,1465.99,3086.99,6008.74,923.07,5085.67,15.76,10577.49,2024-05-01
191,Senior,7336.27,1564.07,2897.76,5772.21,993.8,4778.41,123.93,10357.97,2024-05-01
192,Senior,15992.28,2916.21,6031.38,13076.07,2181.06,10895.02,68.24,22091.9,2024-05-01
193,Senior,19358.6,4392.87,5880.33,14965.73,2526.17,12439.56,124.01,25362.94,2024-05-01
194,Senior,13593.58,3140.07,5104.93,10453.51,1646.25,8807.25,57.14,18755.65,2024-05-01
195,Senior,11331.96,2121.52,3319.19,9210.43,1364.19,7846.24,130.43,14781.57,2024-05-01
196,Senior,7511.66,1488.24,2399.9,6023.42,1049.13,4974.28,20.18,9931.74,2024-05-01
197,Senior,10203.82,1853.07,4217.63,8350.74,1443.18,6907.56,69.8,14491.24,2024-05-01
198,Senior,13549.74,2600.38,4056.74,10949.36,1861.57,9087.8,57.62,17664.1,2024-05-01
199,Senior,11209.61,2436.93,4162.25,8772.68,1400.09,7372.59,103.2,15475.06,2024-05-01
200,Senior,12833.23,2417.48,4871.73,10415.76,1668.68,8747.07,14.44,17719.41,2024-05-01
201,Senior,10987.7,2100.55,4425.12,8887.15,1363.73,7523.42,140.36,15553.17,2024-05-01
202,Senior,9756.94,1906.88,4060.66,7850.06,1265.75,6584.31,127.92,13945.53,2024-05-01
203,Senior,6925.97,1545.14,2343.97,5380.83,918.02,4462.8,15.01,9284.94,2024-05-01
204,Senior,5764.14,1247.8,2046.43,4516.33,580.81,3935.52,105.45,7916.02,2024-05-01
205,Senior,9803.95,2109.99,2818.67,7693.96,1131.25,6562.71,109.67,12732.29,2024-05-01
206,Senior,8956.82,1855.48,2400.47,7101.34,1113.26,5988.08,61.79,11419.08,2024-05-01
207,Senior,12678.02,2557.88,4141.92,10120.15,1497.98,8622.17,140.09,16960.03,2024-05-01
208,Senior,9283.41,2173.39,3438.69,7110.02,1152.6,5957.43,75.13,12797.23,2024-05-01
209,Senior,10213.65,2345.6,3828.3,7868.05,1339.54,6528.51,67.34,14109.29,2024-05-01
210,Senior,10097.32,2068.53,4164.0,8028.8,1262.16,6766.63,35.98,14297.3,2024-05-01
211,Senior,12399.29,2809.95,3105.69,9589.34,1614.66,7974.68,128.84,15633.82,2024-05-01
212,Senior,9896.43,2261.87,3779.65,7634.56,1284.42,6350.14,28.44,13704.52,2024-05-01
213,Senior,16290.5,3610.86,4557.38,12679.65,2143.7,10535.95,94.95,20942.83,2024-05-01
214,Senior,11069.71,2550.03,4108.7,8519.67,1517.41,7002.26,43.37,15221.78,2024-05-01
215,Senior,11728.8,2602.02,4825.75,9126.78,1490.86,7635.92,16.18,16570.74,2024-05-01
216,Senior,9809.21,2320.99,2775.66,7488.22,1278.88,6209.34,45.44,12630.32,2024-05-01
217,Senior,13222.74,3080.12,3334.27,10142.62,1503.89,8638.73,78.04,16635.04,2024-05-01
218,Senior,9832.92,2136.94,3926.1,7695.98,1081.54,6614.44,0.07,13759.08,2024-05-01
219,Senior,8945.76,1728.58,3722.99,7217.18,1077.08,6140.1,128.08,12796.83,2024-05-01
220,Senior,13663.87,2522.04,3822.75,11141.83,1918.47,9223.35,38.44,17525.06,2024-05-01
221,Senior,7429.54,1450.78,2496.12,5978.77,932.65,5046.12,18.08,9943.74,2024-05-01
222,Senior,11546.48,2480.89,4514.06,9065.58,1579.1,7486.48,91.09,16151.63,2024-05-01
223,Senior,8533.25,1936.43,2704.52,6596.82,969.8,5627.02,27.92,11265.69,2024-05-01
224,Senior,6713.9,1223.47,2769.45,5490.43,861.49,4628.93,43.97,9527.31,2024-05-01
225,Manager,44534.97,9463.31,12688.48,35071.67,5455.13,29616.54,5.71,57229.17,2024-05-01
226,Manager,36641.13,8470.0,9461.56,28171.13,5013.39,23157.74,1.53,46104.23,2024-05-01
227,Manager,13458.0,2814.24,5620.03,10643.76,1890.21,8753.56,133.44,19211.48,2024-05-01
228,Manager,22056.08,4338.91,8913.46,17717.17,2757.51,14959.66,63.8,31033.35,2024-05-01
229,Manager,32809.28,7638.21,9455.01,25171.07,4176.01,20995.06,82.16,42346.45,2024-05-01
230,Manager,37450.72,8041.93,10141.32,29408.79,5164.63,24244.16,100.79,47692.83,2024-05-01
231,Manager,43090.02,8496.71,14806.87,34593.31,5055.85,29537.46,40.1,57936.98,2024-05-01
232,Manager,30736.59,5845.64,12745.74,24890.95,4392.12,20498.83,51.19,43533.51,2024-05-01
233,Manager,28952.64,6003.88,11407.96,22948.76,3978.79,18969.96,80.44,40441.03,2024-05-01
234,Manager,47337.01,9787.6,15667.48,37549.41,6319.61,31229.8,30.78,63035.28,2024-05-01
235,Manager,41193.78,9807.47,14081.7,31386.31,4882.65,26503.67,37.57,55313.05,2024-05-01
236,Manager,29424.74,7017.98,10423.96,22406.77,3640.68,18766.09,36.84,39885.55,2024-05-01
237,Manager,26014.65,5078.51,10495.49,20936.14,3051.73,17884.41,142.0,36652.14,2024-05-01
238,Manager,31122.59,6786.64,12981.59,24335.95,4377.81,19958.14,134.11,44238.29,2024-05-01
239,Manager,24341.74,5445.99,7095.7,18895.74,3399.74,15496.0,68.09,31505.53,2024-05-01
240,Manager,32372.18,6196.49,10840.6,26175.69,4038.98,22136.71,137.7,43350.48,2024-05-01
241,Manager,36776.15,6755.58,15391.82,30020.56,5058.29,24962.27,102.29,52270.26,2024-05-01
242,Manager,25647.51,5027.22,7069.71,20620.29,3284.11,17336.18,102.13,32819.35,2024-05-01
243,Manager,26709.43,4926.97,8339.08,21782.46,3273.21,18509.26,109.7,35158.21,2024-05-01
244,Manager,31729.65,7351.33,10534.0,24378.32,4134.72,20243.6,77.9,42341.55,2024-05-01
245,Manager,37189.93,7970.43,10111.6,29219.5,4184.36,25035.14,2.38,47303.91,2024-05-01
246,Manager,39462.11,8392.19,12590.23,31069.92,5509.35,25560.57,28.28,52080.62,2024-05-01
247,Manager,34619.78,6939.24,10622.42,27680.54,4609.7,23070.84,47.13,45289.33,2024-05-01
248,Manager,12871.95,2637.12,3437.99,10234.82,1690.14,8544.68,115.15,16425.09,2024-05-01
249,Manager,45006.71,9050.35,12876.01,35956.35,5226.54,30729.81,94.46,57977.17,2024-05-01
1,Intern,1069.51,214.17,434.71,855.34,0.0,855.34,139.89,1644.1,2024-06-01
2,Intern,717.61,139.34,228.41,578.27,0.0,578.27,10.48,956.51,2024-06-01
3,Intern,659.88,136.67,253.46,523.21,0.0,523.21,137.4,1050.74,2024-06-01
4,Intern,814.22,147.21,239.93,667.01,0.0,667.01,127.83,1181.98,2024-06-01
5,Intern,692.57,147.97,280.61,544.6,0.0,544.6,64.35,1037.53,2024-06-01
6,Intern,666.15,147.83,176.03,518.32,0.0,518.32,111.97,954.15,2024-06-01
7,Intern,448.34,91.22,114.89,357.12,0.0,357.12,126.77,690.0,2024-06-01
8,Intern,927.19,177.79,298.89,749.4,0.0,749.4,6.36,1232.45,2024-06-01
9,Intern,748.7,173.0,288.21,575.7,0.0,575.7,96.79,1133.7,2024-06-01
10,Intern,849.02,185.75,294.34,663.27,0.0,663.27,22.7,1166.06,2024-06-01
11,Intern,766.81,178.78,289.33,588.03,0.0,588.03,15.57,1071.71,2024-06-01
12,Intern,518.85,100.64,167.82,418.21,0.0,418.21,71.13,757.81,2024-06-01
13,Junior,2484.16,577.23,622.86,1906.93,108.65,1798.28,56.17,3163.19,2024-06-01
14,Junior,3095.77,687.91,1288.28,2407.86,92.96,2314.9,144.29,4528.34,2024-06-01
15,Junior,2221.14,492.49,932.19,1728.65,91.49,1637.16,30.12,3183.46,2024-06-01
16,Junior,4363.48,957.16,1481.29,3406.32,281.04,3125.28,91.5,5936.27,2024-06-01
17,Junior,3276.87,597.11,1202.61,2679.76,261.96,2417.8,124.89,4604.38,2024-06-01
18,Junior,2288.47,428.35,617.93,1860.11,123.41,1736.7,18.74,2925.14,2024-06-01
19,Junior,4679.96,845.76,1684.43,3834.2,525.61,3308.59,75.4,6439.79,2024-06-01
20,Junior,2963.57,679.1,1235.22,2284.48,111.11,2173.37,36.57,4235.37,2024-06-01
21,Junior,4061.83,951.97,1492.0,3109.86,295.49,2814.37,103.44,5657.27,2024-06-01
22,Junior,3164.13,665.88,958.74,2498.24,122.2,2376.05,39.03,4161.9,2024-06-01
23,Junior,4381.6,846.11,1372.56,3535.49,394.82,3140.67,5.16,5759.33,2024-06-01
24,Junior,3730.24,788.15,1527.11,2942.09,221.46,2720.63,142.7,5400.06,2024-06-01
25,Junior,3265.46,629.26,915.12,2636.2,247.43,2388.78,2.85,4183.44,2024-06-01
26,Junior,2783.81,542.94,711.13,2240.87,84.3,2156.57,129.88,3624.82,2024-06-01
27,Junior,4435.43,940.1,1529.11,3495.33,306.77,3188.56,79.17,6043.71,2024-06-01
28,Junior,2842.44,522.36,1175.94,2320.08,97.11,2222.97,113.0,4131.39,2024-06-01
29,Junior,3511.68,723.31,1308.15,2788.37,271.71,2516.66,139.23,4959.05,2024-06-01
30,Junior,3792.71,795.35,1096.73,2997.36,239.03,2758.33,138.36,5027.79,2024-06-01
31,Junior,2982.51,667.84,1143.35,2314.67,132.17,2182.49,43.17,4169.03,2024-06-01
32,Junior,2025.31,377.83,538.74,1647.48,78.29,1569.19,41.5,2605.55,2024-06-01
33,Junior,4594.43,999.68,1880.59,3594.75,448.15,3146.6,140.06,6615.08,2024-06-01
34,Junior,2290.15,422.09,809.42,1868.07,128.11,1739.96,46.61,3146.18,2024-06-01
35,Junior,2568.02,513.42,673.05,2054.61,111.8,1942.81,89.97,3331.05,2024-06-01
36,Junior,3150.88,695.73,1076.52,2455.15,143.63,2311.52,131.84,4359.24,2024-06-01
37,Junior,2230.43,420.06,853.95,1810.37,95.82,1714.56,53.44,3137.83,2024-06-01
38,Junior,3417.84,722.16,1261.28,2695.68,247.13,2448.55,27.22,4706.33,2024-06-01
39,Junior,3757.39,815.9,1400.23,2941.49,262.36,2679.13,87.83,5245.46,2024-06-01
40,Junior,3907.22,785.97,1598.0,3121.25,283.63,2837.61,93.58,5598.79,2024-06-01
41,Junior,3686.24,671.17,1007.85,3015.08,304.74,2710.34,109.62,4803.72,2024-06-01
42,Junior,2380.99,569.18,622.76,1811.8,84.62,1727.19,99.28,3103.03,2024-06-01
43,Junior,1937.46,412.98,627.34,1524.48,88.61,1435.87,94.06,2658.86,2024-06-01
44,Junior,1880.12,352.98,764.76,1527.13,61.18,1465.96,8.37,2653.25,2024-06-01
45,Junior,3421.35,694.67,872.61,2726.69,277.7,2448.99,33.91,4327.87,2024-06-01
46,Junior,2773.85,548.0,964.19,2225.85,73.31,2152.54,21.03,3759.06,2024-06-01
47,Junior,3346.63,616.23,1090.88,2730.41,193.41,2537.0,82.55,4520.06,2024-06-01
48,Junior,3167.61,669.81,1213.03,2497.8,141.26,2356.54,24.95,4405.59,2024-06-01
49,Junior,2606.47,486.33,948.87,2120.14,102.41,2017.73,57.78,3613.12,2024-06-01
50,Junior,2698.49,502.24,833.25,2196.25,68.55,2127.69,146.98,3678.72,2024-06-01
51,Junior,2210.94,406.54,908.91,1804.4,74.8,1729.61,34.44,3154.29,2024-06-01
52,Junior,3356.49,639.67,1262.48,2716.82,194.48,2522.35,64.34,4683.31,2024-06-01
53,Junior,1879.51,343.38,503.84,1536.13,98.93,1437.19,88.39,2471.74,2024-06-01
54,Junior,3635.92,700.04,967.1,2935.88,212.12,2723.75,43.23,4646.24,2024-06-01
55,Junior,2823.91,526.36,1155.31,2297.55,139.82,2157.73,82.01,4061.22,2024-06-01
56,Junior,3744.75,860.09,1203.73,2884.65,203.21,2681.45,28.06,4976.53,2024-06-01
57,Junior,2905.95,536.19,1072.39,2369.75,88.55,2281.2,72.23,4050.56,2024-06-01
58,Junior,3529.27,710.0,901.69,2819.27,283.11,2536.16,20.68,4451.65,2024-06-01
59,Junior,2403.94,506.15,865.81,1897.79,96.08,1801.71,85.17,3354.92,2024-06-01
60,Junior,3205.6,688.67,1089.88,2516.94,184.68,2332.26,115.68,4411.16,2024-06-01
61,Junior,3540.97,756.84,1127.31,2784.13,211.55,2572.58,68.51,4736.79,2024-06-01
62,Junior,4259.45,818.4,1259.4,3441.04,350.5,3090.54,116.04,5634.89,2024-06-01
63,Junior,3802.89,909.41,1070.65,2893.48,292.33,2601.15,148.6,5022.15,2024-06-01
64,Junior,4813.87,972.99,1690.58,3840.87,518.79,3322.08,143.57,6648.02,2024-06-01
65,Junior,3854.5,807.28,1609.53,3047.22,272.74,2774.48,61.3,5525.34,2024-06-01
66,Junior,3048.12,731.34,1021.66,2316.78,155.04,2161.74,113.13,4182.91,2024-06-01
67,Junior,3609.19,783.34,1353.06,2825.86,282.29,2543.56,114.83,5077.08,2024-06-01
68,Junior,2565.91,549.83,688.79,2016.08,113.68,1902.4,64.73,3319.43,2024-06-01
69,Junior,3472.28,804.83,917.71,2667.46,211.42,2456.04,82.64,4472.63,2024-06-01
70,Junior,4540.67,1065.77,1903.34,3474.9,356.94,3117.96,127.99,6572.0,2024-06-01
71,Junior,3084.48,594.07,1141.23,2490.41,95.94,2394.47,124.8,4350.51,2024-06-01
72,Junior,2568.09,481.44,689.92,2086.65,142.35,1944.3,119.22,3377.23,2024-06-01
73,Junior,3019.84,582.26,798.25,2437.58,100.59,2336.99,122.3,3940.38,2024-06-01
74,Junior,2101.84,491.33,648.95,1610.51,68.15,1542.36,29.49,2780.28,2024-06-01
75,Mid-Level,3545.33,823.47,950.7,2721.87,277.97,2443.9,148.63,4644.67,2024-06-01
76,Mid-Level,7951.67,1551.55,3053.74,6400.13,938.77,5461.36,43.72,11049.13,2024-06-01
77,Mid-Level,7943.67,1523.39,3128.35,6420.28,973.79,5446.49,70.51,11142.53,2024-06-01
78,Mid-Level,6064.95,1419.98,1764.09,4644.97,553.74,4091.23,10.25,7839.28,2024-06-01
79,Mid-Level,5385.18,1244.92,1434.13,4140.26,510.0,3630.27,86.74,6906.06,2024-06-01
80,Mid-Level,3069.25,627.51,775.32,2441.74,117.76,2323.98,61.6,3906.18,2024-06-01
81,Mid-Level,8805.31,2043.03,2929.88,6762.28,971.69,5790.6,0.93,11736.13,2024-06-01
82,Mid-Level,3421.63,711.76,926.21,2709.87,271.88,2437.99,133.54,4481.38,2024-06-01
83,Mid-Level,6181.84,1284.71,1758.91,4897.13,543.9,4353.23,114.2,8054.95,2024-06-01
84,Mid-Level,5080.76,948.94,1539.0,4131.82,487.9,3643.92,139.07,6758.82,2024-06-01
85,Mid-Level,5688.54,1116.33,1947.64,4572.2,531.33,4040.88,49.66,7685.84,2024-06-01
86,Mid-Level,4212.83,812.17,1324.94,3400.66,369.59,3031.07,9.47,5547.24,2024-06-01
87,Mid-Level,3967.37,929.98,1416.61,3037.39,239.41,2797.98,128.87,5512.85,2024-06-01
88,Mid-Level,4345.55,866.38,1181.45,3479.17,311.04,3168.14,50.83,5577.83,2024-06-01
89,Mid-Level,6067.07,1126.25,2092.74,4940.82,588.12,4352.7,31.78,8191.59,2024-06-01
90,Mid-Level,4953.61,1157.82,1246.6,3795.79,427.07,3368.71,82.93,6283.14,2024-06-01
91,Mid-Level,5998.28,1423.83,1997.01,4574.45,537.76,4036.69,143.73,8139.02,2024-06-01
92,Mid-Level,5115.67,1096.85,1613.4,4018.82,547.58,3471.24,89.59,6818.65,2024-06-01
93,Mid-Level,6845.74,1543.32,1717.26,5302.43,836.0,4466.43,18.53,8581.54,2024-06-01
94,Mid-Level,6768.63,1238.01,2568.2,5530.61,778.1,4752.52,22.41,9359.24,2024-06-01
95,Mid-Level,4445.27,939.37,1402.71,3505.9,485.61,3020.29,53.66,5901.64,2024-06-01
96,Mid-Level,7615.8,1800.28,2797.21,5815.52,886.9,4928.62,99.27,10512.27,2024-06-01
97,Mid-Level,5022.97,941.43,1439.31,4081.54,504.15,3577.39,146.68,6608.96,2024-06-01
98,Mid-Level,7876.97,1430.11,2336.75,6446.86,933.58,5513.28,100.83,10314.54,2024-06-01
99,Mid-Level,6320.7,1264.68,2313.09,5056.02,798.96,4257.05,19.54,8653.33,2024-06-01
100,Mid-Level,8171.91,1553.09,3171.21,6618.82,1074.11,5544.72,108.56,11451.68,2024-06-01
101,Mid-Level,6376.44,1263.03,2014.04,5113.41,851.37,4262.04,77.01,8467.5,2024-06-01
102,Mid-Level,5441.08,1211.63,1377.46,4229.45,590.56,3638.89,79.22,6897.76,2024-06-01
103,Mid-Level,6241.38,1338.97,2366.65,4902.41,551.3,4351.11,69.13,8677.16,2024-06-01
104,Mid-Level,7742.44,1649.02,2538.53,6093.42,921.59,5171.83,99.7,10380.68,2024-06-01
105,Mid-Level,4335.71,830.83,1333.25,3504.88,411.16,3093.72,126.23,5795.2,2024-06-01
106,Mid-Level,6516.09,1427.18,1779.45,5088.9,887.14,4201.76,92.77,8388.31,2024-06-01
107,Mid-Level,7764.89,1476.57,2575.64,6288.32,981.55,5306.77,73.18,10413.71,2024-06-01
108,Mid-Level,5236.79,1049.88,1531.11,4186.91,519.08,3667.82,42.71,6810.6,2024-06-01
109,Mid-Level,4640.51,1075.51,1789.65,3565.0,428.99,3136.01,133.76,6563.92,2024-06-01
110,Mid-Level,4675.53,927.13,1742.46,3748.4,482.66,3265.75,45.32,6463.31,2024-06-01
111,Mid-Level,5935.82,1365.31,2329.52,4570.51,579.08,3991.43,15.86,8281.2,2024-06-01
112,Mid-Level,6793.87,1269.16,2176.43,5524.71,932.37,4592.33,18.32,8988.63,2024-06-01
113,Mid-Level,6098.25,1162.47,1770.55,4935.78,547.39,4388.4,111.13,7979.93,2024-06-01
114,Mid-Level,7229.51,1509.11,2721.47,5720.4,886.51,4833.9,89.66,10040.64,2024-06-01
115,Mid-Level,4356.59,909.49,1246.19,3447.1,323.12,3123.98,129.33,5732.11,2024-06-01
116,Mid-Level,8930.8,1681.6,2963.63,7249.2,1267.16,5982.04,127.4,12021.83,2024-06-01
117,Mid-Level,7891.7,1672.8,2244.31,6218.9,999.64,5219.26,4.2,10140.21,2024-06-01
118,Mid-Level,5894.25,1241.66,1962.74,4652.58,568.22,4084.37,92.73,7949.72,2024-06-01
119,Mid-Level,3530.73,684.05,1389.54,2846.68,237.58,2609.1,67.1,4987.37,2024-06-01
120,Mid-Level,6092.98,1234.41,1803.09,4858.57,597.7,4260.88,96.02,7992.09,2024-06-01
121,Mid-Level,8217.73,1636.47,2598.27,6581.27,985.91,5595.36,86.21,10902.21,2024-06-01
122,Mid-Level,3524.11,842.93,1062.14,2681.18,211.22,2469.96,123.88,4710.13,2024-06-01
123,Mid-Level,7060.36,1384.52,2750.71,5675.84,969.79,4706.05,122.39,9933.47,2024-06-01
124,Mid-Level,4962.81,986.25,1729.44,3976.56,447.26,3529.3,71.83,6764.07,2024-06-01
125,Mid-Level,3323.92,774.2,977.99,2549.72,271.98,2277.73,76.7,4378.61,2024-06-01
126,Mid-Level,5751.09,1122.36,1938.41,4628.73,556.81,4071.92,5.03,7694.53,2024-06-01
127,Mid-Level,6462.71,1357.88,2076.56,5104.83,790.67,4314.16,1.26,8540.53,2024-06-01
128,Mid-Level,4851.32,969.89,1920.01,3881.43,434.58,3446.86,95.66,6866.99,2024-06-01
129,Mid-Level,4130.35,866.94,1036.3,3263.41,316.19,2947.22,134.05,5300.71,2024-06-01
130,Mid-Level,4681.85,897.73,1630.74,3784.13,437.07,3347.05,48.06,6360.65,2024-06-01
131,Mid-Level,3837.84,769.82,1419.28,3068.02,220.28,2847.74,49.03,5306.15,2024-06-01
132,Mid-Level,5084.33,1111.16,1545.74,3973.18,464.59,3508.59,18.61,6648.69,2024-06-01
133,Mid-Level,5698.65,1056.12,1735.39,4642.53,632.04,4010.48,18.65,7452.69,2024-06-01
134,Mid-Level,4110.14,824.82,1046.94,3285.32,252.15,3033.17,113.93,5271.01,2024-06-01
135,Mid-Level,5733.19,1357.75,1722.06,4375.44,567.23,3808.21,130.21,7585.46,2024-06-01
136,Mid-Level,6732.16,1403.1,2218.26,5329.05,774.75,4554.3,24.26,8974.68,2024-06-01
137,Mid-Level,6110.4,1389.46,2446.1,4720.95,573.54,4147.41,75.35,8631.86,2024-06-01
138,Mid-Level,6541.65,1535.37,2081.44,5006.28,744.38,4261.9,53.37,8676.47,2024-06-01
139,Mid-Level,2925.19,632.71,877.55,2292.47,144.18,2148.29,5.71,3808.45,2024-06-01
140,Mid-Level,6314.62,1388.38,2396.93,4926.24,663.83,4262.41,107.01,8818.56,2024-06-01
141,Mid-Level,8163.65,1667.55,3373.37,6496.1,912.08,5584.02,88.88,11625.91,2024-06-01
142,Mid-Level,6954.53,1422.22,2294.69,5532.31,831.56,4700.76,87.69,9336.91,2024-06-01
143,Mid-Level,4408.2,992.76,1482.05,3415.44,361.41,3054.03,38.26,5928.51,2024-06-01
144,Mid-Level,3428.44,676.86,1429.37,2751.58,231.03,2520.56,50.73,4908.54,2024-06-01
145,Mid-Level,5090.95,1218.65,1346.29,3872.29,533.05,3339.25,59.54,6496.78,2024-06-01
146,Mid-Level,5328.3,1221.35,2139.58,4106.95,513.78,3593.17,70.95,7538.83,2024-06-01
147,Mid-Level,6377.44,1471.48,2511.29,4905.96,569.11,4336.84,65.66,8954.39,2024-06-01
148,Mid-Level,6991.3,1521.88,2117.48,5469.43,843.34,4626.08,60.6,9169.39,2024-06-01
149,Mid-Level,3340.41,616.32,1295.12,2724.09,285.06,2439.03,130.17,4765.7,2024-06-01
150,Mid-Level,5247.3,1012.12,2070.29,4235.18,590.06,3645.12,96.5,7414.1,2024-06-01
151,Mid-Level,6750.35,1392.62,1800.11,5357.73,843.32,4514.41,47.22,8597.68,2024-06-01
152,Mid-Level,5220.36,1060.45,2150.13,4159.91,537.63,3622.27,27.98,7398.46,2024-06-01
153,Mid-Level,7892.31,1449.78,2740.3,6442.53,1088.4,5354.13,99.9,10732.52,2024-06-01
154,Mid-Level,6936.63,1662.27,1815.33,5274.36,902.59,4371.77,30.81,8782.77,2024-06-01
155,Mid-Level,4786.75,961.34,1216.61,3825.41,467.52,3357.89,33.08,6036.45,2024-06-01
156,Mid-Level,6198.51,1212.8,1570.51,4985.71,685.6,4300.11,143.85,7912.86,2024-06-01
157,Mid-Level,5661.74,1083.05,2270.81,4578.69,506.25,4072.44,43.45,7976.0,2024-06-01
158,Mid-Level,5416.89,1134.59,1595.13,4282.3,556.85,3725.45,75.79,7087.8,2024-06-01
159,Mid-Level,5004.98,1201.05,1380.0,3803.93,511.04,3292.88,96.83,6481.81,2024-06-01
160,Mid-Level,3415.03,720.19,1416.13,2694.84,224.32,2470.53,77.62,4908.78,2024-06-01
161,Mid-Level,8491.75,1848.33,3323.55,6643.41,969.53,5673.89,97.66,11912.96,2024-06-01
162,Mid-Level,4110.93,832.01,1313.82,3278.91,342.38,2936.54,23.31,5448.06,2024-06-01
163,Mid-Level,5047.14,1116.94,1326.18,3930.2,461.51,3468.69,58.6,6431.92,2024-06-01
164,Mid-Level,10429.77,2316.38,2682.54,8113.4,1185.24,6928.15,32.38,13144.69,2024-06-01
165,Mid-Level,5773.74,1253.18,1639.53,4520.56,612.41,3908.16,103.06,7516.33,2024-06-01
166,Mid-Level,7087.16,1553.64,2746.57,5533.52,903.01,4630.51,114.38,9948.11,2024-06-01
167,Mid-Level,5540.13,1141.39,1434.85,4398.73,584.09,3814.65,83.05,7058.02,2024-06-01
168,Mid-Level,4171.28,952.23,1731.39,3219.05,236.57,2982.48,121.43,6024.1,2024-06-01
169,Mid-Level,4533.41,1001.36,1330.08,3532.05,394.14,3137.91,146.18,6009.66,2024-06-01
170,Mid-Level,3954.03,870.62,1590.07,3083.41,259.79,2823.61,46.58,5590.69,2024-06-01
171,Mid-Level,7784.77,1781.59,2691.31,6003.18,953.66,5049.52,112.4,10588.47,2024-06-01
172,Mid-Level,9381.32,2233.89,3712.04,7147.44,1070.29,6077.14,76.9,13170.26,2024-06-01
173,Mid-Level,4933.61,933.97,1909.15,3999.64,529.74,3469.9,15.81,6858.57,2024-06-01
174,Mid-Level,6963.4,1505.82,2088.13,5457.58,924.37,4533.21,82.08,9133.61,2024-06-01
175,Senior,9036.72,1894.31,3391.87,7142.41,1224.36,5918.05,147.97,12576.56,2024-06-01
176,Senior,11604.5,2190.46,3059.12,9414.04,1619.33,7794.72,24.57,14688.19,2024-06-01
177,Senior,13118.49,2770.24,4949.01,10348.25,1563.16,8785.09,46.63,18114.14,2024-06-01
178,Senior,11027.92,2297.77,4233.51,8730.16,1293.23,7436.93,112.2,15373.63,2024-06-01
179,Senior,9811.33,1876.0,3904.8,7935.33,1268.81,6666.52,77.68,13793.81,2024-06-01
180,Senior,11714.07,2810.83,3359.74,8903.23,1374.83,7528.4,35.42,15109.22,2024-06-01
181,Senior,17072.38,4093.21,5933.43,12979.17,2045.86,10933.32,37.28,23043.1,2024-06-01
182,Senior,6924.5,1373.44,2683.87,5551.06,865.99,4685.07,19.27,9627.64,2024-06-01
183,Senior,10207.98,2213.61,3120.88,7994.37,1329.95,6664.42,38.72,13367.58,2024-06-01
184,Senior,11012.41,2319.3,4034.48,8693.11,1326.77,7366.34,18.3,15065.19,2024-06-01
185,Senior,12759.63,3060.14,4733.86,9699.49,1586.99,8112.5,126.84,17620.33,2024-06-01
186,Senior,12255.18,2919.53,4772.66,9335.65,1373.77,7961.89,28.65,17056.49,2024-06-01
187,Senior,16013.08,3218.08,6152.43,12795.0,1994.86,10800.14,28.86,22194.37,2024-06-01
188,Senior,5424.34,1195.58,1530.66,4228.76,479.8,3748.96,141.03,7096.03,2024-06-01
189,Senior,11986.67,2186.98,4872.99,9799.69,1479.58,8320.11,30.71,16890.37,2024-06-01
190,Senior,7501.35,1604.51,2252.97,5896.84,1045.9,4850.94,139.38,9893.71,2024-06-01
191,Senior,7416.05,1744.78,2465.76,5671.27,1019.39,4651.88,78.5,9960.31,2024-06-01
192,Senior,16077.54,3400.07,6303.36,12677.47,2167.36,10510.1,122.18,22503.08,2024-06-01
193,Senior,19356.79,3782.37,7429.0,15574.42,2284.76,13289.66,18.69,26804.48,2024-06-01
194,Senior,13577.36,2957.88,4178.82,10619.48,1539.44,9080.04,112.06,17868.24,2024-06-01
195,Senior,12748.65,2896.38,4126.12,9852.28,1439.02,8413.25,44.59,16919.36,2024-06-01
196,Senior,7453.82,1570.61,2584.12,5883.21,982.3,4900.91,66.99,10104.93,2024-06-01
197,Senior,11164.57,2359.41,3910.03,8805.16,1314.65,7490.51,79.18,15153.79,2024-06-01
198,Senior,15980.68,3810.45,6237.83,12170.23,2020.85,10149.38,38.96,22257.46,2024-06-01
199,Senior,11245.62,2374.21,4179.22,8871.41,1495.59,7375.82,108.71,15533.55,2024-06-01
200,Senior,12857.49,3053.99,4362.89,9803.5,1483.65,8319.85,48.9,17269.28,2024-06-01
201,Senior,13067.51,3052.3,4136.14,10015.21,1781.4,8233.81,108.64,17312.3,2024-06-01
202,Senior,9862.24,1953.47,3146.09,7908.76,1389.63,6519.13,105.65,13113.98,2024-06-01
203,Senior,6957.54,1495.26,2298.78,5462.27,772.74,4689.53,130.03,9386.35,2024-06-01
204,Senior,5790.86,1355.9,1456.05,4434.96,538.25,3896.71,101.71,7348.61,2024-06-01
205,Senior,9816.9,2123.97,3067.63,7692.93,1148.35,6544.59,141.09,13025.62,2024-06-01
206,Senior,8925.32,1717.2,2418.09,7208.12,1248.05,5960.07,147.25,11490.66,2024-06-01
207,Senior,12790.93,2941.67,5112.98,9849.26,1645.45,8203.81,125.71,18029.62,2024-06-01
208,Senior,9314.75,1737.31,3081.98,7577.45,1295.85,6281.59,112.94,12509.68,2024-06-01
209,Senior,11406.52,2725.7,4181.63,8680.82,1328.99,7351.82,53.3,15641.45,2024-06-01
210,Senior,12553.35,2745.87,4260.24,9807.48,1396.32,8411.16,15.51,16829.1,2024-06-01
211,Senior,12332.79,2520.33,3111.09,9812.46,1439.23,8373.23,83.14,15527.03,2024-06-01
212,Senior,9918.7,2334.05,4121.51,7584.65,1177.44,6407.21,56.42,14096.62,2024-06-01
213,Senior,18669.23,3612.24,4960.82,15056.99,2379.87,12677.12,73.16,23703.21,2024-06-01
214,Senior,11164.79,2494.66,3625.06,8670.13,1526.08,7144.05,144.59,14934.44,2024-06-01
215,Senior,12735.85,2937.06,4660.91,9798.79,1465.11,8333.68,2.36,17399.11,2024-06-01
216,Senior,9915.26,2337.66,2923.98,7577.6,1265.81,6311.79,98.37,12937.61,2024-06-01
217,Senior,13819.84,2735.58,4621.49,11084.26,1937.05,9147.21,52.16,18493.49,2024-06-01
218,Senior,9873.63,1878.98,2949.47,7994.66,1302.99,6691.66,58.49,12881.59,2024-06-01
219,Senior,8939.35,2065.74,2729.66,6873.61,1039.92,5833.68,146.38,11815.39,2024-06-01
220,Senior,13631.21,2691.86,4919.39,10939.35,1939.49,8999.85,117.45,18668.04,2024-06-01
221,Senior,7443.36,1577.27,1917.14,5866.1,980.04,4886.06,106.03,9466.53,2024-06-01
222,Senior,11518.85,2219.18,3200.16,9299.67,1385.02,7914.65,47.13,14766.14,2024-06-01
223,Senior,9644.33,2040.42,3040.38,7603.91,1336.42,6267.49,119.27,12803.98,2024-06-01
224,Senior,6708.51,1380.01,1976.4,5328.5,756.09,4572.41,43.3,8728.21,2024-06-01
225,Manager,44640.66,9166.37,11934.19,35474.29,6141.95,29332.35,118.96,56693.81,2024-06-01
226,Manager,39256.39,7258.5,13903.77,31997.9,5709.36,26288.53,79.04,53239.21,2024-06-01
227,Manager,18381.58,3663.3,5355.74,14718.28,2511.51,12206.77,87.46,23824.78,2024-06-01
228,Manager,28699.58,5599.75,9247.65,23099.82,3919.03,19180.79,36.47,37983.7,2024-06-01
229,Manager,34550.4,6997.72,13327.88,27552.67,4144.33,23408.34,15.27,47893.55,2024-06-01
230,Manager,42143.14,8724.56,13400.16,33418.58,4848.15,28570.43,53.78,55597.08,2024-06-01
231,Manager,43255.25,8356.19,17382.86,34899.06,5170.99,29728.07,134.79,60772.9,2024-06-01
232,Manager,33786.95,7790.84,12583.68,25996.1,4200.72,21795.39,149.64,46520.26,2024-06-01
233,Manager,28727.49,5823.57,11507.08,22903.92,4051.16,18852.76,126.04,40360.6,2024-06-01
234,Manager,47480.9,9061.02,12776.31,38419.87,6240.04,32179.84,119.86,60377.06,2024-06-01
235,Manager,41324.1,8899.74,12449.32,32424.36,5564.33,26860.03,144.38,53917.8,2024-06-01
236,Manager,29487.51,5901.43,8246.7,23586.08,4125.54,19460.53,94.76,37828.97,2024-06-01
237,Manager,32204.34,6850.26,10346.43,25354.08,4519.04,20835.05,58.05,42608.82,2024-06-01
238,Manager,31274.29,5814.95,10691.76,25459.34,3576.7,21882.64,120.52,42086.57,2024-06-01
239,Manager,24542.13,4471.58,8141.73,20070.55,2929.06,17141.48,24.14,32708.0,2024-06-01
240,Manager,32364.58,6754.83,10701.88,25609.75,4245.66,21364.09,73.72,43140.18,2024-06-01
241,Manager,43162.92,9173.32,15346.39,33989.61,4930.56,29059.04,110.55,58619.86,2024-06-01
242,Manager,25773.3,5350.32,9904.44,20422.98,3369.97,17053.01,127.43,35805.17,2024-06-01
243,Manager,28139.55,6304.91,9617.37,21834.64,3700.86,18133.78,136.09,37893.0,2024-06-01
244,Manager,31664.88,7333.74,9961.62,24331.14,4015.25,20315.89,108.86,41735.36,2024-06-01
245,Manager,42864.59,8795.53,14055.84,34069.06,5523.12,28545.94,134.83,57055.26,2024-06-01
246,Manager,42105.81,9515.2,17227.09,32590.61,5735.02,26855.59,116.75,59449.65,2024-06-01
247,Manager,34553.62,6559.58,12687.82,27994.04,4384.3,23609.74,96.44,47337.88,2024-06-01
248,Manager,12767.89,2392.78,3434.14,10375.11,1855.8,8519.31,2.16,16204.19,2024-06-01
249,Manager,45050.79,9084.68,12337.84,35966.11,5474.73,30491.39,137.34,57525.97,2024-06-01
1,Intern,1047.73,250.31,290.72,797.42,0.0,797.42,106.97,1445.42,2024-07-01
2,Intern,744.9,175.25,310.44,569.65,0.0,569.65,116.53,1171.87,2024-07-01
3,Intern,680.0,132.24,269.53,547.76,0.0,547.76,15.76,965.29,2024-07-01
4,Intern,806.7,167.95,210.88,638.76,0.0,638.76,30.42,1048.0,2024-07-01
5,Intern,669.71,142.65,252.34,527.06,0.0,527.06,78.82,1000.87,2024-07-01
6,Intern,658.2,132.59,266.85,525.6,0.0,525.6,8.3,933.35,2024-07-01
7,Intern,446.28,83.74,180.97,362.54,0.0,362.54,69.7,696.95,2024-07-01
8,Intern,931.22,210.93,292.33,720.29,0.0,720.29,91.09,1314.65,2024-07-01
9,Intern,743.34,165.74,208.69,577.6,0.0,577.6,18.85,970.88,2024-07-01
10,Intern,808.09,185.0,270.05,623.09,0.0,623.09,106.29,1184.43,2024-07-01
11,Intern,750.82,176.02,263.51,574.8,0.0,574.8,129.47,1143.79,2024-07-01
12,Intern,489.81,88.78,136.44,401.03,0.0,401.03,27.3,653.55,2024-07-01
13,Junior,2478.44,492.67,837.52,1985.76,108.59,1877.17,92.95,3408.9,2024-07-01
14,Junior,3081.89,588.24,934.53,2493.66,152.51,2341.14,9.55,4025.97,2024-07-01
15,Junior,2259.03,514.05,606.33,1744.97,60.25,1684.73,2.87,2868.24,2024-07-01
16,Junior,4359.23,876.8,1563.41,3482.43,346.71,3135.72,88.13,6010.77,2024-07-01
17,Junior,3293.0,749.79,1195.26,2543.22,227.7,2315.52,19.32,4507.58,2024-07-01
18,Junior,3097.34,643.76,1217.85,2453.58,105.88,2347.7,103.6,4418.8,2024-07-01
19,Junior,4713.68,962.02,1452.95,3751.67,448.19,3303.48,96.38,6263.02,2024-07-01
20,Junior,2971.79,585.46,1203.97,2386.33,143.44,2242.89,39.01,4214.78,2024-07-01
21,Junior,4088.99,860.93,1054.39,3228.07,227.07,3001.0,80.67,5224.05,2024-07-01
22,Junior,3214.47,658.14,1057.69,2556.32,204.92,2351.4,13.34,4285.49,2024-07-01
23,Junior,4400.6,973.81,1341.89,3426.78,366.08,3060.7,51.19,5793.67,2024-07-01
24,Junior,3724.64,762.73,1427.74,2961.91,287.34,2674.57,64.33,5216.71,2024-07-01
25,Junior,3330.48,730.01,1170.54,2600.47,253.22,2347.25,100.45,4601.46,2024-07-01
26,Junior,2788.59,570.48,848.82,2218.11,80.38,2137.73,106.62,3744.03,2024-07-01
27,Junior,4442.09,812.2,1629.39,3629.89,502.12,3127.77,116.13,6187.61,2024-07-01
28,Junior,2880.02,538.13,1183.88,2341.9,82.14,2259.76,42.62,4106.52,2024-07-01
29,Junior,3542.06,740.85,1154.53,2801.22,203.31,2597.91,111.37,4807.96,2024-07-01
30,Junior,3827.51,809.32,1432.74,3018.19,232.96,2785.23,35.46,5295.71,2024-07-01
31,Junior,3006.52,549.07,908.77,2457.45,149.98,2307.47,83.62,3998.9,2024-07-01
32,Junior,2038.22,438.25,677.91,1599.97,57.8,1542.17,129.57,2845.7,2024-07-01
33,Junior,4596.84,846.3,1775.6,3750.53,445.14,3305.4,87.19,6459.62,2024-07-01
34,Junior,2285.76,536.31,639.75,1749.45,61.56,1687.9,29.87,2955.39,2024-07-01
35,Junior,2608.42,591.53,932.62,2016.9,77.48,1939.41,142.13,3683.17,2024-07-01
36,Junior,3167.07,618.37,820.37,2548.69,244.29,2304.41,141.29,4128.73,2024-07-01
37,Junior,2242.4,409.02,913.69,1833.38,81.48,1751.9,88.0,3244.08,2024-07-01
38,Junior,3423.21,706.8,901.75,2716.41,252.57,2463.84,35.9,4360.86,2024-07-01
39,Junior,3796.14,812.81,1113.55,2983.33,303.67,2679.66,69.8,4979.48,2024-07-01
40,Junior,3959.34,788.35,1371.17,3170.99,327.46,2843.53,36.31,5366.82,2024-07-01
41,Junior,3659.3,780.96,1300.11,2878.34,232.1,2646.24,135.23,5094.64,2024-07-01
42,Junior,2961.08,591.44,1202.56,2369.64,143.72,2225.92,13.16,4176.8,2024-07-01
43,Junior,1953.23,430.67,650.35,1522.55,60.35,1462.2,83.76,2687.34,2024-07-01
44,Junior,1846.18,428.06,632.0,1418.13,0.0,1418.13,26.88,2505.06,2024-07-01
45,Junior,3410.94,629.61,1262.76,2781.33,273.28,2508.06,122.99,4796.69,2024-07-01
46,Junior,2803.07,640.42,724.76,2162.65,149.71,2012.94,7.67,3535.49,2024-07-01
47,Junior,3389.38,613.55,1015.09,2775.83,204.57,2571.26,66.31,4470.78,2024-07-01
48,Junior,3843.74,760.21,1241.82,3083.52,245.56,2837.96,126.88,5212.44,2024-07-01
49,Junior,2612.51,492.07,659.79,2120.44,100.42,2020.02,88.88,3361.18,2024-07-01
50,Junior,2713.57,621.72,1119.9,2091.84,126.61,1965.23,25.51,3858.98,2024-07-01
51,Junior,2912.34,657.08,965.35,2255.26,86.4,2168.86,133.97,4011.65,2024-07-01
52,Junior,3409.11,692.52,1305.07,2716.59,248.36,2468.23,57.43,4771.61,2024-07-01
53,Junior,1901.22,415.83,784.86,1485.4,0.0,1485.4,46.1,2732.18,2024-07-01
54,Junior,3683.18,839.68,1341.94,2843.5,257.88,2585.62,87.22,5112.34,2024-07-01
55,Junior,2801.45,532.55,1162.97,2268.9,132.27,2136.64,51.45,4015.86,2024-07-01
56,Junior,3750.74,788.49,1512.68,2962.25,310.79,2651.45,40.11,5303.52,2024-07-01
57,Junior,2900.66,694.84,901.34,2205.82,95.89,2109.92,94.87,3896.88,2024-07-01
58,Junior,3530.14,802.3,1387.72,2727.84,211.75,2516.09,145.08,5062.93,2024-07-01
59,Junior,2622.83,526.9,761.69,2095.93,138.44,1957.5,72.58,3457.11,2024-07-01
60,Junior,3194.46,622.16,1156.08,2572.3,244.8,2327.5,106.96,4457.5,2024-07-01
61,Junior,4216.48,985.82,1458.4,3230.66,253.47,2977.18,68.24,5743.12,2024-07-01
62,Junior,4745.88,1123.71,1366.72,3622.17,490.87,3131.31,104.28,6216.88,2024-07-01
63,Junior,3794.9,721.99,1550.85,3072.91,238.78,2834.13,9.04,5354.79,2024-07-01
64,Junior,4866.62,900.5,1397.01,3966.12,542.0,3424.12,114.81,6378.43,2024-07-01
65,Junior,3874.33,880.38,1477.11,2993.96,299.82,2694.14,99.29,5450.74,2024-07-01
66,Junior,3073.78,724.58,1252.11,2349.2,159.91,2189.29,90.1,4415.98,2024-07-01
67,Junior,3617.94,777.88,913.41,2840.06,284.15,2555.9,48.85,4580.21,2024-07-01
68,Junior,2591.5,568.86,949.09,2022.63,62.08,1960.56,38.3,3578.89,2024-07-01
69,Junior,3462.68,662.25,877.26,2800.43,260.58,2539.85,6.43,4346.36,2024-07-01
70,Junior,4598.37,1080.39,1310.1,3517.98,446.08,3071.9,11.84,5920.31,2024-07-01
71,Junior,3123.09,674.58,1127.2,2448.51,160.34,2288.16,136.6,4386.88,2024-07-01
72,Junior,2874.71,578.69,771.23,2296.01,102.63,2193.38,100.97,3746.9,2024-07-01
73,Junior,3029.61,609.84,943.05,2419.77,152.92,2266.84,1.32,3973.97,2024-07-01
74,Junior,2131.2,392.39,678.25,1738.82,52.78,1686.03,65.26,2874.71,2024-07-01
75,Mid-Level,3539.91,815.98,941.84,2723.93,259.39,2464.54,29.85,4511.6,2024-07-01
76,Mid-Level,7946.83,1819.36,2092.5,6127.46,1004.74,5122.73,91.88,10131.2,2024-07-01
77,Mid-Level,8858.31,1793.9,2599.97,7064.41,1235.48,5828.92,30.13,11488.4,2024-07-01
78,Mid-Level,6010.85,1421.06,1899.93,4589.79,563.89,4025.9,50.73,7961.52,2024-07-01
79,Mid-Level,5444.39,1297.22,1928.49,4147.16,564.34,3582.82,127.26,7500.14,2024-07-01
80,Mid-Level,3148.43,660.44,1317.66,2488.0,94.15,2393.85,149.64,4615.74,2024-07-01
81,Mid-Level,9431.22,1842.68,2412.74,7588.54,1091.12,6497.42,119.47,11963.43,2024-07-01
82,Mid-Level,3502.3,633.79,1180.88,2868.51,207.59,2660.91,47.0,4730.18,2024-07-01
83,Mid-Level,6237.66,1451.69,1896.18,4785.98,544.56,4241.42,118.15,8252.0,2024-07-01
84,Mid-Level,5089.59,1087.93,1813.26,4001.66,449.25,3552.41,56.26,6959.11,2024-07-01
85,Mid-Level,5699.0,1153.5,2386.6,4545.5,580.25,3965.24,132.78,8218.38,2024-07-01
86,Mid-Level,4266.32,968.69,1272.86,3297.63,325.64,2971.99,76.94,5616.12,2024-07-01
87,Mid-Level,3974.36,804.67,1237.76,3169.69,279.09,2890.6,61.23,5273.35,2024-07-01
88,Mid-Level,4353.29,1036.24,1354.19,3317.05,332.45,2984.6,74.7,5782.18,2024-07-01
89,Mid-Level,6073.65,1193.82,1550.87,4879.83,573.3,4306.53,75.62,7700.14,2024-07-01
90,Mid-Level,4966.13,1030.18,1652.99,3935.95,507.32,3428.63,139.4,6758.52,2024-07-01
91,Mid-Level,5999.59,1254.59,2294.05,4745.0,652.71,4092.29,51.09,8344.73,2024-07-01
92,Mid-Level,5133.19,1216.5,2151.43,3916.69,488.01,3428.68,138.05,7422.67,2024-07-01
93,Mid-Level,8027.1,1621.91,2750.13,6405.19,984.59,5420.59,135.28,10912.51,2024-07-01
94,Mid-Level,7511.45,1700.82,2989.46,5810.63,985.99,4824.64,102.8,10603.71,2024-07-01
95,Mid-Level,4454.71,1000.23,1349.16,3454.49,330.68,3123.81,52.35,5856.22,2024-07-01
96,Mid-Level,7671.57,1429.21,2270.15,6242.36,1084.02,5158.35,90.19,10031.91,2024-07-01
97,Mid-Level,5385.36,1184.69,1681.5,4200.67,505.86,3694.81,94.62,7161.48,2024-07-01
98,Mid-Level,8240.48,1918.06,2378.56,6322.43,989.67,5332.75,23.73,10642.77,2024-07-01
99,Mid-Level,6348.68,1438.27,1738.41,4910.4,561.87,4348.53,124.94,8212.03,2024-07-01
100,Mid-Level,8220.08,1912.03,2836.87,6308.04,1075.05,5232.99,40.08,11097.03,2024-07-01
101,Mid-Level,6437.68,1275.5,2078.26,5162.18,808.62,4353.56,108.11,8624.04,2024-07-01
102,Mid-Level,6678.93,1526.5,2412.09,5152.43,862.98,4289.45,19.19,9110.2,2024-07-01
103,Mid-Level,6297.08,1397.44,1786.04,4899.64,647.9,4251.74,14.42,8097.53,2024-07-01
104,Mid-Level,7779.94,1841.57,2137.97,5938.37,1053.47,4884.9,21.7,9939.62,2024-07-01
105,Mid-Level,4337.66,1028.72,1691.77,3308.94,314.06,2994.88,133.12,6162.55,2024-07-01
106,Mid-Level,6526.58,1337.3,1823.44,5189.28,774.39,4414.89,6.32,8356.33,2024-07-01
107,Mid-Level,7757.32,1742.44,2754.29,6014.88,1004.52,5010.36,25.92,10537.53,2024-07-01
108,Mid-Level,6178.44,1463.12,2430.55,4715.32,579.26,4136.06,50.58,8659.58,2024-07-01
109,Mid-Level,4721.06,1122.44,1747.67,3598.62,446.02,3152.61,36.99,6505.73,2024-07-01
110,Mid-Level,4689.51,1107.89,1756.28,3581.62,450.45,3131.17,24.54,6470.33,2024-07-01
111,Mid-Level,5875.94,1073.72,1488.93,4802.22,542.65,4259.57,85.32,7450.19,2024-07-01
112,Mid-Level,6804.27,1516.56,2341.74,5287.71,819.54,4468.18,40.67,9186.68,2024-07-01
113,Mid-Level,6110.65,1362.48,2071.85,4748.17,642.38,4105.8,112.23,8294.74,2024-07-01
114,Mid-Level,7959.87,1456.37,2878.22,6503.51,949.66,5553.85,36.22,10874.31,2024-07-01
115,Mid-Level,4345.62,894.76,1628.37,3450.86,349.6,3101.26,39.87,6013.86,2024-07-01
116,Mid-Level,8898.39,1926.35,3556.87,6972.03,1127.44,5844.6,131.52,12586.78,2024-07-01
117,Mid-Level,7878.61,1779.1,2662.79,6099.5,1086.43,5013.07,21.79,10563.19,2024-07-01
118,Mid-Level,6946.71,1357.25,2697.45,5589.46,954.07,4635.39,142.4,9786.56,2024-07-01
119,Mid-Level,3506.52,758.03,1049.1,2748.49,232.26,2516.23,101.65,4657.27,2024-07-01
120,Mid-Level,6090.5,1330.22,1974.52,4760.29,652.03,4108.25,105.19,8170.22,2024-07-01
121,Mid-Level,8262.44,1927.03,2623.26,6335.41,1094.17,5241.24,94.34,10980.05,2024-07-01
122,Mid-Level,3528.08,695.43,1296.95,2832.65,231.1,2601.55,95.11,4920.15,2024-07-01
123,Mid-Level,7032.51,1525.34,2104.74,5507.17,887.2,4619.98,89.23,9226.48,2024-07-01
124,Mid-Level,4996.3,1007.52,1963.62,3988.78,544.72,3444.06,131.27,7091.2,2024-07-01
125,Mid-Level,4340.76,918.89,1284.06,3421.86,244.05,3177.82,128.53,5753.35,2024-07-01
126,Mid-Level,5774.97,1240.71,1592.08,4534.26,502.7,4031.56,31.7,7398.75,2024-07-01
127,Mid-Level,6529.94,1394.74,2371.86,5135.2,922.68,4212.52,93.4,8995.2,2024-07-01
128,Mid-Level,4924.35,918.58,1447.69,4005.77,486.24,3519.53,111.07,6483.1,2024-07-01
129,Mid-Level,4145.51,759.26,1473.67,3386.25,294.48,3091.77,53.78,5672.96,2024-07-01
130,Mid-Level,4679.24,911.27,1262.59,3767.98,494.33,3273.64,11.0,5952.84,2024-07-01
131,Mid-Level,3875.56,714.02,1081.36,3161.55,342.62,2818.92,116.54,5073.46,2024-07-01
132,Mid-Level,5134.59,1225.57,1947.13,3909.02,510.81,3398.21,66.77,7148.49,2024-07-01
133,Mid-Level,5780.66,1166.17,2039.92,4614.49,529.33,4085.16,134.26,7954.85,2024-07-01
134,Mid-Level,4588.83,998.68,1710.45,3590.15,440.17,3149.98,43.48,6342.76,2024-07-01
135,Mid-Level,5750.58,1315.72,2107.56,4434.87,581.93,3852.93,3.84,7861.99,2024-07-01
136,Mid-Level,6713.06,1302.94,2653.61,5410.12,787.52,4622.6,7.82,9374.5,2024-07-01
137,Mid-Level,6165.4,1473.37,1648.28,4692.03,534.3,4157.73,85.76,7899.45,2024-07-01
138,Mid-Level,7615.05,1471.21,1990.27,6143.83,1056.17,5087.66,109.31,9714.62,2024-07-01
139,Mid-Level,3872.7,767.31,1497.46,3105.38,316.23,2789.15,31.44,5401.6,2024-07-01
140,Mid-Level,6349.33,1482.51,2005.03,4866.83,652.14,4214.68,75.44,8429.81,2024-07-01
141,Mid-Level,8191.97,1802.55,2861.19,6389.42,908.72,5480.69,109.21,11162.37,2024-07-01
142,Mid-Level,6917.29,1359.17,2104.95,5558.12,807.45,4750.67,39.29,9061.53,2024-07-01
143,Mid-Level,4376.2,992.64,1659.16,3383.56,273.76,3109.8,87.2,6122.56,2024-07-01
144,Mid-Level,3419.29,711.84,978.07,2707.45,218.43,2489.02,11.75,4409.1,2024-07-01
145,Mid-Level,5106.76,1200.53,1503.91,3906.23,438.55,3467.67,87.92,6698.59,2024-07-01
146,Mid-Level,5351.06,1167.23,1339.99,4183.83,508.48,3675.36,1.16,6692.21,2024-07-01
147,Mid-Level,6411.93,1280.53,1824.16,5131.39,923.0,4208.4,7.24,8243.33,2024-07-01
148,Mid-Level,7029.17,1473.96,2662.29,5555.21,903.59,4651.62,108.45,9799.92,2024-07-01
149,Mid-Level,3307.53,745.03,1226.21,2562.51,264.52,2297.99,63.14,4596.88,2024-07-01
150,Mid-Level,5186.88,1237.92,1477.18,3948.96,524.43,3424.53,55.72,6719.78,2024-07-01
151,Mid-Level,6798.38,1631.55,2056.46,5166.82,780.42,4386.4,134.88,8989.71,2024-07-01
152,Mid-Level,5816.55,1089.99,2266.45,4726.56,570.82,4155.74,125.57,8208.58,2024-07-01
153,Mid-Level,7910.45,1628.24,2775.68,6282.21,1086.27,5195.95,18.09,10704.22,2024-07-01
154,Mid-Level,6990.29,1321.28,2283.2,5669.01,909.16,4759.85,147.74,9421.23,2024-07-01
155,Mid-Level,4790.02,1012.99,1564.99,3777.02,416.38,3360.65,115.35,6470.37,2024-07-01
156,Mid-Level,6170.44,1212.8,1598.21,4957.64,672.61,4285.03,29.33,7797.97,2024-07-01
157,Mid-Level,5659.88,1041.7,2217.63,4618.18,556.96,4061.22,133.68,8011.19,2024-07-01
158,Mid-Level,5407.66,1148.37,1564.83,4259.29,533.21,3726.08,6.64,6979.13,2024-07-01
159,Mid-Level,5037.48,1063.87,1903.92,3973.61,499.92,3473.69,70.48,7011.88,2024-07-01
160,Mid-Level,3342.1,629.85,1031.84,2712.25,271.94,2440.31,2.58,4376.52,2024-07-01
161,Mid-Level,8601.99,1971.24,2641.42,6630.75,1030.16,5600.59,74.54,11317.96,2024-07-01
162,Mid-Level,4104.12,975.93,1346.15,3128.18,248.56,2879.63,56.41,5506.68,2024-07-01
163,Mid-Level,5099.85,1065.38,1296.63,4034.47,563.54,3470.93,38.84,6435.32,2024-07-01
164,Mid-Level,10429.99,2299.79,3970.51,8130.19,1212.18,6918.01,87.16,14487.65,2024-07-01
165,Mid-Level,5858.05,1206.69,2403.03,4651.36,585.84,4065.51,107.94,8369.02,2024-07-01
166,Mid-Level,7123.37,1438.7,2238.47,5684.66,978.11,4706.56,98.52,9460.36,2024-07-01
167,Mid-Level,5523.22,1082.82,1420.36,4440.4,565.28,3875.12,128.01,7071.6,2024-07-01
168,Mid-Level,4146.6,911.61,1528.29,3234.99,245.67,2989.32,65.98,5740.88,2024-07-01
169,Mid-Level,4597.95,1008.2,1864.84,3589.75,479.8,3109.95,148.46,6611.24,2024-07-01
170,Mid-Level,3952.2,809.26,1564.14,3142.93,232.06,2910.88,1.75,5518.09,2024-07-01
171,Mid-Level,7757.96,1748.25,3064.69,6009.72,1050.91,4958.8,1.16,10823.82,2024-07-01
172,Mid-Level,9774.45,2193.59,3992.54,7580.86,1179.61,6401.25,73.62,13840.62,2024-07-01
173,Mid-Level,5477.39,1163.22,1965.12,4314.17,517.61,3796.56,67.24,7509.74,2024-07-01
174,Mid-Level,6885.66,1566.58,2653.01,5319.08,755.67,4563.42,99.61,9638.28,2024-07-01
175,Senior,11538.43,2625.14,3039.26,8913.28,1550.4,7362.88,15.91,14593.6,2024-07-01
176,Senior,11662.77,2156.07,4731.77,9506.69,1495.09,8011.6,102.66,16497.2,2024-07-01
177,Senior,13117.93,2877.36,3717.56,10240.57,1635.09,8605.48,18.01,16853.49,2024-07-01
178,Senior,11952.46,2427.08,4732.56,9525.37,1665.67,7859.71,80.86,16765.88,2024-07-01
179,Senior,12280.26,2568.48,4166.82,9711.78,1630.53,8081.25,2.84,16449.93,2024-07-01
180,Senior,11733.57,2396.38,4138.02,9337.18,1440.63,7896.55,47.05,15918.63,2024-07-01
181,Senior,17118.73,3623.29,4474.34,13495.44,2086.76,11408.68,19.46,21612.53,2024-07-01
182,Senior,6974.64,1511.65,2917.73,5462.98,850.19,4612.79,99.47,9991.84,2024-07-01
183,Senior,10197.45,2208.5,3717.64,7988.95,1125.28,6863.67,137.86,14052.95,2024-07-01
184,Senior,10977.19,2043.06,4050.1,8934.13,1461.33,7472.8,34.6,15061.88,2024-07-01
185,Senior,12827.1,2870.45,5138.43,9956.65,1577.43,8379.22,30.27,17995.8,2024-07-01
186,Senior,12309.01,2513.66,4952.41,9795.35,1515.88,8279.47,127.86,17389.29,2024-07-01
187,Senior,16032.85,3583.28,5085.03,12449.58,2202.32,10247.26,92.85,21210.73,2024-07-01
188,Senior,5358.9,1055.86,1783.63,4303.03,511.87,3791.16,101.44,7243.96,2024-07-01
189,Senior,11937.6,2364.66,3708.9,9572.94,1638.04,7934.9,19.82,15666.33,2024-07-01
190,Senior,8151.92,1834.22,2919.31,6317.7,1084.44,5233.26,116.43,11187.66,2024-07-01
191,Senior,7494.07,1361.65,2756.98,6132.42,883.23,5249.19,13.9,10264.95,2024-07-01
192,Senior,16067.66,3261.16,5807.09,12806.49,1948.42,10858.07,0.52,21875.27,2024-07-01
193,Senior,21242.53,4113.72,6464.39,17128.8,2717.21,14411.59,66.12,27773.04,2024-07-01
194,Senior,13531.01,3017.7,4836.84,10513.31,1608.84,8904.47,146.05,18513.9,2024-07-01
195,Senior,12832.32,2908.33,5030.55,9923.99,1453.87,8470.12,50.55,17913.42,2024-07-01
196,Senior,7448.14,1485.57,2912.53,5962.57,851.64,5110.93,120.48,10481.15,2024-07-01
197,Senior,11266.6,2080.62,4059.86,9185.97,1340.1,7845.88,149.27,15475.73,2024-07-01
198,Senior,15964.02,3020.09,4570.86,12943.93,2089.47,10854.46,33.71,20568.59,2024-07-01
199,Senior,11270.79,2083.78,4333.71,9187.01,1347.82,7839.19,31.58,15636.08,2024-07-01
200,Senior,12928.84,2736.62,3651.6,10192.22,1675.0,8517.22,82.68,16663.11,2024-07-01
201,Senior,13127.12,2501.18,4924.67,10625.95,1897.32,8728.63,55.06,18106.85,2024-07-01
202,Senior,12099.39,2215.31,3204.99,9884.07,1417.1,8466.97,81.18,15385.56,2024-07-01
203,Senior,7013.64,1542.69,2559.23,5470.95,897.86,4573.09,3.75,9576.62,2024-07-01
204,Senior,5826.69,1331.26,1895.98,4495.43,615.61,3879.82,146.83,7869.49,2024-07-01
205,Senior,9727.19,2273.56,2700.6,7453.63,1313.3,6140.33,103.91,12531.7,2024-07-01
206,Senior,8950.08,2099.16,3665.77,6850.92,1084.63,5766.29,96.53,12712.38,2024-07-01
207,Senior,12814.33,2401.22,3700.07,10413.11,1853.82,8559.29,102.77,16617.17,2024-07-01
208,Senior,9324.27,2153.22,2901.05,7171.06,1134.53,6036.53,125.67,12350.99,2024-07-01
209,Senior,13338.09,3008.66,5528.18,10329.43,1717.38,8612.05,19.72,18885.98,2024-07-01
210,Senior,12605.95,2298.84,3153.77,10307.11,1582.95,8724.16,101.34,15861.06,2024-07-01
211,Senior,12369.29,2968.09,4923.48,9401.2,1558.31,7842.89,39.35,17332.12,2024-07-01
212,Senior,9927.96,2368.72,2536.19,7559.24,1062.46,6496.78,47.62,12511.77,2024-07-01
213,Senior,18710.98,4277.76,5841.04,14433.21,2306.76,12126.46,147.75,24699.77,2024-07-01
214,Senior,11145.37,2274.94,4383.83,8870.43,1585.94,7284.49,91.98,15621.18,2024-07-01
215,Senior,12698.44,2518.42,4803.06,10180.02,1704.97,8475.05,15.62,17517.13,2024-07-01
216,Senior,9822.8,1913.37,2758.23,7909.42,1219.99,6689.44,11.57,12592.59,2024-07-01
217,Senior,13853.29,2992.29,4949.02,10860.99,1643.53,9217.46,77.59,18879.89,2024-07-01
218,Senior,11371.51,2258.19,4630.51,9113.32,1353.06,7760.26,24.3,16026.32,2024-07-01
219,Senior,8914.78,1733.44,3568.45,7181.34,1030.96,6150.38,148.4,12631.62,2024-07-01
220,Senior,13646.11,2473.82,4254.59,11172.29,1839.95,9332.35,23.39,17924.1,2024-07-01
221,Senior,9494.38,1967.81,2915.99,7526.57,1119.27,6407.3,95.33,12505.7,2024-07-01
222,Senior,12005.09,2402.52,3500.67,9602.58,1552.93,8049.64,104.36,15610.13,2024-07-01
223,Senior,9647.45,2230.99,2982.42,7416.47,1285.04,6131.43,106.07,12735.94,2024-07-01
224,Senior,6749.92,1549.21,2579.98,5200.71,922.81,4277.9,131.51,9461.41,2024-07-01
225,Manager,51310.9,11559.98,18769.22,39750.92,5767.49,33983.43,14.06,70094.17,2024-07-01
226,Manager,39384.09,7821.6,11346.57,31562.49,5426.47,26136.02,148.01,50878.66,2024-07-01
227,Manager,18275.18,3359.4,5983.05,14915.78,2328.18,12587.6,78.53,24336.76,2024-07-01
228,Manager,30999.15,5982.12,9501.68,25017.03,4209.87,20807.17,121.4,40622.23,2024-07-01
229,Manager,34661.23,7028.87,11378.3,27632.35,3893.67,23738.69,4.85,46044.38,2024-07-01
230,Manager,42226.79,8685.85,12442.15,33540.94,5143.28,28397.66,82.06,54751.0,2024-07-01
231,Manager,43225.66,9605.74,15662.2,33619.92,5673.91,27946.01,9.17,58897.03,2024-07-01
232,Manager,40049.36,8640.76,14631.42,31408.6,4972.64,26435.95,131.79,54812.57,2024-07-01
233,Manager,28806.57,6645.53,7475.23,22161.04,3513.73,18647.31,97.16,36378.95,2024-07-01
234,Manager,47524.27,10377.53,19278.73,37146.74,5332.42,31814.32,133.37,66936.37,2024-07-01
235,Manager,41367.11,8020.88,13419.27,33346.24,5351.69,27994.55,8.91,54795.3,2024-07-01
236,Manager,29484.13,5601.94,8756.53,23882.19,3369.01,20513.17,44.45,38285.11,2024-07-01
237,Manager,39190.29,9141.87,12244.72,30048.42,5133.33,24915.1,9.07,51444.08,2024-07-01
238,Manager,38005.72,9060.32,11089.31,28945.4,5153.76,23791.64,136.42,49231.45,2024-07-01
239,Manager,24589.83,5392.09,6733.51,19197.74,3274.67,15923.07,89.27,31412.61,2024-07-01
240,Manager,32379.16,5933.61,11602.02,26445.54,4420.05,22025.49,0.93,43982.11,2024-07-01
241,Manager,44854.76,8166.17,16161.55,36688.6,5322.58,31366.02,76.84,61093.15,2024-07-01
242,Manager,25852.02,6053.75,9195.27,19798.27,3256.9,16541.37,131.74,35179.03,2024-07-01
243,Manager,27979.11,6483.02,7612.38,21496.1,3807.07,17689.03,111.4,35702.9,2024-07-01
244,Manager,31645.52,5922.58,9342.81,25722.94,4466.94,21256.01,146.17,41134.5,2024-07-01
245,Manager,49840.42,9491.03,13538.44,40349.38,5997.81,34351.58,35.95,63414.81,2024-07-01
246,Manager,42220.81,9600.98,16914.52,32619.83,4903.29,27716.54,144.64,59279.97,2024-07-01
247,Manager,40816.93,8684.16,12496.33,32132.77,5582.96,26549.81,140.15,53453.41,2024-07-01
248,Manager,19812.57,3831.76,6319.02,15980.81,2820.7,13160.11,60.77,26192.36,2024-07-01
249,Manager,45183.09,8822.31,17096.24,36360.79,6359.09,30001.69,73.07,62352.41,2024-07-01
1,Intern,1035.15,211.23,336.31,823.92,0.0,823.92,29.19,1400.65,2024-08-01
2,Intern,726.13,152.9,193.42,573.23,0.0,573.23,34.2,953.75,2024-08-01
3,Intern,680.48,163.01,254.8,517.47,0.0,517.47,82.1,1017.38,2024-08-01
4,Intern,833.82,154.22,283.5,679.6,0.0,679.6,70.7,1188.02,2024-08-01
5,Intern,661.63,149.54,206.13,512.09,0.0,512.09,41.19,908.96,2024-08-01
6,Intern,678.28,128.46,269.82,549.81,0.0,549.81,50.36,998.45,2024-08-01
7,Intern,462.84,100.02,116.15,362.82,0.0,362.82,129.7,708.69,2024-08-01
8,Intern,917.77,216.02,275.85,701.75,0.0,701.75,90.03,1283.66,2024-08-01
9,Intern,728.02,155.67,230.87,572.34,0.0,572.34,3.44,962.32,2024-08-01
10,Intern,788.85,148.48,201.05,640.36,0.0,640.36,114.55,1104.45,2024-08-01
11,Intern,758.83,143.64,309.88,615.2,0.0,615.2,16.67,1085.39,2024-08-01
12,Intern,515.97,104.97,173.73,411.0,0.0,411.0,27.59,717.29,2024-08-01
13,Junior,2458.55,525.15,731.21,1933.4,114.36,1819.04,98.09,3287.86,2024-08-01
14,Junior,3096.03,638.11,1261.42,2457.92,123.93,2333.99,120.37,4477.81,2024-08-01
15,Junior,2210.59,432.43,874.52,1778.15,77.3,1700.85,76.62,3161.73,2024-08-01
16,Junior,5015.12,924.91,2007.88,4090.21,565.28,3524.93,3.61,7026.61,2024-08-01
17,Junior,3296.0,776.65,1071.62,2519.35,247.13,2272.22,46.04,4413.66,2024-08-01
18,Junior,3100.75,665.27,801.4,2435.48,145.89,2289.59,107.24,4009.38,2024-08-01
19,Junior,4648.65,1057.42,1356.83,3591.23,414.07,3177.16,84.63,6090.11,2024-08-01
20,Junior,2981.1,657.81,784.76,2323.28,146.6,2176.68,4.04,3769.89,2024-08-01
21,Junior,4104.63,834.33,1434.03,3270.3,333.01,2937.29,22.79,5561.44,2024-08-01
22,Junior,3170.54,618.62,950.43,2551.92,265.3,2286.62,53.01,4173.97,2024-08-01
23,Junior,5110.79,1148.72,1882.43,3962.07,537.01,3425.06,59.58,7052.8,2024-08-01
24,Junior,3753.88,695.61,1195.07,3058.27,227.92,2830.35,20.31,4969.26,2024-08-01
25,Junior,3392.56,721.29,1069.81,2671.27,223.47,2447.8,84.38,4546.75,2024-08-01
26,Junior,2822.91,555.78,967.71,2267.13,92.53,2174.6,15.86,3806.49,2024-08-01
27,Junior,4495.81,1046.18,1641.66,3449.63,327.8,3121.83,142.74,6280.22,2024-08-01
28,Junior,2921.84,648.15,1175.01,2273.69,121.5,2152.2,10.24,4107.09,2024-08-01
29,Junior,3509.04,782.48,969.19,2726.56,274.03,2452.52,149.73,4627.96,2024-08-01
30,Junior,4223.59,1005.13,1280.97,3218.45,309.54,2908.91,105.19,5609.74,2024-08-01
31,Junior,3346.78,737.24,1357.31,2609.53,215.61,2393.92,25.19,4729.28,2024-08-01
32,Junior,2077.35,480.28,786.94,1597.08,87.72,1509.36,21.05,2885.34,2024-08-01
33,Junior,4635.01,883.66,1858.83,3751.36,496.05,3255.31,83.37,6577.22,2024-08-01
34,Junior,2342.23,556.63,971.54,1785.6,100.05,1685.54,123.07,3436.84,2024-08-01
35,Junior,2647.55,531.75,860.29,2115.8,114.16,2001.64,21.61,3529.45,2024-08-01
36,Junior,3206.5,584.06,921.09,2622.44,222.34,2400.1,7.69,4135.28,2024-08-01
37,Junior,2265.61,462.54,918.09,1803.08,64.26,1738.81,8.97,3192.67,2024-08-01
38,Junior,3451.48,791.93,1425.66,2659.55,259.85,2399.7,39.67,4916.82,2024-08-01
39,Junior,3802.69,828.64,1383.96,2974.05,264.96,2709.09,100.83,5287.48,2024-08-01
40,Junior,3950.18,926.93,1402.57,3023.25,256.01,2767.24,19.38,5372.13,2024-08-01
41,Junior,3673.27,842.17,1338.82,2831.1,247.95,2583.16,21.82,5033.91,2024-08-01
42,Junior,3004.34,677.61,980.96,2326.73,156.35,2170.38,128.96,4114.25,2024-08-01
43,Junior,1976.86,366.0,670.72,1610.85,71.44,1539.41,32.03,2679.61,2024-08-01
44,Junior,1822.11,374.6,655.67,1447.51,0.0,1447.51,25.28,2503.06,2024-08-01
45,Junior,3448.38,753.64,1373.59,2694.74,281.08,2413.65,87.39,4909.36,2024-08-01
46,Junior,2774.66,524.18,693.81,2250.48,88.75,2161.73,59.6,3528.08,2024-08-01
47,Junior,4097.63,772.92,1271.62,3324.71,290.34,3034.36,87.44,5456.7,2024-08-01
48,Junior,3866.81,801.53,998.43,3065.28,333.07,2732.21,97.2,4962.44,2024-08-01
49,Junior,2592.31,550.67,1076.6,2041.64,72.61,1969.03,101.26,3770.17,2024-08-01
50,Junior,2701.54,546.81,902.18,2154.73,147.12,2007.61,53.44,3657.15,2024-08-01
51,Junior,2923.46,683.28,746.42,2240.19,99.62,2140.57,57.44,3727.32,2024-08-01
52,Junior,3429.03,747.26,1199.41,2681.76,206.11,2475.65,22.73,4651.16,2024-08-01
53,Junior,1943.26,359.66,812.82,1583.6,70.78,1512.82,26.85,2782.93,2024-08-01
54,Junior,3689.88,675.47,1047.74,3014.41,261.66,2752.76,55.56,4793.18,2024-08-01
55,Junior,2771.73,547.43,1019.65,2224.3,113.55,2110.75,33.39,3824.77,2024-08-01
56,Junior,3756.17,870.39,1251.81,2885.78,270.83,2614.95,31.33,5039.3,2024-08-01
57,Junior,2850.29,594.37,1141.38,2255.93,121.37,2134.55,105.0,4096.68,2024-08-01
58,Junior,3541.76,736.43,1104.42,2805.33,297.72,2507.61,115.64,4761.82,2024-08-01
59,Junior,2664.59,569.62,1112.21,2094.98,144.13,1950.85,134.13,3910.92,2024-08-01
60,Junior,3189.69,659.15,1201.64,2530.53,238.59,2291.94,131.58,4522.9,2024-08-01
61,Junior,4276.1,822.88,1726.92,3453.22,254.55,3198.68,117.59,6120.62,2024-08-01
62,Junior,4725.08,1030.87,1586.67,3694.21,461.26,3232.95,98.03,6409.77,2024-08-01
63,Junior,4557.47,870.17,1773.08,3687.3,490.86,3196.43,14.38,6344.93,2024-08-01
64,Junior,4867.73,971.58,1924.48,3896.16,439.53,3456.62,56.78,6848.99,2024-08-01
65,Junior,3842.71,698.27,1321.65,3144.44,266.03,2878.41,77.24,5241.6,2024-08-01
66,Junior,3115.99,688.99,780.04,2427.0,150.54,2276.46,97.78,3993.81,2024-08-01
67,Junior,3663.73,659.52,1467.22,3004.22,238.9,2765.32,44.53,5175.48,2024-08-01
68,Junior,2581.34,573.0,842.91,2008.34,129.59,1878.74,127.89,3552.14,2024-08-01
69,Junior,3554.53,703.31,962.45,2851.21,200.86,2650.35,132.2,4649.18,2024-08-01
70,Junior,4574.29,893.12,1340.31,3681.17,429.42,3251.75,44.11,5958.72,2024-08-01
71,Junior,3373.47,696.97,1038.64,2676.5,196.9,2479.6,32.33,4444.44,2024-08-01
72,Junior,2863.2,594.91,869.98,2268.29,92.56,2175.73,104.19,3837.37,2024-08-01
73,Junior,3078.11,639.5,980.01,2438.61,148.15,2290.46,21.48,4079.6,2024-08-01
74,Junior,2191.28,461.31,734.48,1729.97,100.13,1629.84,90.23,3015.99,2024-08-01
75,Mid-Level,3482.45,677.56,950.67,2804.89,197.09,2607.8,67.29,4500.41,2024-08-01
76,Mid-Level,7959.57,1854.51,2017.35,6105.05,1078.91,5026.14,52.16,10029.07,2024-08-01
77,Mid-Level,8905.19,2000.59,3673.88,6904.6,1233.81,5670.79,69.08,12648.15,2024-08-01
78,Mid-Level,6037.59,1439.13,1871.76,4598.46,539.17,4059.29,138.31,8047.66,2024-08-01
79,Mid-Level,6079.71,1276.39,2408.54,4803.33,655.22,4148.11,113.42,8601.68,2024-08-01
80,Mid-Level,3133.17,696.13,1017.28,2437.04,101.16,2335.88,123.39,4273.84,2024-08-01
81,Mid-Level,9477.7,1923.34,2990.68,7554.36,1088.94,6465.42,126.71,12595.09,2024-08-01
82,Mid-Level,3438.42,681.18,1132.36,2757.24,220.88,2536.36,124.15,4694.93,2024-08-01
83,Mid-Level,7278.66,1700.43,2864.13,5578.23,997.1,4581.13,82.67,10225.46,2024-08-01
84,Mid-Level,5045.88,1208.3,1843.03,3837.58,522.97,3314.61,146.6,7035.51,2024-08-01
85,Mid-Level,5755.29,1100.4,1457.07,4654.89,578.09,4076.8,83.61,7295.96,2024-08-01
86,Mid-Level,4957.04,975.59,1475.09,3981.45,487.49,3493.96,5.54,6437.67,2024-08-01
87,Mid-Level,3999.86,885.05,1316.34,3114.8,270.79,2844.02,74.65,5390.85,2024-08-01
88,Mid-Level,4392.97,1044.18,1667.22,3348.78,240.88,3107.9,37.18,6097.37,2024-08-01
89,Mid-Level,6028.4,1239.73,2239.13,4788.67,629.51,4159.15,47.66,8315.19,2024-08-01
90,Mid-Level,4977.43,976.26,1663.0,4001.17,500.6,3500.57,30.97,6671.4,2024-08-01
91,Mid-Level,6721.42,1278.76,2746.55,5442.66,801.39,4641.27,57.53,9525.51,2024-08-01
92,Mid-Level,5150.82,1117.04,1386.5,4033.78,489.42,3544.36,99.72,6637.04,2024-08-01
93,Mid-Level,8029.29,1846.85,3053.3,6182.44,998.02,5184.42,99.89,11182.48,2024-08-01
94,Mid-Level,8221.0,1891.85,2907.63,6329.15,941.17,5387.98,45.68,11174.31,2024-08-01
95,Mid-Level,4416.3,895.36,1232.24,3520.94,436.4,3084.55,130.7,5779.24,2024-08-01
96,Mid-Level,7668.16,1631.03,2243.18,6037.13,880.87,5156.26,14.15,9925.49,2024-08-01
97,Mid-Level,5454.67,1184.08,1793.69,4270.59,559.48,3711.11,17.83,7266.19,2024-08-01
98,Mid-Level,8258.93,1499.33,2163.92,6759.61,971.55,5788.06,70.29,10493.14,2024-08-01
99,Mid-Level,6286.18,1359.47,1684.52,4926.71,678.65,4248.06,125.43,8096.13,2024-08-01
100,Mid-Level,8243.63,1539.49,3334.13,6704.14,1137.71,5566.43,54.32,11632.08,2024-08-01
101,Mid-Level,6466.41,1493.59,2037.14,4972.82,596.22,4376.61,55.66,8559.21,2024-08-01
102,Mid-Level,6681.0,1510.19,1855.97,5170.8,809.51,4361.3,73.91,8610.87,2024-08-01
103,Mid-Level,6358.79,1470.63,2339.74,4888.15,672.21,4215.94,25.54,8724.07,2024-08-01
104,Mid-Level,7779.87,1500.5,3187.26,6279.37,1028.78,5250.59,0.97,10968.09,2024-08-01
105,Mid-Level,4331.44,993.3,1795.59,3338.14,264.73,3073.41,83.56,6210.59,2024-08-01
106,Mid-Level,6569.78,1488.56,1867.46,5081.22,844.03,4237.19,50.49,8487.73,2024-08-01
107,Mid-Level,7858.96,1662.73,3299.1,6196.22,1058.44,5137.78,13.6,11171.65,2024-08-01
108,Mid-Level,6146.55,1262.2,2086.14,4884.35,539.09,4345.25,125.8,8358.5,2024-08-01
109,Mid-Level,4779.17,900.17,1563.15,3879.0,475.64,3403.36,17.48,6359.8,2024-08-01
110,Mid-Level,4651.43,897.49,1205.17,3753.94,505.84,3248.1,46.76,5903.35,2024-08-01
111,Mid-Level,5889.33,1317.53,1609.2,4571.8,507.13,4064.67,106.35,7604.89,2024-08-01
112,Mid-Level,6874.07,1607.79,2792.81,5266.29,767.22,4499.07,73.41,9740.29,2024-08-01
113,Mid-Level,6144.2,1142.99,2123.83,5001.21,822.37,4178.83,86.33,8354.35,2024-08-01
114,Mid-Level,8709.77,1677.13,3094.14,7032.64,1080.95,5951.68,80.31,11884.22,2024-08-01
115,Mid-Level,5055.46,1031.33,1604.98,4024.13,536.75,3487.38,35.79,6696.23,2024-08-01
116,Mid-Level,8854.48,2080.77,2998.38,6773.71,1101.02,5672.69,54.95,11907.8,2024-08-01
117,Mid-Level,7927.95,1743.6,2987.27,6184.35,1020.38,5163.97,4.75,10919.97,2024-08-01
118,Mid-Level,7005.85,1512.7,2648.3,5493.15,953.0,4540.15,66.2,9720.36,2024-08-01
119,Mid-Level,3518.61,824.14,1037.62,2694.47,209.21,2485.26,77.72,4633.95,2024-08-01
120,Mid-Level,7096.69,1381.97,2649.89,5714.72,802.04,4912.67,63.46,9810.03,2024-08-01
121,Mid-Level,8392.28,1942.36,2988.22,6449.92,1139.08,5310.84,147.88,11528.38,2024-08-01
122,Mid-Level,3489.14,678.62,1303.01,2810.52,243.47,2567.05,134.03,4926.19,2024-08-01
123,Mid-Level,7065.5,1396.57,2907.35,5668.92,804.38,4864.54,139.12,10111.97,2024-08-01
124,Mid-Level,5041.72,1059.5,1561.71,3982.22,448.87,3533.36,105.63,6709.06,2024-08-01
125,Mid-Level,4342.89,874.91,1397.31,3467.99,283.23,3184.75,28.69,5768.89,2024-08-01
126,Mid-Level,5805.72,1048.7,2409.0,4757.02,537.94,4219.08,15.03,8229.75,2024-08-01
127,Mid-Level,6552.74,1457.82,2364.72,5094.92,771.02,4323.91,17.03,8934.5,2024-08-01
128,Mid-Level,4925.34,1108.4,1674.87,3816.93,471.32,3345.61,17.92,6618.12,2024-08-01
129,Mid-Level,4193.83,857.28,1690.76,3336.56,237.21,3099.34,105.49,5990.09,2024-08-01
130,Mid-Level,4707.11,1125.78,1238.32,3581.33,494.79,3086.54,32.6,5978.04,2024-08-01
131,Mid-Level,3817.23,746.39,1200.75,3070.83,289.1,2781.74,123.03,5141.01,2024-08-01
132,Mid-Level,5124.98,1037.38,1954.37,4087.6,461.62,3625.98,125.25,7204.6,2024-08-01
133,Mid-Level,5829.11,1290.8,2185.34,4538.3,602.46,3935.85,92.33,8106.78,2024-08-01
134,Mid-Level,4661.96,956.52,1429.54,3705.44,424.85,3280.58,148.52,6240.01,2024-08-01
135,Mid-Level,6269.74,1439.65,2022.01,4830.08,552.3,4277.78,34.59,8326.35,2024-08-01
136,Mid-Level,6765.8,1575.51,1736.41,5190.28,827.95,4362.34,128.66,8630.87,2024-08-01
137,Mid-Level,6150.98,1233.26,2289.15,4917.72,606.15,4311.57,85.03,8525.15,2024-08-01
138,Mid-Level,7599.22,1394.11,3164.76,6205.1,986.32,5218.78,57.58,10821.55,2024-08-01
139,Mid-Level,3871.23,869.27,1514.25,3001.95,304.72,2697.24,141.33,5526.8,2024-08-01
140,Mid-Level,6360.53,1153.78,1781.26,5206.75,856.92,4349.83,49.53,8191.32,2024-08-01
141,Mid-Level,9173.09,1805.09,2316.68,7368.01,1199.11,6168.89,112.09,11601.87,2024-08-01
142,Mid-Level,6902.53,1609.84,1830.11,5292.69,931.18,4361.51,24.35,8756.98,2024-08-01
143,Mid-Level,4379.53,1010.02,1112.02,3369.51,283.97,3085.54,146.07,5637.61,2024-08-01
144,Mid-Level,3421.82,659.06,1194.58,2762.76,276.15,2486.62,28.88,4645.29,2024-08-01
145,Mid-Level,5118.85,1211.97,1925.55,3906.88,513.1,3393.78,74.0,7118.4,2024-08-01
146,Mid-Level,5281.45,1206.14,1721.28,4075.32,555.29,3520.03,124.3,7127.04,2024-08-01
147,Mid-Level,6437.3,1206.79,2194.9,5230.51,776.29,4454.22,56.66,8688.86,2024-08-01
148,Mid-Level,7104.27,1633.59,2284.26,5470.69,882.96,4587.73,144.78,9533.31,2024-08-01
149,Mid-Level,3264.02,608.56,1129.8,2655.45,236.25,2419.21,8.97,4402.78,2024-08-01
150,Mid-Level,5231.57,1085.67,1434.28,4145.91,472.67,3673.24,33.89,6699.75,2024-08-01
151,Mid-Level,6882.15,1501.86,2866.28,5380.29,805.19,4575.1,82.14,9830.57,2024-08-01
152,Mid-Level,5837.88,1326.67,2226.18,4511.21,529.59,3981.62,92.63,8156.7,2024-08-01
153,Mid-Level,8796.54,1996.58,2727.64,6799.96,976.34,5823.61,16.21,11540.4,2024-08-01
154,Mid-Level,7870.8,1520.34,2168.12,6350.46,1122.97,5227.49,16.26,10055.18,2024-08-01
155,Mid-Level,4785.89,1101.35,1620.16,3684.54,457.88,3226.66,8.17,6414.22,2024-08-01
156,Mid-Level,6589.46,1479.0,2431.48,5110.46,876.48,4233.98,141.66,9162.6,2024-08-01
157,Mid-Level,6282.52,1168.51,2316.0,5114.01,760.04,4353.96,50.09,8648.61,2024-08-01
158,Mid-Level,5402.14,1281.77,1430.42,4120.37,477.82,3642.55,74.12,6906.68,2024-08-01
159,Mid-Level,5067.77,993.54,1825.53,4074.23,507.63,3566.6,93.0,6986.29,2024-08-01
160,Mid-Level,3349.42,687.72,961.01,2661.7,251.68,2410.02,84.82,4395.25,2024-08-01
161,Mid-Level,8683.27,1868.16,3135.91,6815.11,961.51,5853.6,77.81,11896.99,2024-08-01
162,Mid-Level,4772.71,1091.09,1473.93,3681.62,514.37,3167.25,50.03,6296.66,2024-08-01
163,Mid-Level,5091.01,1132.34,1366.43,3958.67,467.06,3491.61,52.27,6509.71,2024-08-01
164,Mid-Level,11502.12,2417.76,3631.98,9084.36,1467.11,7617.24,78.58,15212.68,2024-08-01
165,Mid-Level,5941.09,1425.03,1503.53,4516.06,507.01,4009.05,59.58,7504.2,2024-08-01
166,Mid-Level,7168.18,1556.58,1841.82,5611.6,931.31,4680.29,137.28,9147.28,2024-08-01
167,Mid-Level,6113.69,1447.7,2034.07,4665.99,610.63,4055.35,19.54,8167.3,2024-08-01
168,Mid-Level,4867.16,1027.45,1545.2,3839.71,451.36,3388.35,141.89,6554.25,2024-08-01
169,Mid-Level,5040.43,1036.37,1509.26,4004.06,490.7,3513.37,48.32,6598.02,2024-08-01
170,Mid-Level,3896.83,919.2,1265.91,2977.63,278.18,2699.45,88.75,5251.49,2024-08-01
171,Mid-Level,7737.66,1674.8,2481.39,6062.86,925.01,5137.85,15.15,10234.2,2024-08-01
172,Mid-Level,10474.61,2068.34,4048.02,8406.28,1257.17,7149.11,11.89,14534.53,2024-08-01
173,Mid-Level,5543.08,1203.08,1895.39,4339.99,487.23,3852.76,40.28,7478.74,2024-08-01
174,Mid-Level,6956.15,1500.24,2662.51,5455.91,977.63,4478.27,128.47,9747.13,2024-08-01
175,Senior,11580.09,2748.45,3153.81,8831.64,1305.99,7525.65,72.88,14806.79,2024-08-01
176,Senior,11706.18,2404.31,3504.72,9301.87,1495.46,7806.41,114.21,15325.11,2024-08-01
177,Senior,13141.15,3046.39,5010.11,10094.76,1750.43,8344.33,77.02,18228.28,2024-08-01
178,Senior,11976.4,2805.64,4579.29,9170.76,1464.96,7705.8,126.84,16682.53,2024-08-01
179,Senior,14449.98,3124.4,5327.11,11325.58,1817.58,9508.0,99.34,19876.43,2024-08-01
180,Senior,11767.96,2678.06,4575.32,9089.9,1445.13,7644.77,149.62,16492.89,2024-08-01
181,Senior,17193.11,3433.77,4575.8,13759.34,2203.7,11555.65,80.4,21849.32,2024-08-01
182,Senior,9406.76,1759.54,2474.33,7647.23,1254.7,6392.53,122.1,12003.2,2024-08-01
183,Senior,10304.56,2358.36,3853.18,7946.2,1419.9,6526.3,1.13,14158.86,2024-08-01
184,Senior,12441.52,2618.64,5080.16,9822.88,1635.77,8187.11,128.49,17650.17,2024-08-01
185,Senior,12811.83,2964.48,3734.21,9847.34,1594.13,8253.21,110.0,16656.03,2024-08-01
186,Senior,12267.96,2266.48,4111.43,10001.48,1733.49,8267.98,17.76,16397.15,2024-08-01
187,Senior,16085.49,3770.42,5945.53,12315.07,1851.18,10463.89,81.07,22112.09,2024-08-01
188,Senior,5361.28,1038.25,1526.17,4323.03,586.9,3736.13,133.7,7021.15,2024-08-01
189,Senior,11945.33,2796.8,3449.2,9148.53,1533.48,7615.05,6.54,15401.07,2024-08-01
190,Senior,8597.44,1816.65,3441.57,6780.78,1120.67,5660.11,48.5,12087.51,2024-08-01
191,Senior,7506.87,1497.33,2450.6,6009.54,943.01,5066.53,96.21,10053.68,2024-08-01
192,Senior,16159.63,3354.44,4302.65,12805.2,2157.73,10647.47,127.14,20589.42,2024-08-01
193,Senior,21274.28,4327.21,7087.07,16947.07,2452.27,14494.81,126.78,28488.13,2024-08-01
194,Senior,13503.09,3111.15,3711.63,10391.94,1637.32,8754.62,79.57,17294.29,2024-08-01
195,Senior,12845.43,2994.92,4946.85,9850.51,1434.05,8416.46,139.96,17932.24,2024-08-01
196,Senior,7533.79,1794.93,2416.97,5738.87,829.57,4909.3,16.36,9967.12,2024-08-01
197,Senior,11219.56,2532.08,3159.65,8687.48,1247.27,7440.22,81.44,14460.65,2024-08-01
198,Senior,16005.03,3787.66,4077.76,12217.38,2192.58,10024.79,13.18,20095.98,2024-08-01
199,Senior,11351.84,2420.66,4547.36,8931.17,1282.13,7649.05,57.77,15956.96,2024-08-01
200,Senior,14041.87,3285.44,4922.63,10756.42,1907.43,8848.99,83.31,19047.81,2024-08-01
201,Senior,13105.81,2614.43,4699.26,10491.38,1703.72,8787.66,80.11,17885.18,2024-08-01
202,Senior,12123.47,2856.54,4985.16,9266.93,1387.31,7879.62,78.62,17187.25,2024-08-01
203,Senior,7023.07,1644.58,2177.95,5378.49,859.31,4519.19,133.83,9334.85,2024-08-01
204,Senior,5788.27,1159.13,1616.62,4629.14,632.46,3996.68,32.15,7437.04,2024-08-01
205,Senior,9728.85,2246.06,3234.68,7482.79,1305.73,6177.06,95.42,13058.95,2024-08-01
206,Senior,9800.81,2254.74,2663.37,7546.07,1090.04,6456.03,76.82,12541.0,2024-08-01
207,Senior,15150.45,3030.49,6010.43,12119.96,1993.97,10125.98,111.22,21272.1,2024-08-01
208,Senior,10848.02,2083.85,3167.38,8764.17,1276.96,7487.21,28.89,14044.29,2024-08-01
209,Senior,14973.18,3335.98,3837.06,11637.21,1678.26,9958.95,129.86,18940.1,2024-08-01
210,Senior,12710.72,2397.58,3804.64,10313.14,1503.87,8809.28,130.2,16645.55,2024-08-01
211,Senior,12340.14,2404.08,4147.72,9936.06,1669.93,8266.13,144.18,16632.04,2024-08-01
212,Senior,11753.47,2256.38,4870.41,9497.08,1492.88,8004.2,53.42,16677.29,2024-08-01
213,Senior,18711.18,3554.33,5359.03,15156.85,2210.09,12946.76,77.59,24147.8,2024-08-01
214,Senior,11183.29,2155.77,3932.3,9027.53,1418.09,7609.43,60.09,15175.69,2024-08-01
215,Senior,12767.46,2486.16,4685.56,10281.29,1494.5,8786.79,49.29,17502.31,2024-08-01
216,Senior,9817.5,2253.98,3801.63,7563.51,1207.81,6355.71,65.45,13684.58,2024-08-01
217,Senior,13878.77,2662.34,4401.23,11216.44,1920.43,9296.01,89.36,18369.36,2024-08-01
218,Senior,11416.76,2179.74,4584.34,9237.02,1612.58,7624.43,74.0,16075.09,2024-08-01
219,Senior,9025.21,1772.82,3285.98,7252.39,1114.61,6137.78,38.14,12349.33,2024-08-01
220,Senior,13677.35,3104.53,4441.43,10572.82,1655.34,8917.48,8.75,18127.53,2024-08-01
221,Senior,9517.64,2278.81,2730.69,7238.83,1026.86,6211.97,82.35,12330.69,2024-08-01
222,Senior,11942.25,2430.77,3525.82,9511.48,1395.99,8115.49,111.07,15579.14,2024-08-01
223,Senior,9710.25,1986.86,3419.07,7723.39,1292.65,6430.75,50.23,13179.56,2024-08-01
224,Senior,6731.76,1244.87,2631.9,5486.88,769.42,4717.46,5.63,9369.29,2024-08-01
225,Manager,51218.54,9547.16,21199.51,41671.38,5892.57,35778.81,100.13,72518.18,2024-08-01
226,Manager,39433.25,8664.11,11555.9,30769.15,5176.17,25592.97,11.73,51000.88,2024-08-01
227,Manager,18386.24,3782.83,5623.65,14603.41,2049.86,12553.55,129.39,24139.29,2024-08-01
228,Manager,32728.75,6938.07,12898.29,25790.68,3888.55,21902.13,107.38,45734.42,2024-08-01
229,Manager,34672.79,7122.75,9662.73,27550.04,4286.15,23263.88,18.54,44354.06,2024-08-01
230,Manager,46421.97,10169.53,14064.64,36252.43,5957.13,30295.3,73.5,60560.1,2024-08-01
231,Manager,44887.81,10282.87,14326.61,34604.95,5094.78,29510.17,25.87,59240.29,2024-08-01
232,Manager,40023.27,9403.72,15346.03,30619.54,5143.9,25475.65,24.31,55393.61,2024-08-01
233,Manager,34502.96,7148.46,10863.02,27354.5,4874.09,22480.41,76.13,45442.11,2024-08-01
234,Manager,47640.43,11106.67,16943.23,36533.75,6511.61,30022.14,70.87,64654.53,2024-08-01
235,Manager,47942.46,8825.2,17043.13,39117.26,6421.5,32695.77,56.07,65041.66,2024-08-01
236,Manager,29569.48,6608.27,10816.06,22961.21,4009.48,18951.73,61.46,40447.0,2024-08-01
237,Manager,39301.59,8228.49,15259.15,31073.1,4472.31,26600.79,114.59,54675.33,2024-08-01
238,Manager,44489.77,9195.89,13739.35,35293.88,5869.91,29423.97,140.83,58369.95,2024-08-01
239,Manager,24650.48,5204.02,10306.87,19446.46,2801.33,16645.13,55.08,35012.43,2024-08-01
240,Manager,32470.18,6923.04,12710.46,25547.14,4298.89,21248.25,74.97,45255.61,2024-08-01
241,Manager,44891.39,10540.03,13725.34,34351.35,4878.36,29473.0,54.18,58670.91,2024-08-01
242,Manager,25961.65,5450.86,8494.87,20510.79,3527.79,16982.99,6.38,34462.9,2024-08-01
243,Manager,27944.09,6363.38,8176.41,21580.7,3224.11,18356.59,88.44,36208.93,2024-08-01
244,Manager,31747.88,5826.54,12601.37,25921.34,3669.93,22251.41,20.34,44369.58,2024-08-01
245,Manager,49925.55,11766.76,14533.17,38158.79,6271.74,31887.05,96.42,64555.14,2024-08-01
246,Manager,42401.12,8298.88,17158.67,34102.24,4965.13,29137.11,49.18,59608.96,2024-08-01
247,Manager,40923.96,8748.97,13602.41,32175.0,4766.8,27408.2,83.81,54610.18,2024-08-01
248,Manager,19726.44,4588.55,7973.08,15137.89,2577.77,12560.11,32.76,27732.28,2024-08-01
249,Manager,45365.77,10062.81,11639.0,35302.96,6043.29,29259.67,77.58,57082.35,2024-08-01
1,Intern,998.61,238.09,392.64,760.52,0.0,760.52,127.58,1518.83,2024-09-01
2,Intern,742.58,164.69,208.26,577.89,0.0,577.89,131.74,1082.58,2024-09-01
3,Intern,694.51,160.5,286.94,534.01,0.0,534.01,31.07,1012.52,2024-09-01
4,Intern,836.1,152.32,216.31,683.78,0.0,683.78,143.47,1195.87,2024-09-01
5,Intern,656.33,143.93,257.42,512.4,0.0,512.4,57.86,971.61,2024-09-01
6,Intern,703.69,152.25,179.14,551.45,0.0,551.45,119.6,1002.44,2024-09-01
7,Intern,479.85,106.62,146.9,373.24,0.0,373.24,88.92,715.68,2024-09-01
8,Intern,931.13,207.51,279.13,723.63,0.0,723.63,121.92,1332.18,2024-09-01
9,Intern,735.26,134.7,250.93,600.55,0.0,600.55,50.08,1036.27,2024-09-01
10,Intern,805.94,190.46,221.9,615.48,0.0,615.48,141.31,1169.15,2024-09-01
11,Intern,779.7,144.58,247.82,635.13,0.0,635.13,140.38,1167.91,2024-09-01
12,Intern,488.1,96.4,128.15,391.71,0.0,391.71,89.98,706.23,2024-09-01
13,Junior,2464.69,495.67,954.76,1969.02,122.98,1846.03,66.51,3485.96,2024-09-01
14,Junior,3146.36,620.45,813.19,2525.91,243.07,2282.84,53.02,4012.56,2024-09-01
15,Junior,2216.56,531.5,861.17,1685.07,82.75,1602.32,50.49,3128.23,2024-09-01
16,Junior,5034.85,957.34,1367.4,4077.51,507.53,3569.98,25.07,6427.32,2024-09-01
17,Junior,3305.8,779.14,1227.29,2526.67,250.3,2276.37,11.19,4544.28,2024-09-01
18,Junior,3112.27,623.08,933.93,2489.19,107.47,2381.72,61.11,4107.3,2024-09-01
19,Junior,5212.59,1000.24,1951.7,4212.35,485.55,3726.79,13.2,7177.49,2024-09-01
20,Junior,3755.31,837.58,1340.13,2917.73,272.94,2644.79,125.2,5220.64,2024-09-01
21,Junior,4127.32,843.7,1214.7,3283.62,246.23,3037.39,87.79,5429.81,2024-09-01
22,Junior,3164.02,751.21,1276.43,2412.81,91.45,2321.36,53.93,4494.39,2024-09-01
23,Junior,5133.92,1209.76,1828.99,3924.15,507.49,3416.67,98.67,7061.57,2024-09-01
24,Junior,3847.14,808.39,1524.75,3038.76,312.01,2726.75,77.05,5448.94,2024-09-01
25,Junior,3376.45,766.59,1026.86,2609.86,272.85,2337.02,85.01,4488.32,2024-09-01
26,Junior,2806.91,582.41,1014.16,2224.5,117.43,2107.07,24.1,3845.17,2024-09-01
27,Junior,4559.65,967.88,1290.76,3591.76,480.49,3111.27,3.46,5853.86,2024-09-01
28,Junior,3438.52,686.58,1031.38,2751.94,232.72,2519.22,93.84,4563.75,2024-09-01
29,Junior,3509.32,686.4,1395.62,2822.92,261.32,2561.6,84.83,4989.77,2024-09-01
30,Junior,4222.38,971.85,1631.51,3250.54,294.05,2956.48,8.42,5862.32,2024-09-01
31,Junior,3384.92,656.16,888.15,2728.76,232.77,2496.0,53.28,4326.35,2024-09-01
32,Junior,2106.28,406.65,738.69,1699.63,108.67,1590.97,51.1,2896.07,2024-09-01
33,Junior,4675.14,1030.05,1222.14,3645.09,505.3,3139.78,31.34,5928.62,2024-09-01
34,Junior,2304.73,439.42,623.83,1865.31,66.54,1798.77,52.0,2980.56,2024-09-01
35,Junior,3402.83,791.86,1253.18,2610.97,249.02,2361.95,49.01,4705.02,2024-09-01
36,Junior,3234.62,764.42,1325.39,2470.2,161.61,2308.59,48.64,4608.65,2024-09-01
37,Junior,2255.28,502.95,771.45,1752.33,102.07,1650.26,133.17,3159.9,2024-09-01
38,Junior,3456.95,797.03,1380.45,2659.92,204.22,2455.71,129.97,4967.37,2024-09-01
39,Junior,3864.0,721.32,1595.03,3142.69,329.1,2813.58,98.25,5557.28,2024-09-01
40,Junior,3949.19,870.12,1475.12,3079.06,298.14,2780.93,114.93,5539.24,2024-09-01
41,Junior,3707.76,871.34,1327.28,2836.42,296.97,2539.45,47.46,5082.5,2024-09-01
42,Junior,3029.6,685.71,1139.18,2343.89,100.6,2243.29,86.71,4255.48,2024-09-01
43,Junior,1961.36,457.93,536.5,1503.43,54.81,1448.62,9.68,2507.54,2024-09-01
44,Junior,1834.19,340.74,690.45,1493.45,0.0,1493.45,138.05,2662.69,2024-09-01
45,Junior,3459.43,814.31,899.28,2645.12,208.01,2437.11,60.22,4418.93,2024-09-01
46,Junior,2746.76,639.51,1008.52,2107.25,113.41,1993.84,108.01,3863.3,2024-09-01
47,Junior,4412.91,1008.91,1187.87,3404.0,256.47,3147.53,57.13,5657.91,2024-09-01
48,Junior,3847.53,862.77,1406.05,2984.76,272.34,2712.42,58.63,5312.22,2024-09-01
49,Junior,3206.34,636.7,1320.86,2569.64,239.76,2329.88,143.45,4670.65,2024-09-01
50,Junior,2694.87,644.24,947.13,2050.64,82.24,1968.4,130.19,3772.19,2024-09-01
51,Junior,2900.37,677.7,1072.33,2222.67,106.16,2116.51,16.52,3989.22,2024-09-01
52,Junior,3424.51,726.83,1026.73,2697.68,221.16,2476.52,25.3,4476.54,2024-09-01
53,Junior,1948.82,380.11,689.81,1568.7,101.69,1467.01,70.4,2709.03,2024-09-01
54,Junior,3680.42,765.73,1524.95,2914.68,238.37,2676.31,6.83,5212.2,2024-09-01
55,Junior,2811.71,674.51,912.56,2137.2,87.52,2049.68,133.68,3857.95,2024-09-01
56,Junior,3791.03,739.48,980.98,3051.55,307.67,2743.89,98.59,4870.6,2024-09-01
57,Junior,2814.8,620.97,843.28,2193.83,143.75,2050.08,98.73,3756.8,2024-09-01
58,Junior,3556.92,761.0,1390.49,2795.91,229.93,2565.98,49.11,4996.52,2024-09-01
59,Junior,2722.67,540.59,958.31,2182.08,74.44,2107.64,137.57,3818.55,2024-09-01
60,Junior,3214.41,599.83,1087.24,2614.58,262.44,2352.14,105.82,4407.46,2024-09-01
61,Junior,4337.97,904.5,1756.93,3433.47,292.2,3141.27,37.04,6131.94,2024-09-01
62,Junior,4739.3,881.46,1852.7,3857.84,451.99,3405.85,20.65,6612.65,2024-09-01
63,Junior,4630.32,984.81,1278.13,3645.51,499.41,3146.11,120.53,6028.98,2024-09-01
64,Junior,4932.34,1145.06,1252.0,3787.28,474.67,3312.61,82.68,6267.02,2024-09-01
65,Junior,3840.78,726.08,1061.21,3114.7,291.49,2823.21,0.71,4902.7,2024-09-01
66,Junior,3148.81,594.85,870.34,2553.96,239.68,2314.27,45.91,4065.05,2024-09-01
67,Junior,3654.01,738.46,1307.92,2915.55,262.6,2652.95,101.87,5063.8,2024-09-01
68,Junior,2812.11,650.4,930.37,2161.71,122.77,2038.94,112.95,3855.43,2024-09-01
69,Junior,3579.04,829.48,1364.58,2749.56,211.19,2538.37,69.98,5013.6,2024-09-01
70,Junior,4581.58,1024.58,1480.45,3556.99,462.41,3094.59,12.37,6074.4,2024-09-01
71,Junior,3333.84,785.76,989.27,2548.08,277.71,2270.37,12.82,4335.92,2024-09-01
72,Junior,2861.93,515.93,772.78,2346.0,139.52,2206.48,99.26,3733.98,2024-09-01
73,Junior,3073.82,657.17,1284.91,2416.65,137.86,2278.79,47.97,4406.7,2024-09-01
74,Junior,2196.81,497.03,663.43,1699.78,93.75,1606.03,130.89,2991.13,2024-09-01
75,Mid-Level,3498.55,678.73,986.26,2819.82,209.21,2610.61,27.92,4512.73,2024-09-01
76,Mid-Level,7979.97,1771.2,2248.76,6208.77,927.47,5281.29,17.42,10246.15,2024-09-01
77,Mid-Level,8971.6,1906.3,2498.71,7065.3,1201.96,5863.34,13.08,11483.38,2024-09-01
78,Mid-Level,6055.94,1442.81,1946.88,4613.13,515.11,4098.02,143.21,8146.04,2024-09-01
79,Mid-Level,6133.82,1368.17,2374.36,4765.65,540.09,4225.56,75.22,8583.4,2024-09-01
80,Mid-Level,3135.85,585.16,812.95,2550.69,216.97,2333.71,108.28,4057.08,2024-09-01
81,Mid-Level,9559.23,1837.82,3231.89,7721.41,1162.8,6558.62,17.61,12808.73,2024-09-01
82,Mid-Level,3485.87,802.83,1201.25,2683.05,243.88,2439.17,66.12,4753.24,2024-09-01
83,Mid-Level,7302.84,1333.11,2006.03,5969.73,959.5,5010.22,130.06,9438.93,2024-09-01
84,Mid-Level,5052.33,1085.62,1682.25,3966.72,454.61,3512.11,143.93,6878.51,2024-09-01
85,Mid-Level,6335.11,1417.77,1704.72,4917.34,635.33,4282.01,17.14,8056.97,2024-09-01
86,Mid-Level,4969.56,1101.25,1451.7,3868.31,470.04,3398.27,44.69,6465.95,2024-09-01
87,Mid-Level,3978.63,895.2,1367.07,3083.43,317.32,2766.11,25.16,5370.86,2024-09-01
88,Mid-Level,4411.42,854.22,1790.3,3557.2,458.74,3098.46,66.45,6268.17,2024-09-01
89,Mid-Level,6127.69,1369.46,2130.48,4758.22,602.1,4156.12,39.72,8297.89,2024-09-01
90,Mid-Level,5027.02,1161.76,1955.95,3865.26,522.05,3343.21,10.2,6993.17,2024-09-01
91,Mid-Level,6745.05,1286.17,1691.75,5458.87,945.12,4513.75,114.12,8550.91,2024-09-01
92,Mid-Level,5456.77,1277.49,2090.16,4179.28,570.8,3608.48,52.83,7599.75,2024-09-01
93,Mid-Level,8064.2,1894.67,3137.07,6169.53,949.58,5219.95,91.34,11292.61,2024-09-01
94,Mid-Level,8266.39,1542.19,3092.85,6724.2,1089.78,5634.42,0.98,11360.22,2024-09-01
95,Mid-Level,4421.91,871.43,1212.65,3550.47,440.41,3110.06,58.18,5692.73,2024-09-01
96,Mid-Level,8307.65,1941.47,2659.87,6366.18,1020.99,5345.19,1.4,10968.92,2024-09-01
97,Mid-Level,5477.15,1233.9,1830.5,4243.25,495.08,3748.17,23.81,7331.47,2024-09-01
98,Mid-Level,8238.51,1563.93,3247.77,6674.58,1004.29,5670.29,140.86,11627.14,2024-09-01
99,Mid-Level,6307.23,1467.76,2257.94,4839.47,602.05,4237.42,63.08,8628.25,2024-09-01
100,Mid-Level,9074.24,1658.07,3268.12,7416.17,1248.85,6167.32,110.17,12452.53,2024-09-01
101,Mid-Level,6534.78,1453.46,1884.69,5081.32,870.57,4210.75,59.48,8478.94,2024-09-01
102,Mid-Level,6632.89,1389.84,2775.62,5243.06,781.36,4461.7,38.66,9447.18,2024-09-01
103,Mid-Level,6763.83,1260.55,2296.15,5503.29,953.56,4549.72,139.01,9199.0,2024-09-01
104,Mid-Level,7784.71,1694.66,2968.14,6090.05,994.29,5095.76,25.19,10778.04,2024-09-01
105,Mid-Level,5477.71,1300.05,1770.67,4177.66,486.7,3690.96,149.78,7398.16,2024-09-01
106,Mid-Level,6603.46,1438.48,1988.45,5164.98,885.9,4279.07,146.13,8738.04,2024-09-01
107,Mid-Level,8831.05,1729.24,2839.33,7101.82,1122.15,5979.67,82.94,11753.33,2024-09-01
108,Mid-Level,6181.71,1172.68,2514.33,5009.04,794.17,4214.86,15.17,8711.21,2024-09-01
109,Mid-Level,4799.17,1088.81,1363.98,3710.36,506.48,3203.88,61.61,6224.76,2024-09-01
110,Mid-Level,5536.22,1284.48,1708.33,4251.74,484.03,3767.71,14.18,7258.74,2024-09-01
111,Mid-Level,5890.58,1085.8,2336.21,4804.78,549.44,4255.34,101.17,8327.96,2024-09-01
112,Mid-Level,6898.76,1276.18,2552.58,5622.58,866.86,4755.72,111.69,9563.03,2024-09-01
113,Mid-Level,6185.63,1255.77,2387.01,4929.86,665.07,4264.79,45.53,8618.17,2024-09-01
114,Mid-Level,8743.17,1938.57,3183.75,6804.6,1175.57,5629.02,57.37,11984.29,2024-09-01
115,Mid-Level,5573.53,1040.05,2215.06,4533.48,563.77,3969.7,92.31,7880.89,2024-09-01
116,Mid-Level,9927.06,1951.36,3035.1,7975.7,1431.5,6544.2,85.63,13047.79,2024-09-01
117,Mid-Level,8260.53,1792.12,3228.01,6468.41,1115.46,5352.95,82.96,11571.5,2024-09-01
118,Mid-Level,7063.29,1617.07,2760.69,5446.22,798.57,4647.65,22.08,9846.05,2024-09-01
119,Mid-Level,3525.48,780.47,968.52,2745.01,198.15,2546.87,20.37,4514.37,2024-09-01
120,Mid-Level,7009.58,1541.17,2432.0,5468.41,771.92,4696.49,60.58,9502.16,2024-09-01
121,Mid-Level,8442.76,1541.43,2401.03,6901.33,1108.77,5792.56,45.84,10889.64,2024-09-01
122,Mid-Level,3900.66,897.61,1220.35,3003.05,297.78,2705.27,16.56,5137.57,2024-09-01
123,Mid-Level,7547.61,1800.27,2593.33,5747.34,1031.16,4716.17,19.39,10160.32,2024-09-01
124,Mid-Level,5084.29,935.49,1578.77,4148.8,560.78,3588.02,35.76,6698.81,2024-09-01
125,Mid-Level,4313.16,877.56,1795.18,3435.6,307.12,3128.48,84.84,6193.18,2024-09-01
126,Mid-Level,5863.26,1308.52,1860.08,4554.74,631.42,3923.33,108.6,7831.95,2024-09-01
127,Mid-Level,6614.66,1223.48,2176.97,5391.18,802.93,4588.26,76.28,8867.92,2024-09-01
128,Mid-Level,4954.84,1090.76,1472.54,3864.08,457.13,3406.95,53.61,6480.99,2024-09-01
129,Mid-Level,4155.96,889.37,1509.99,3266.59,253.87,3012.72,66.56,5732.5,2024-09-01
130,Mid-Level,4743.05,883.6,1702.35,3859.45,519.15,3340.3,120.35,6565.75,2024-09-01
131,Mid-Level,3810.55,689.87,1259.54,3120.68,308.04,2812.64,70.13,5140.22,2024-09-01
132,Mid-Level,5138.76,997.53,1536.93,4141.23,493.02,3648.21,41.0,6716.68,2024-09-01
133,Mid-Level,5765.38,1380.82,2217.74,4384.56,498.89,3885.67,18.23,8001.35,2024-09-01
134,Mid-Level,4702.55,946.01,1530.37,3756.54,417.09,3339.45,64.26,6297.19,2024-09-01
135,Mid-Level,6835.76,1539.02,2100.13,5296.74,770.39,4526.34,67.21,9003.1,2024-09-01
136,Mid-Level,6786.58,1602.55,2312.06,5184.02,880.71,4303.32,4.46,9103.09,2024-09-01
137,Mid-Level,7159.05,1663.32,3003.57,5495.73,981.02,4514.71,29.68,10192.29,2024-09-01
138,Mid-Level,7567.11,1656.83,2701.65,5910.28,829.35,5080.92,116.3,10385.07,2024-09-01
139,Mid-Level,3869.39,801.02,1087.49,3068.38,308.12,2760.25,130.31,5087.19,2024-09-01
140,Mid-Level,6431.22,1424.94,1843.4,5006.28,764.65,4241.62,18.76,8293.38,2024-09-01
141,Mid-Level,9151.42,1725.99,2933.48,7425.43,1313.76,6111.67,11.91,12096.81,2024-09-01
142,Mid-Level,7002.36,1355.23,2190.02,5647.12,884.82,4762.3,62.79,9255.17,2024-09-01
143,Mid-Level,4463.44,1022.37,1302.33,3441.07,355.58,3085.49,147.05,5912.82,2024-09-01
144,Mid-Level,3466.73,760.38,969.61,2706.36,212.86,2493.49,105.89,4542.24,2024-09-01
145,Mid-Level,5092.39,1025.57,1649.43,4066.81,482.47,3584.34,102.06,6843.88,2024-09-01
146,Mid-Level,5275.61,1167.36,1784.57,4108.25,505.4,3602.85,124.19,7184.37,2024-09-01
147,Mid-Level,6878.48,1400.21,2201.69,5478.28,961.97,4516.31,114.01,9194.18,2024-09-01
148,Mid-Level,7094.06,1579.28,2126.94,5514.78,939.44,4575.34,148.8,9369.8,2024-09-01
149,Mid-Level,3274.68,768.73,1302.19,2505.95,253.02,2252.93,111.3,4688.18,2024-09-01
150,Mid-Level,5255.21,1031.46,2152.35,4223.75,584.91,3638.84,143.98,7551.54,2024-09-01
151,Mid-Level,6887.69,1606.96,2077.3,5280.73,797.88,4482.84,29.79,8994.77,2024-09-01
152,Mid-Level,5834.27,1313.44,2332.56,4520.83,525.43,3995.4,13.94,8180.78,2024-09-01
153,Mid-Level,8799.92,1982.85,3357.49,6817.07,1050.36,5766.7,102.64,12260.05,2024-09-01
154,Mid-Level,7898.62,1762.79,3266.0,6135.83,1051.38,5084.45,117.58,11282.19,2024-09-01
155,Mid-Level,4791.36,1036.85,1993.87,3754.51,489.02,3265.49,45.98,6831.21,2024-09-01
156,Mid-Level,6562.66,1380.04,2649.96,5182.62,872.86,4309.76,147.39,9360.01,2024-09-01
157,Mid-Level,6364.18,1168.11,1992.92,5196.06,830.83,4365.23,15.85,8372.94,2024-09-01
158,Mid-Level,5466.62,1255.23,1828.19,4211.39,551.38,3660.01,120.01,7414.83,2024-09-01
159,Mid-Level,5076.62,1068.69,1785.39,4007.93,512.39,3495.54,34.74,6896.76,2024-09-01
160,Mid-Level,3304.53,608.54,1316.87,2695.99,279.35,2416.63,95.48,4716.88,2024-09-01
161,Mid-Level,8646.13,1941.49,2877.19,6704.64,1016.93,5687.71,34.18,11557.49,2024-09-01
162,Mid-Level,4728.37,1085.26,1957.84,3643.11,421.9,3221.22,87.01,6773.22,2024-09-01
163,Mid-Level,5070.64,1184.5,2059.58,3886.14,462.13,3424.0,13.31,7143.52,2024-09-01
164,Mid-Level,11526.77,2502.95,4743.58,9023.83,1577.81,7446.02,61.66,16332.01,2024-09-01
165,Mid-Level,5934.79,1380.59,2451.54,4554.2,626.29,3927.91,92.2,8478.53,2024-09-01
166,Mid-Level,8122.45,1649.88,2346.71,6472.57,1025.41,5447.16,102.0,10571.15,2024-09-01
167,Mid-Level,6128.29,1393.03,1711.1,4735.26,651.36,4083.9,106.32,7945.7,2024-09-01
168,Mid-Level,5344.88,1165.09,1976.56,4179.79,508.44,3671.35,106.43,7427.87,2024-09-01
169,Mid-Level,5084.26,1103.38,1761.12,3980.88,508.0,3472.88,82.59,6927.97,2024-09-01
170,Mid-Level,3974.07,794.81,1418.25,3179.26,253.82,2925.44,77.19,5469.51,2024-09-01
171,Mid-Level,7750.5,1476.38,2691.73,6274.12,928.72,5345.4,59.76,10501.99,2024-09-01
172,Mid-Level,10529.21,2178.77,4279.45,8350.44,1270.84,7079.6,51.16,14859.83,2024-09-01
173,Mid-Level,6211.45,1312.8,2033.7,4898.65,608.37,4290.28,106.5,8351.65,2024-09-01
174,Mid-Level,7011.19,1662.6,2824.57,5348.59,781.95,4566.64,9.33,9845.09,2024-09-01
175,Senior,11558.96,2450.42,4619.95,9108.54,1302.31,7806.23,143.49,16322.4,2024-09-01
176,Senior,11770.6,2305.61,4762.39,9465.0,1463.31,8001.69,97.03,16630.02,2024-09-01
177,Senior,13977.14,2735.3,4509.45,11241.84,1621.65,9620.19,57.94,18544.53,2024-09-01
178,Senior,12104.26,2330.65,3243.04,9773.6,1685.96,8087.65,119.16,15466.45,2024-09-01
179,Senior,14460.71,2863.27,5780.24,11597.44,1923.36,9674.08,122.6,20363.55,2024-09-01
180,Senior,11748.61,2782.93,4417.3,8965.67,1612.22,7353.45,84.97,16250.88,2024-09-01
181,Senior,17196.67,3890.52,4400.56,13306.15,2012.9,11293.24,68.77,21666.0,2024-09-01
182,Senior,9375.32,2029.62,3615.18,7345.7,1205.66,6140.05,123.76,13114.27,2024-09-01
183,Senior,10286.41,2169.51,4152.38,8116.9,1451.16,6665.74,39.83,14478.62,2024-09-01
184,Senior,12433.53,2568.75,4348.61,9864.78,1672.13,8192.65,9.59,16791.73,2024-09-01
185,Senior,12889.0,3056.0,4104.45,9833.0,1563.43,8269.57,109.39,17102.84,2024-09-01
186,Senior,12910.07,2668.29,3566.06,10241.78,1505.42,8736.36,59.59,16535.72,2024-09-01
187,Senior,16122.94,3720.01,5568.47,12402.93,2190.12,10212.81,19.42,21710.83,2024-09-01
188,Senior,5457.9,1009.8,1692.21,4448.11,544.31,3903.8,8.89,7159.0,2024-09-01
189,Senior,11983.35,2171.76,4404.78,9811.58,1609.59,8201.99,14.29,16402.42,2024-09-01
190,Senior,8544.66,1821.1,2310.36,6723.56,1121.59,5601.97,136.34,10991.36,2024-09-01
191,Senior,7488.56,1604.99,2223.13,5883.57,1000.55,4883.01,55.44,9767.14,2024-09-01
192,Senior,16230.32,3632.22,4418.95,12598.1,2229.42,10368.67,33.14,20682.4,2024-09-01
193,Senior,21339.5,3845.06,6817.21,17494.44,2782.45,14711.99,143.39,28300.1,2024-09-01
194,Senior,13535.72,2805.9,5129.69,10729.82,1688.08,9041.74,74.87,18740.28,2024-09-01
195,Senior,12826.01,2835.85,5053.87,9990.16,1520.55,8469.61,41.12,17921.0,2024-09-01
196,Senior,7512.35,1638.14,1987.99,5874.21,824.58,5049.63,21.72,9522.06,2024-09-01
197,Senior,11175.91,2224.08,3559.51,8951.83,1287.93,7663.9,100.23,14835.66,2024-09-01
198,Senior,16871.07,3067.4,4386.86,13803.67,2287.94,11515.72,43.62,21301.54,2024-09-01
199,Senior,11357.03,2678.97,4191.72,8678.06,1523.05,7155.02,15.1,15563.85,2024-09-01
200,Senior,14047.46,3172.93,4338.53,10874.53,1702.23,9172.3,39.16,18425.15,2024-09-01
201,Senior,13099.78,2596.01,4717.85,10503.78,1494.53,9009.25,78.82,17896.46,2024-09-01
202,Senior,12186.9,2635.54,3326.32,9551.36,1433.93,8117.43,140.12,15653.34,2024-09-01
203,Senior,7069.25,1292.72,2170.64,5776.53,887.66,4888.87,48.61,9288.51,2024-09-01
204,Senior,5817.89,1286.41,2031.8,4531.48,571.87,3959.61,119.32,7969.0,2024-09-01
205,Senior,9665.64,1871.07,3927.45,7794.56,1293.57,6501.0,71.14,13664.22,2024-09-01
206,Senior,9760.95,2222.03,3903.2,7538.92,1231.52,6307.39,91.46,13755.61,2024-09-01
207,Senior,15162.28,3154.39,4172.95,12007.88,1886.57,10121.31,78.49,19413.71,2024-09-01
208,Senior,10855.45,2083.6,4330.54,8771.84,1525.77,7246.08,52.58,15238.56,2024-09-01
209,Senior,14998.31,3326.43,4961.61,11671.87,2050.14,9621.73,14.94,19974.85,2024-09-01
210,Senior,13531.93,2762.62,3862.63,10769.31,1732.25,9037.06,27.11,17421.67,2024-09-01
211,Senior,12416.86,2309.89,4112.15,10106.97,1529.42,8577.55,44.89,16573.89,2024-09-01
212,Senior,11727.18,2237.91,4581.09,9489.26,1535.2,7954.07,67.27,16375.54,2024-09-01
213,Senior,20033.68,4665.98,7925.69,15367.69,2650.32,12717.37,50.18,28009.55,2024-09-01
214,Senior,12273.66,2668.41,3767.66,9605.25,1675.88,7929.37,49.08,16090.4,2024-09-01
215,Senior,12820.33,2856.48,5249.18,9963.85,1406.7,8557.15,34.38,18103.89,2024-09-01
216,Senior,9863.44,1942.51,3655.81,7920.93,1398.22,6522.71,74.6,13593.85,2024-09-01
217,Senior,13824.72,3014.54,3552.04,10810.17,1900.33,8909.84,134.93,17511.69,2024-09-01
218,Senior,11385.59,2523.0,3117.98,8862.58,1575.31,7287.27,27.98,14531.54,2024-09-01
219,Senior,9002.43,2091.53,3531.22,6910.9,997.18,5913.72,114.63,12648.28,2024-09-01
220,Senior,14098.98,2996.46,3962.62,11102.53,1858.47,9244.06,16.35,18077.96,2024-09-01
221,Senior,9563.23,2230.61,3462.57,7332.62,1148.6,6184.01,86.53,13112.34,2024-09-01
222,Senior,13985.62,2621.48,5233.87,11364.15,1608.84,9755.31,147.94,19367.44,2024-09-01
223,Senior,9742.29,2053.5,3362.22,7688.79,1090.36,6598.43,139.89,13244.4,2024-09-01
224,Senior,6746.37,1497.64,1893.03,5248.73,827.4,4421.34,39.8,8679.2,2024-09-01
225,Manager,51243.41,9696.64,12912.63,41546.77,7360.73,34186.05,65.42,64221.47,2024-09-01
226,Manager,46018.74,9899.82,14657.54,36118.92,6028.04,30090.88,23.81,60700.09,2024-09-01
227,Manager,18418.1,4339.27,5703.85,14078.83,2295.1,11783.73,13.83,24135.79,2024-09-01
228,Manager,35334.71,7243.37,9494.24,28091.33,4845.09,23246.25,39.31,44868.26,2024-09-01
229,Manager,34625.62,8108.65,11324.53,26516.97,4402.58,22114.39,41.99,45992.14,2024-09-01
230,Manager,46509.88,9023.59,14566.29,37486.29,5792.62,31693.67,87.46,61163.63,2024-09-01
231,Manager,49014.66,9624.71,20391.63,39389.95,6109.8,33280.15,43.8,69450.09,2024-09-01
232,Manager,40080.23,9046.62,10701.46,31033.61,5253.2,25780.4,98.87,50880.56,2024-09-01
233,Manager,37957.78,8051.72,10246.0,29906.06,4507.05,25399.01,89.76,48293.54,2024-09-01
234,Manager,52582.08,11893.94,16592.61,40688.15,6239.13,34449.01,94.08,69268.77,2024-09-01
235,Manager,50025.75,10406.99,20432.36,39618.77,6676.4,32942.36,114.31,70572.43,2024-09-01
236,Manager,29672.15,6770.09,11063.68,22902.06,3252.95,19649.11,46.52,40782.35,2024-09-01
237,Manager,42451.68,8820.62,12745.24,33631.07,5736.9,27894.17,49.33,55246.25,2024-09-01
238,Manager,48415.26,9048.59,14454.93,39366.67,6502.56,32864.12,23.74,62893.93,2024-09-01
239,Manager,24689.94,4780.29,9088.87,19909.64,3269.09,16640.55,21.49,33800.3,2024-09-01
240,Manager,34906.72,7061.84,11758.61,27844.88,4652.84,23192.04,63.27,46728.6,2024-09-01
241,Manager,44942.76,8525.87,12129.75,36416.9,5286.65,31130.25,15.34,57087.85,2024-09-01
242,Manager,30813.08,6053.39,12421.64,24759.69,4136.19,20623.5,12.05,43246.77,2024-09-01
243,Manager,30304.82,7240.16,11568.03,23064.66,3551.65,19513.01,12.65,41885.5,2024-09-01
244,Manager,31638.93,5895.09,12973.67,25743.84,3935.18,21808.65,148.62,44761.22,2024-09-01
245,Manager,49961.23,10877.85,15553.75,39083.38,6955.91,32127.47,68.29,65583.27,2024-09-01
246,Manager,42487.24,7737.45,10771.87,34749.8,4972.39,29777.4,70.31,53329.43,2024-09-01
247,Manager,46665.54,10445.26,16640.62,36220.28,5905.99,30314.29,81.19,63387.34,2024-09-01
248,Manager,19743.65,4479.91,5360.21,15263.75,2344.9,12918.85,34.65,25138.51,2024-09-01
249,Manager,45454.51,9425.63,18126.19,36028.88,5052.04,30976.84,100.11,63680.81,2024-09-01
1,Intern,997.67,220.91,311.62,776.76,0.0,776.76,104.04,1413.33,2024-10-01
2,Intern,724.28,171.94,265.55,552.34,0.0,552.34,31.08,1020.91,2024-10-01
3,Intern,725.06,158.18,263.03,566.89,0.0,566.89,3.67,991.76,2024-10-01
4,Intern,852.3,172.73,253.13,679.58,0.0,679.58,14.82,1120.26,2024-10-01
5,Intern,651.45,128.22,196.96,523.24,0.0,523.24,32.37,880.79,2024-10-01
6,Intern,694.91,134.29,201.26,560.62,0.0,560.62,95.95,992.12,2024-10-01
7,Intern,489.06,95.03,196.72,394.03,0.0,394.03,8.7,694.48,2024-10-01
8,Intern,927.8,217.24,272.15,710.56,0.0,710.56,149.46,1349.41,2024-10-01
9,Intern,715.69,142.27,206.16,573.42,0.0,573.42,9.82,931.67,2024-10-01
10,Intern,822.81,158.93,290.15,663.88,0.0,663.88,137.82,1250.77,2024-10-01
11,Intern,759.95,176.72,212.4,583.23,0.0,583.23,137.96,1110.3,2024-10-01
12,Intern,482.91,103.17,120.77,379.73,0.0,379.73,39.3,642.97,2024-10-01
13,Junior,2446.4,499.42,717.1,1946.98,115.91,1831.07,56.5,3220.0,2024-10-01
14,Junior,3142.96,579.17,1132.16,2563.79,259.26,2304.53,1.01,4276.13,2024-10-01
15,Junior,2231.88,477.19,879.6,1754.7,56.66,1698.04,93.01,3204.5,2024-10-01
16,Junior,5025.97,974.68,1361.03,4051.29,558.11,3493.18,89.1,6476.11,2024-10-01
17,Junior,3338.07,717.0,1361.22,2621.06,257.74,2363.33,45.36,4744.64,2024-10-01
18,Junior,3112.83,651.77,1279.54,2461.06,121.96,2339.1,96.52,4488.89,2024-10-01
19,Junior,5235.99,1102.94,1417.16,4133.05,547.76,3585.3,48.12,6701.26,2024-10-01
20,Junior,3853.69,852.63,1302.78,3001.06,300.82,2700.24,16.58,5173.06,2024-10-01
21,Junior,4156.27,920.15,1181.15,3236.12,263.22,2972.9,136.5,5473.92,2024-10-01
22,Junior,3182.86,723.7,875.92,2459.16,140.07,2319.09,55.04,4113.82,2024-10-01
23,Junior,5146.76,1075.77,1887.39,4070.99,541.94,3529.05,113.05,7147.2,2024-10-01
24,Junior,3860.2,886.4,1068.28,2973.8,309.94,2663.87,146.92,5075.4,2024-10-01
25,Junior,3844.93,721.94,1466.29,3122.99,261.94,2861.05,125.32,5436.54,2024-10-01
26,Junior,2815.63,554.76,984.49,2260.87,70.06,2190.81,14.32,3814.44,2024-10-01
27,Junior,4564.08,919.86,1814.72,3644.22,487.34,3156.88,134.15,6512.95,2024-10-01
28,Junior,3437.1,729.67,1243.91,2707.42,244.21,2463.22,59.6,4740.6,2024-10-01
29,Junior,3511.06,690.48,1282.98,2820.58,295.0,2525.59,16.59,4810.63,2024-10-01
30,Junior,4222.59,965.62,1577.31,3256.96,319.56,2937.41,95.72,5895.61,2024-10-01
31,Junior,3397.79,765.76,867.48,2632.03,267.69,2364.34,52.19,4317.46,2024-10-01
32,Junior,2076.7,380.94,535.92,1695.75,71.28,1624.47,40.26,2652.88,2024-10-01
33,Junior,4725.49,1113.76,1476.78,3611.72,404.23,3207.5,92.92,6295.19,2024-10-01
34,Junior,2282.49,423.28,607.77,1859.22,63.68,1795.53,119.66,3009.92,2024-10-01
35,Junior,3445.76,683.53,1279.63,2762.23,207.86,2554.38,77.22,4802.61,2024-10-01
36,Junior,4004.36,928.15,1303.33,3076.21,294.55,2781.66,29.47,5337.17,2024-10-01
37,Junior,2309.5,425.21,588.05,1884.28,122.82,1761.46,108.07,3005.61,2024-10-01
38,Junior,3453.3,635.81,1449.47,2817.49,219.88,2597.61,79.39,4982.16,2024-10-01
39,Junior,3888.12,739.06,1415.78,3149.06,242.3,2906.76,27.35,5331.25,2024-10-01
40,Junior,3973.14,921.93,1349.44,3051.22,227.69,2823.53,81.22,5403.8,2024-10-01
41,Junior,4423.77,894.22,1624.7,3529.55,458.68,3070.88,72.97,6121.44,2024-10-01
42,Junior,3024.02,569.6,829.59,2454.42,145.77,2308.65,95.33,3948.93,2024-10-01
43,Junior,1976.56,430.08,522.11,1546.48,60.15,1486.34,149.42,2648.09,2024-10-01
44,Junior,1878.89,449.99,571.01,1428.9,0.0,1428.9,80.98,2530.87,2024-10-01
45,Junior,3444.17,675.31,1032.85,2768.87,283.59,2485.28,16.76,4493.78,2024-10-01
46,Junior,2775.02,526.32,739.34,2248.7,83.06,2165.64,124.72,3639.08,2024-10-01
47,Junior,4407.69,897.33,1565.95,3510.36,392.39,3117.97,108.2,6081.83,2024-10-01
48,Junior,3846.53,857.71,1447.27,2988.82,241.42,2747.4,16.93,5310.73,2024-10-01
49,Junior,3232.59,763.59,1049.82,2469.0,162.97,2306.03,66.87,4349.28,2024-10-01
50,Junior,2747.08,642.17,864.35,2104.91,108.16,1996.75,137.87,3749.31,2024-10-01
51,Junior,3207.79,749.45,1221.26,2458.34,155.29,2303.05,57.11,4486.16,2024-10-01
52,Junior,3909.69,861.61,1035.84,3048.09,305.42,2742.67,149.58,5095.12,2024-10-01
53,Junior,1984.51,469.28,546.0,1515.23,85.65,1429.58,58.65,2589.16,2024-10-01
54,Junior,3693.34,711.98,1028.18,2981.35,320.71,2660.65,43.13,4764.65,2024-10-01
55,Junior,2855.65,612.07,788.51,2243.58,98.23,2145.35,22.03,3666.19,2024-10-01
56,Junior,3820.42,713.84,1000.85,3106.58,314.2,2792.39,23.62,4844.9,2024-10-01
57,Junior,2813.9,573.3,782.04,2240.6,69.02,2171.58,29.56,3625.51,2024-10-01
58,Junior,3856.13,849.31,1220.08,3006.82,285.09,2721.73,118.7,5194.91,2024-10-01
59,Junior,2709.3,586.87,755.51,2122.43,74.64,2047.79,21.11,3485.92,2024-10-01
60,Junior,3226.66,590.83,1038.9,2635.83,201.11,2434.72,112.92,4378.48,2024-10-01
61,Junior,4346.11,980.11,1592.72,3366.0,257.6,3108.4,77.33,6016.16,2024-10-01
62,Junior,4764.04,949.1,1309.77,3814.94,421.18,3393.77,81.41,6155.22,2024-10-01
63,Junior,4661.58,1035.51,1583.27,3626.07,505.32,3120.76,43.64,6288.49,2024-10-01
64,Junior,4999.48,1027.62,1763.73,3971.86,530.25,3441.61,127.54,6890.75,2024-10-01
65,Junior,3789.1,783.57,1034.94,3005.53,291.21,2714.32,73.88,4897.92,2024-10-01
66,Junior,3584.34,734.62,1054.07,2849.72,224.28,2625.44,10.44,4648.86,2024-10-01
67,Junior,3618.26,757.99,1276.03,2860.27,253.73,2606.54,25.53,4919.83,2024-10-01
68,Junior,2827.49,623.38,1147.56,2204.11,86.93,2117.18,20.78,3995.83,2024-10-01
69,Junior,3597.44,791.2,1274.7,2806.23,274.4,2531.83,113.21,4985.35,2024-10-01
70,Junior,4567.84,998.33,1448.49,3569.51,483.01,3086.51,7.82,6024.15,2024-10-01
71,Junior,3369.2,705.68,1226.75,2663.52,223.72,2439.8,63.76,4659.71,2024-10-01
72,Junior,2820.73,618.72,1023.91,2202.01,105.56,2096.45,16.15,3860.79,2024-10-01
73,Junior,3083.84,565.14,973.53,2518.7,232.35,2286.35,6.81,4064.18,2024-10-01
74,Junior,3006.53,669.08,1033.96,2337.45,157.57,2179.88,84.23,4124.71,2024-10-01
75,Mid-Level,4433.71,922.2,1229.83,3511.52,429.97,3081.55,95.7,5759.24,2024-10-01
76,Mid-Level,8024.06,1522.3,2338.09,6501.76,1095.19,5406.57,79.86,10442.02,2024-10-01
77,Mid-Level,8994.49,1901.47,3082.27,7093.02,1248.76,5844.26,106.32,12183.08,2024-10-01
78,Mid-Level,5954.04,1076.83,2249.7,4877.21,586.65,4290.56,5.05,8208.79,2024-10-01
79,Mid-Level,6184.08,1394.77,1853.6,4789.32,533.45,4255.87,28.76,8066.44,2024-10-01
80,Mid-Level,3192.21,578.06,1319.82,2614.15,278.4,2335.75,32.8,4544.84,2024-10-01
81,Mid-Level,9602.33,1850.93,3963.0,7751.4,1368.6,6382.8,103.47,13668.81,2024-10-01
82,Mid-Level,4486.32,828.56,1142.42,3657.76,469.13,3188.64,83.64,5712.38,2024-10-01
83,Mid-Level,7309.71,1598.9,2232.78,5710.81,815.98,4894.83,44.33,9586.82,2024-10-01
84,Mid-Level,5050.53,913.95,1987.41,4136.58,548.75,3587.83,101.95,7139.88,2024-10-01
85,Mid-Level,6326.46,1374.48,1837.64,4951.98,612.5,4339.48,58.36,8222.45,2024-10-01
86,Mid-Level,4933.73,1012.32,1458.39,3921.41,466.6,3454.81,47.29,6439.41,2024-10-01
87,Mid-Level,4677.32,1118.31,1494.87,3559.01,480.1,3078.91,22.14,6194.32,2024-10-01
88,Mid-Level,4478.53,1066.88,1857.92,3411.65,290.76,3120.89,13.05,6349.5,2024-10-01
89,Mid-Level,6469.36,1546.29,2201.33,4923.08,567.09,4355.98,19.7,8690.39,2024-10-01
90,Mid-Level,5050.84,969.95,2017.51,4080.88,507.22,3573.67,86.87,7155.22,2024-10-01
91,Mid-Level,6772.57,1614.08,2126.8,5158.49,897.46,4261.03,137.65,9037.02,2024-10-01
92,Mid-Level,6578.02,1425.3,1788.73,5152.71,758.59,4394.12,36.08,8402.82,2024-10-01
93,Mid-Level,8999.62,2095.3,2963.0,6904.33,1124.46,5779.86,81.62,12044.25,2024-10-01
94,Mid-Level,8164.35,1494.69,2575.22,6669.67,1040.81,5628.86,24.19,10763.76,2024-10-01
95,Mid-Level,4467.02,862.71,1747.09,3604.31,397.74,3206.57,66.66,6280.77,2024-10-01
96,Mid-Level,8385.21,1868.64,3437.16,6516.57,961.05,5555.51,58.31,11880.67,2024-10-01
97,Mid-Level,6344.96,1319.36,2417.19,5025.6,750.96,4274.64,66.86,8829.01,2024-10-01
98,Mid-Level,8309.22,1571.37,3173.22,6737.86,1056.14,5681.72,112.81,11595.25,2024-10-01
99,Mid-Level,6303.35,1369.49,1893.81,4933.86,545.81,4388.05,6.3,8203.46,2024-10-01
100,Mid-Level,9199.77,2191.72,3603.58,7008.04,1180.71,5827.33,32.6,12835.94,2024-10-01
101,Mid-Level,6538.08,1441.56,2036.85,5096.52,872.54,4223.98,45.62,8620.55,2024-10-01
102,Mid-Level,6672.5,1245.05,2548.38,5427.45,863.75,4563.7,86.1,9306.97,2024-10-01
103,Mid-Level,6722.3,1590.6,2579.12,5131.7,763.73,4367.97,116.57,9417.98,2024-10-01
104,Mid-Level,7821.62,1444.97,2324.7,6376.65,1094.32,5282.33,36.05,10182.37,2024-10-01
105,Mid-Level,5522.64,1301.69,1511.15,4220.95,506.93,3714.02,48.37,7082.16,2024-10-01
106,Mid-Level,6612.61,1400.63,1918.5,5211.98,784.65,4427.34,109.43,8640.55,2024-10-01
107,Mid-Level,8886.34,1712.59,2419.61,7173.75,1100.13,6073.61,6.44,11312.4,2024-10-01
108,Mid-Level,7292.22,1457.44,2242.4,5834.78,909.88,4924.9,126.14,9660.76,2024-10-01
109,Mid-Level,4908.85,928.12,1262.63,3980.73,440.57,3540.16,55.52,6227.0,2024-10-01
110,Mid-Level,6028.25,1442.63,1656.73,4585.62,519.92,4065.71,0.91,7685.89,2024-10-01
111,Mid-Level,5957.37,1107.38,1786.46,4849.99,586.94,4263.05,141.98,7885.81,2024-10-01
112,Mid-Level,8057.08,1657.5,3213.6,6399.57,1006.28,5393.29,117.78,11388.45,2024-10-01
113,Mid-Level,6180.74,1214.11,2546.32,4966.63,684.81,4281.82,127.78,8854.84,2024-10-01
114,Mid-Level,8797.17,2004.56,3316.1,6792.61,1025.56,5767.04,108.63,12221.9,2024-10-01
115,Mid-Level,5643.7,1120.48,1771.52,4523.21,520.12,4003.09,86.99,7502.21,2024-10-01
116,Mid-Level,9976.0,2029.45,2501.22,7946.55,1328.64,6617.91,48.77,12526.0,2024-10-01
117,Mid-Level,9115.72,1912.85,2809.98,7202.86,1296.09,5906.77,43.76,11969.45,2024-10-01
118,Mid-Level,7044.6,1529.84,2948.96,5514.76,917.71,4597.05,85.69,10079.25,2024-10-01
119,Mid-Level,3558.16,782.67,1175.78,2775.5,283.91,2491.59,25.09,4759.04,2024-10-01
120,Mid-Level,7001.39,1389.48,2518.26,5611.91,955.55,4656.35,99.94,9619.58,2024-10-01
121,Mid-Level,8524.03,1790.87,3144.73,6733.16,1207.84,5525.32,113.97,11782.73,2024-10-01
122,Mid-Level,3913.44,854.78,1114.06,3058.65,306.94,2751.71,25.23,5052.73,2024-10-01
123,Mid-Level,7669.75,1452.04,2775.82,6217.72,885.38,5332.33,97.06,10542.64,2024-10-01
124,Mid-Level,5065.74,1117.28,1636.72,3948.46,471.52,3476.94,145.92,6848.38,2024-10-01
125,Mid-Level,4387.85,1013.32,1184.11,3374.53,289.19,3085.34,22.97,5594.93,2024-10-01
126,Mid-Level,5862.45,1196.76,1986.5,4665.69,558.51,4107.17,74.68,7923.63,2024-10-01
127,Mid-Level,6631.34,1349.13,2146.9,5282.21,763.8,4518.42,24.12,8802.36,2024-10-01
128,Mid-Level,5011.75,994.45,1483.45,4017.3,443.16,3574.14,3.09,6498.29,2024-10-01
129,Mid-Level,5142.73,1073.82,1888.11,4068.91,503.47,3565.44,113.6,7144.44,2024-10-01
130,Mid-Level,5435.57,1008.36,1658.34,4427.22,572.6,3854.62,25.02,7118.93,2024-10-01
131,Mid-Level,3816.11,791.26,1588.27,3024.85,225.66,2799.19,80.93,5485.32,2024-10-01
132,Mid-Level,5146.28,1053.81,1405.39,4092.47,548.78,3543.69,145.71,6697.38,2024-10-01
133,Mid-Level,5835.03,1216.74,1952.3,4618.28,572.67,4045.61,58.33,7845.66,2024-10-01
134,Mid-Level,5069.93,1162.12,1399.63,3907.81,516.81,3391.0,73.58,6543.14,2024-10-01
135,Mid-Level,6802.72,1615.55,2087.38,5187.17,834.29,4352.88,12.92,8903.02,2024-10-01
136,Mid-Level,6832.9,1479.71,2741.91,5353.19,937.62,4415.58,110.75,9685.56,2024-10-01
137,Mid-Level,7675.68,1618.69,3145.68,6057.0,915.63,5141.37,35.45,10856.82,2024-10-01
138,Mid-Level,7603.2,1679.38,3038.35,5923.81,988.83,4934.99,25.24,10666.79,2024-10-01
139,Mid-Level,4425.0,961.74,1820.68,3463.26,265.54,3197.72,16.71,6262.39,2024-10-01
140,Mid-Level,6452.37,1415.11,2524.5,5037.26,829.56,4207.7,97.36,9074.22,2024-10-01
141,Mid-Level,9260.44,1734.13,3059.88,7526.31,1087.66,6438.65,0.28,12320.61,2024-10-01
142,Mid-Level,6967.63,1341.16,1857.17,5626.46,825.82,4800.64,40.19,8864.98,2024-10-01
143,Mid-Level,5117.36,978.19,1337.83,4139.17,537.8,3601.37,6.16,6461.35,2024-10-01
144,Mid-Level,3526.16,692.42,1177.43,2833.74,215.94,2617.81,64.62,4768.22,2024-10-01
145,Mid-Level,5951.12,1232.07,1843.11,4719.05,569.18,4149.87,15.46,7809.69,2024-10-01
146,Mid-Level,5234.23,1178.45,1928.98,4055.78,550.43,3505.35,92.41,7255.62,2024-10-01
147,Mid-Level,8043.38,1866.81,2584.86,6176.56,1043.12,5133.45,18.06,10646.29,2024-10-01
148,Mid-Level,7112.46,1646.21,2310.84,5466.25,904.42,4561.83,81.53,9504.83,2024-10-01
149,Mid-Level,3360.36,666.96,1149.14,2693.4,236.26,2457.14,93.07,4602.57,2024-10-01
150,Mid-Level,5320.16,1139.09,1812.24,4181.07,501.12,3679.96,139.69,7272.09,2024-10-01
151,Mid-Level,6990.22,1367.86,1892.09,5622.35,920.07,4702.28,79.78,8962.09,2024-10-01
152,Mid-Level,5814.55,1177.13,1655.19,4637.42,604.5,4032.92,70.6,7540.34,2024-10-01
153,Mid-Level,8830.47,1661.66,3212.02,7168.81,1189.56,5979.24,110.64,12153.13,2024-10-01
154,Mid-Level,7976.88,1742.99,2087.62,6233.9,1011.4,5222.5,28.73,10093.23,2024-10-01
155,Mid-Level,5438.87,1003.35,1693.5,4435.52,620.05,3815.47,115.15,7247.52,2024-10-01
156,Mid-Level,6582.44,1374.88,2416.92,5207.56,838.26,4369.3,87.16,9086.51,2024-10-01
157,Mid-Level,6365.34,1511.69,1658.0,4853.65,589.12,4264.53,105.04,8128.37,2024-10-01
158,Mid-Level,5425.89,1153.43,2103.64,4272.46,559.43,3713.03,119.51,7649.04,2024-10-01
159,Mid-Level,5071.01,1078.19,1403.52,3992.83,478.31,3514.52,2.85,6477.38,2024-10-01
160,Mid-Level,3279.76,626.35,1241.86,2653.4,291.12,2362.28,16.74,4538.36,2024-10-01
161,Mid-Level,8614.02,1760.25,3047.58,6853.77,1182.49,5671.28,127.74,11789.34,2024-10-01
162,Mid-Level,4748.05,871.43,1758.45,3876.63,479.95,3396.68,84.19,6590.69,2024-10-01
163,Mid-Level,5850.8,1128.66,1686.5,4722.14,597.08,4125.06,66.91,7604.22,2024-10-01
164,Mid-Level,11601.04,2094.76,4329.64,9506.29,1573.56,7932.72,7.04,15937.72,2024-10-01
165,Mid-Level,5931.85,1116.94,2374.07,4814.91,540.35,4274.55,107.66,8413.57,2024-10-01
166,Mid-Level,8177.11,1502.64,2487.78,6674.47,1197.36,5477.11,54.05,10718.94,2024-10-01
167,Mid-Level,6118.52,1458.36,2124.97,4660.16,594.82,4065.34,62.39,8305.88,2024-10-01
168,Mid-Level,6518.57,1557.45,1870.19,4961.11,635.99,4325.13,41.21,8429.96,2024-10-01
169,Mid-Level,5040.36,1125.0,1470.76,3915.36,431.74,3483.62,16.11,6527.22,2024-10-01
170,Mid-Level,3984.89,831.25,1372.12,3153.64,255.74,2897.9,102.04,5459.05,2024-10-01
171,Mid-Level,8612.52,1806.18,3327.18,6806.34,1041.33,5765.01,92.39,12032.08,2024-10-01
172,Mid-Level,10605.72,2085.67,3560.93,8520.05,1512.91,7007.14,4.82,14171.47,2024-10-01
173,Mid-Level,6597.89,1517.64,1841.53,5080.25,892.16,4188.09,56.64,8496.06,2024-10-01
174,Mid-Level,8205.87,1934.31,3201.66,6271.56,881.32,5390.24,65.74,11473.27,2024-10-01
175,Senior,11631.16,2228.62,3208.15,9402.54,1336.44,8066.09,93.91,14933.22,2024-10-01
176,Senior,11703.29,2702.47,3207.1,9000.82,1519.86,7480.96,36.83,14947.23,2024-10-01
177,Senior,14008.1,2586.09,4944.33,11422.0,1995.11,9426.9,89.25,19041.68,2024-10-01
178,Senior,13231.49,2929.4,3848.98,10302.09,1735.93,8566.16,31.68,17112.15,2024-10-01
179,Senior,15810.96,3641.24,4762.14,12169.73,1722.59,10447.13,8.19,20581.3,2024-10-01
180,Senior,11805.09,2301.07,3197.26,9504.02,1513.97,7990.04,0.46,15002.8,2024-10-01
181,Senior,18032.86,3374.8,6068.59,14658.06,2172.71,12485.35,121.15,24222.6,2024-10-01
182,Senior,9418.12,2168.06,3538.14,7250.06,1019.15,6230.91,21.6,12977.86,2024-10-01
183,Senior,11057.92,2271.5,3672.65,8786.41,1235.1,7551.31,75.79,14806.36,2024-10-01
184,Senior,12567.33,2448.9,4501.11,10118.43,1542.52,8575.91,139.59,17208.03,2024-10-01
185,Senior,12860.0,2739.22,3284.83,10120.78,1545.33,8575.45,97.1,16241.94,2024-10-01
186,Senior,12925.61,2435.94,3674.07,10489.67,1604.46,8885.21,96.42,16696.1,2024-10-01
187,Senior,16167.44,3595.08,4193.84,12572.36,2109.97,10462.4,145.01,20506.29,2024-10-01
188,Senior,5545.12,1190.09,1992.47,4355.03,605.73,3749.3,145.87,7683.46,2024-10-01
189,Senior,12008.23,2581.92,3740.93,9426.31,1637.42,7788.89,16.34,15765.5,2024-10-01
190,Senior,8563.06,1625.0,3251.65,6938.06,1171.16,5766.89,15.07,11829.77,2024-10-01
191,Senior,7502.65,1667.03,2445.86,5835.62,876.79,4958.83,8.6,9957.11,2024-10-01
192,Senior,16307.08,3890.98,4101.68,12416.11,2198.08,10218.03,69.08,20477.84,2024-10-01
193,Senior,21335.03,4162.36,8034.65,17172.66,3058.37,14114.29,113.5,29483.18,2024-10-01
194,Senior,13578.46,2819.26,5451.93,10759.21,1790.59,8968.61,84.53,19114.92,2024-10-01
195,Senior,15019.69,3277.41,5216.15,11742.29,1900.32,9841.97,121.21,20357.06,2024-10-01
196,Senior,7585.4,1400.29,2900.29,6185.11,1016.48,5168.63,31.67,10517.36,2024-10-01
197,Senior,13265.95,3115.98,3746.26,10149.97,1774.56,8375.41,38.96,17051.17,2024-10-01
198,Senior,16903.07,3697.34,6636.66,13205.73,2108.41,11097.32,63.48,23603.21,2024-10-01
199,Senior,11406.46,2711.47,4189.28,8694.99,1393.65,7301.34,9.15,15604.89,2024-10-01
200,Senior,14108.86,2631.55,4870.49,11477.3,1986.27,9491.03,62.77,19042.11,2024-10-01
201,Senior,13078.23,3072.12,3400.92,10006.11,1451.83,8554.29,99.25,16578.4,2024-10-01
202,Senior,12160.77,2739.05,4622.53,9421.72,1549.88,7871.84,104.19,16887.49,2024-10-01
203,Senior,7076.89,1393.84,2786.83,5683.05,863.79,4819.26,139.98,10003.71,2024-10-01
204,Senior,5886.16,1134.19,1636.01,4751.97,560.01,4191.96,124.41,7646.58,2024-10-01
205,Senior,10480.92,1887.93,2775.15,8592.99,1501.7,7091.3,5.41,13261.48,2024-10-01
206,Senior,12103.91,2516.89,4816.64,9587.02,1518.15,8068.87,125.07,17045.62,2024-10-01
207,Senior,15250.03,2775.73,4406.66,12474.3,1922.09,10552.2,25.75,19682.44,2024-10-01
208,Senior,12194.06,2223.09,3799.55,9970.97,1478.51,8492.46,44.92,16038.52,2024-10-01
209,Senior,14935.34,3066.56,5119.15,11868.78,2011.57,9857.21,51.92,20106.4,2024-10-01
210,Senior,15358.15,3598.29,5314.96,11759.86,1671.26,10088.6,24.99,20698.1,2024-10-01
211,Senior,12367.36,2957.59,3321.26,9409.77,1553.97,7855.81,109.84,15798.46,2024-10-01
212,Senior,11792.35,2723.14,2985.23,9069.21,1487.9,7581.31,55.89,14833.47,2024-10-01
213,Senior,20142.48,4810.98,5595.61,15331.5,2297.48,13034.02,82.52,25820.62,2024-10-01
214,Senior,13841.6,2557.03,4671.26,11284.57,1756.22,9528.35,69.61,18582.47,2024-10-01
215,Senior,12750.79,3002.86,4876.62,9747.93,1655.19,8092.74,52.93,17680.34,2024-10-01
216,Senior,9705.5,2034.77,2454.15,7670.74,1109.92,6560.82,87.66,12247.32,2024-10-01
217,Senior,14860.08,3325.55,3771.72,11534.53,1944.02,9590.51,13.78,18645.57,2024-10-01
218,Senior,11369.4,2510.27,3307.69,8859.13,1510.59,7348.54,110.87,14787.96,2024-10-01
219,Senior,8986.39,2099.94,3679.52,6886.46,1029.86,5856.6,4.2,12670.11,2024-10-01
220,Senior,14176.79,2565.16,4523.72,11611.63,1691.14,9920.49,36.79,18737.3,2024-10-01
221,Senior,9566.14,1928.94,3533.78,7637.2,1341.51,6295.68,125.08,13225.01,2024-10-01
222,Senior,13977.39,2702.5,3528.81,11274.89,1851.91,9422.97,31.14,17537.34,2024-10-01
223,Senior,9699.74,2180.41,2788.84,7519.33,1123.61,6395.72,132.68,12621.26,2024-10-01
224,Senior,8644.71,1743.35,3210.89,6901.36,1062.62,5838.74,106.55,11962.15,2024-10-01
225,Manager,56593.95,13537.82,19832.57,43056.13,6196.42,36859.71,113.26,76539.78,2024-10-01
226,Manager,49248.94,11257.35,18862.55,37991.58,6181.89,31809.69,8.88,68120.37,2024-10-01
227,Manager,18407.29,4008.71,4778.3,14398.58,2575.43,11823.15,79.95,23265.54,2024-10-01
228,Manager,35442.77,8230.09,12748.42,27212.69,4334.69,22878.0,101.23,48292.42,2024-10-01
229,Manager,34707.86,8265.09,9350.75,26442.77,3734.26,22708.52,99.15,44157.76,2024-10-01
230,Manager,46577.2,10043.25,18228.44,36533.96,6185.09,30348.86,48.16,64853.81,2024-10-01
231,Manager,49037.7,9203.61,13364.72,39834.09,6160.01,33674.08,41.43,62443.85,2024-10-01
232,Manager,40204.51,8195.08,16424.22,32009.43,4508.65,27500.78,91.79,56720.52,2024-10-01
233,Manager,42895.48,10110.62,15213.57,32784.85,5317.1,27467.75,141.44,58250.48,2024-10-01
234,Manager,52565.88,10380.88,22003.75,42185.0,6489.29,35695.71,62.34,74631.96,2024-10-01
235,Manager,51529.17,11970.44,21163.1,39558.73,6513.98,33044.76,68.41,72760.68,2024-10-01
236,Manager,29791.53,5475.93,7698.47,24315.6,3834.47,20481.13,2.88,37492.88,2024-10-01
237,Manager,42318.13,9769.29,12949.26,32548.83,4682.83,27866.0,113.55,55380.94,2024-10-01
238,Manager,54202.68,10913.32,14153.21,43289.36,6394.74,36894.62,67.23,68423.12,2024-10-01
239,Manager,25893.45,6117.65,6665.91,19775.8,3085.86,16689.95,145.91,32705.27,2024-10-01
240,Manager,35028.41,7166.69,12762.67,27861.71,4441.11,23420.6,128.1,47919.18,2024-10-01
241,Manager,44949.07,10273.6,16268.79,34675.47,5051.47,29624.0,141.7,61359.56,2024-10-01
242,Manager,37246.17,8054.04,13749.16,29192.14,5091.53,24100.61,100.94,51096.27,2024-10-01
243,Manager,30277.75,5638.51,11542.73,24639.25,3533.98,21105.27,77.5,41897.98,2024-10-01
244,Manager,31674.71,7135.89,9995.39,24538.82,3824.22,20714.6,69.47,41739.57,2024-10-01
245,Manager,49943.98,9916.27,17862.94,40027.71,7174.85,32852.86,1.34,67808.27,2024-10-01
246,Manager,43694.71,8310.9,14248.96,35383.81,5624.31,29759.5,145.45,58089.12,2024-10-01
247,Manager,51925.44,10278.88,18381.37,41646.56,6641.68,35004.88,16.42,70323.23,2024-10-01
248,Manager,19661.92,4669.62,7228.4,14992.3,2439.97,12552.33,59.37,26949.69,2024-10-01
249,Manager,47285.82,8783.9,12262.43,38501.92,5499.11,33002.81,59.1,59607.35,2024-10-01
1,Intern,995.37,207.22,362.33,788.15,0.0,788.15,69.27,1426.97,2024-11-01
2,Intern,733.78,160.98,261.94,572.8,0.0,572.8,18.37,1014.09,2024-11-01
3,Intern,720.72,137.31,256.02,583.41,0.0,583.41,16.57,993.31,2024-11-01
4,Intern,837.74,169.24,269.08,668.5,0.0,668.5,135.27,1242.09,2024-11-01
5,Intern,634.49,121.92,168.23,512.57,0.0,512.57,93.14,895.86,2024-11-01
6,Intern,707.2,144.99,265.03,562.21,0.0,562.21,17.04,989.27,2024-11-01
7,Intern,479.31,89.81,174.12,389.5,0.0,389.5,26.18,679.61,2024-11-01
8,Intern,941.47,189.15,340.85,752.32,0.0,752.32,67.89,1350.21,2024-11-01
9,Intern,749.59,160.39,262.25,589.2,0.0,589.2,129.08,1140.92,2024-11-01
10,Intern,848.44,190.54,307.78,657.9,0.0,657.9,71.76,1227.98,2024-11-01
11,Intern,787.13,176.08,290.66,611.05,0.0,611.05,134.2,1211.99,2024-11-01
12,Intern,489.12,100.7,137.74,388.41,0.0,388.41,8.55,635.4,2024-11-01
13,Junior,2461.07,511.69,736.27,1949.38,118.52,1830.86,80.39,3277.73,2024-11-01
14,Junior,3155.98,737.14,1178.84,2418.84,115.55,2303.29,114.65,4449.47,2024-11-01
15,Junior,2335.45,541.47,812.49,1793.98,119.95,1674.02,2.24,3150.18,2024-11-01
16,Junior,5107.38,947.0,1427.19,4160.39,481.58,3678.81,121.29,6655.87,2024-11-01
17,Junior,3338.52,674.12,1316.28,2664.39,254.32,2410.07,141.19,4795.99,2024-11-01
18,Junior,3121.45,567.66,983.33,2553.8,202.65,2351.14,67.55,4172.34,2024-11-01
19,Junior,5272.37,1181.76,2050.19,4090.61,519.68,3570.93,77.11,7399.66,2024-11-01
20,Junior,3861.06,893.73,1413.56,2967.33,233.7,2733.64,122.44,5397.06,2024-11-01
21,Junior,4186.02,769.73,1581.05,3416.3,357.31,3058.98,119.54,5886.61,2024-11-01
22,Junior,3166.22,586.81,1308.9,2579.41,258.63,2320.78,91.33,4566.45,2024-11-01
23,Junior,5238.7,1124.29,2076.46,4114.41,479.11,3635.3,62.13,7377.28,2024-11-01
24,Junior,3880.15,839.09,1305.34,3041.06,300.95,2740.11,32.04,5217.53,2024-11-01
25,Junior,3837.94,841.42,1273.52,2996.52,235.22,2761.3,52.13,5163.59,2024-11-01
26,Junior,2872.85,682.61,1206.05,2190.24,117.3,2072.94,10.41,4089.31,2024-11-01
27,Junior,4958.0,1109.48,1281.63,3848.51,461.3,3387.21,41.42,6281.05,2024-11-01
28,Junior,3468.24,760.38,1191.2,2707.86,253.3,2454.56,119.41,4778.85,2024-11-01
29,Junior,3454.11,660.72,1044.43,2793.39,253.35,2540.04,18.87,4517.41,2024-11-01
30,Junior,4223.17,950.27,1520.5,3272.9,282.54,2990.36,80.9,5824.57,2024-11-01
31,Junior,3439.33,645.16,1038.51,2794.17,221.31,2572.86,139.62,4617.46,2024-11-01
32,Junior,2096.66,377.6,550.56,1719.06,54.8,1664.27,34.62,2681.84,2024-11-01
33,Junior,4742.5,950.32,1299.26,3792.18,514.41,3277.76,125.83,6167.59,2024-11-01
34,Junior,2298.83,488.21,684.34,1810.62,65.16,1745.46,7.61,2990.77,2024-11-01
35,Junior,3461.08,740.13,970.5,2720.95,296.94,2424.01,109.18,4540.76,2024-11-01
36,Junior,4062.26,813.9,1514.89,3248.36,344.92,2903.43,12.76,5589.91,2024-11-01
37,Junior,2265.64,486.32,595.88,1779.32,53.68,1725.64,2.29,2863.81,2024-11-01
38,Junior,3470.26,716.34,1311.23,2753.92,210.69,2543.23,41.81,4823.3,2024-11-01
39,Junior,3915.82,749.9,1624.46,3165.92,243.88,2922.04,144.87,5685.15,2024-11-01
40,Junior,4013.69,832.65,1232.62,3181.04,346.48,2834.56,101.32,5347.63,2024-11-01
41,Junior,4959.94,1091.47,1288.58,3868.47,454.03,3414.44,129.28,6377.8,2024-11-01
42,Junior,3031.66,679.01,869.8,2352.65,72.63,2280.03,2.78,3904.25,2024-11-01
43,Junior,1963.15,440.01,788.37,1523.14,95.9,1427.24,135.27,2886.79,2024-11-01
44,Junior,1888.77,392.05,760.65,1496.71,0.0,1496.71,104.57,2753.99,2024-11-01
45,Junior,3734.79,754.85,1464.54,2979.95,246.85,2733.1,80.43,5279.76,2024-11-01
46,Junior,2781.02,510.41,834.84,2270.61,81.22,2189.39,111.05,3726.91,2024-11-01
47,Junior,4438.57,880.75,1490.72,3557.81,447.19,3110.63,46.05,5975.33,2024-11-01
48,Junior,3882.9,858.41,1105.56,3024.49,303.88,2720.6,68.22,5056.68,2024-11-01
49,Junior,3301.75,766.06,1190.44,2535.69,257.05,2278.64,134.81,4627.0,2024-11-01
50,Junior,3365.07,738.33,1024.07,2626.74,191.48,2435.26,37.09,4426.24,2024-11-01
51,Junior,3200.94,580.59,1203.78,2620.35,244.47,2375.88,3.85,4408.57,2024-11-01
52,Junior,3911.38,888.71,1034.63,3022.67,220.62,2802.05,17.94,4963.95,2024-11-01
53,Junior,1952.6,367.08,544.99,1585.52,99.13,1486.39,19.91,2517.5,2024-11-01
54,Junior,3727.45,842.87,1059.42,2884.57,242.4,2642.18,110.31,4897.17,2024-11-01
55,Junior,2869.25,546.33,1199.11,2322.91,105.42,2217.5,103.31,4171.67,2024-11-01
56,Junior,3795.73,807.71,1489.27,2988.01,235.14,2752.87,20.3,5305.29,2024-11-01
57,Junior,2831.19,614.18,738.43,2217.01,139.25,2077.76,63.39,3633.01,2024-11-01
58,Junior,3898.92,729.69,1464.26,3169.23,296.21,2873.02,49.7,5412.89,2024-11-01
59,Junior,2751.28,499.68,1127.24,2251.6,101.61,2149.99,14.33,3892.85,2024-11-01
60,Junior,3201.54,577.93,1062.75,2623.61,211.49,2412.12,115.7,4379.99,2024-11-01
61,Junior,4342.46,922.21,1467.47,3420.25,306.8,3113.45,5.94,5815.87,2024-11-01
62,Junior,4812.47,1046.86,1733.39,3765.61,480.72,3284.89,78.63,6624.5,2024-11-01
63,Junior,4622.17,1099.06,1368.47,3523.11,488.19,3034.92,50.23,6040.86,2024-11-01
64,Junior,4969.9,1104.13,1712.13,3865.77,480.07,3385.7,121.82,6803.86,2024-11-01
65,Junior,3742.21,823.03,1023.76,2919.18,232.94,2686.23,143.71,4909.69,2024-11-01
66,Junior,3627.1,734.55,1467.07,2892.55,300.5,2592.05,89.47,5183.64,2024-11-01
67,Junior,3638.49,803.12,1030.77,2835.36,270.35,2565.01,114.67,4783.93,2024-11-01
68,Junior,2871.2,542.03,1127.52,2329.17,111.07,2218.1,87.47,4086.19,2024-11-01
69,Junior,3686.31,863.1,1302.28,2823.21,268.86,2554.34,123.0,5111.59,2024-11-01
70,Junior,4541.34,1044.93,1320.57,3496.41,381.08,3115.33,1.68,5863.59,2024-11-01
71,Junior,3374.32,752.56,1012.97,2621.76,184.15,2437.61,93.07,4480.36,2024-11-01
72,Junior,2790.98,630.88,724.11,2160.1,107.1,2053.01,111.55,3626.64,2024-11-01
73,Junior,3086.61,565.7,1287.83,2520.91,225.96,2294.95,93.83,4468.27,2024-11-01
74,Junior,3018.31,681.96,988.21,2336.34,122.53,2213.81,51.04,4057.55,2024-11-01
75,Mid-Level,4511.77,924.62,1648.39,3587.15,498.94,3088.21,91.42,6251.59,2024-11-01
76,Mid-Level,8023.33,1635.08,2263.06,6388.25,1086.0,5302.25,82.01,10368.4,2024-11-01
77,Mid-Level,9035.33,1832.71,3090.84,7202.62,1153.33,6049.29,21.97,12148.13,2024-11-01
78,Mid-Level,6037.24,1202.98,1808.61,4834.27,538.51,4295.75,128.08,7973.92,2024-11-01
79,Mid-Level,6126.53,1233.58,2407.61,4892.95,640.39,4252.56,146.27,8680.42,2024-11-01
80,Mid-Level,3209.12,666.31,1296.32,2542.81,260.81,2282.0,138.12,4643.56,2024-11-01
81,Mid-Level,9616.12,2108.58,2864.0,7507.53,1062.7,6444.83,80.3,12560.42,2024-11-01
82,Mid-Level,5657.66,1032.7,1618.87,4624.97,539.42,4085.54,42.11,7318.64,2024-11-01
83,Mid-Level,7342.79,1652.8,2892.38,5690.0,917.87,4772.13,101.41,10336.58,2024-11-01
84,Mid-Level,5077.85,1049.4,1707.07,4028.45,535.64,3492.81,100.56,6885.48,2024-11-01
85,Mid-Level,6311.21,1454.77,1706.07,4856.44,579.8,4276.64,41.86,8059.15,2024-11-01
86,Mid-Level,4848.5,1076.67,1322.03,3771.83,486.83,3285.0,83.41,6253.94,2024-11-01
87,Mid-Level,5012.22,923.74,1576.27,4088.47,495.76,3592.71,5.96,6594.45,2024-11-01
88,Mid-Level,4493.71,816.58,1869.17,3677.13,498.43,3178.7,52.44,6415.32,2024-11-01
89,Mid-Level,6455.38,1305.47,2220.91,5149.9,823.11,4326.79,27.87,8704.17,2024-11-01
90,Mid-Level,5100.73,1017.51,1610.85,4083.22,456.93,3626.29,53.14,6764.71,2024-11-01
91,Mid-Level,6749.06,1358.12,2804.91,5390.94,856.85,4534.09,93.32,9647.29,2024-11-01
92,Mid-Level,7058.38,1479.93,1876.39,5578.45,803.05,4775.4,122.04,9056.8,2024-11-01
93,Mid-Level,9691.27,1940.7,2428.14,7750.56,1238.47,6512.1,32.82,12152.23,2024-11-01
94,Mid-Level,8195.89,1909.52,3137.29,6286.37,945.38,5340.99,20.86,11354.05,2024-11-01
95,Mid-Level,4464.01,910.35,1744.4,3553.66,493.83,3059.83,59.49,6267.89,2024-11-01
96,Mid-Level,8358.86,1638.0,3484.56,6720.86,1201.12,5519.73,105.39,11948.81,2024-11-01
97,Mid-Level,6308.37,1196.2,1848.65,5112.17,902.32,4209.84,47.84,8204.85,2024-11-01
98,Mid-Level,8940.15,1642.88,2991.33,7297.26,1039.49,6257.77,14.36,11945.84,2024-11-01
99,Mid-Level,6305.39,1452.54,1695.55,4852.85,651.36,4201.49,18.62,8019.56,2024-11-01
100,Mid-Level,9761.78,2184.12,3287.12,7577.67,1246.99,6330.68,0.3,13049.2,2024-11-01
101,Mid-Level,7184.93,1408.59,2155.58,5776.34,977.66,4798.68,108.29,9448.8,2024-11-01
102,Mid-Level,7580.13,1441.73,2013.3,6138.4,862.12,5276.28,77.07,9670.5,2024-11-01
103,Mid-Level,6706.17,1358.08,2177.05,5348.1,932.92,4415.17,130.91,9014.13,2024-11-01
104,Mid-Level,7852.01,1835.94,2581.95,6016.07,972.54,5043.53,22.41,10456.37,2024-11-01
105,Mid-Level,5575.21,1256.6,1637.85,4318.62,525.0,3793.61,138.1,7351.17,2024-11-01
106,Mid-Level,6692.68,1322.99,2656.71,5369.68,913.37,4456.31,147.07,9496.46,2024-11-01
107,Mid-Level,8899.3,1885.76,3074.74,7013.54,1055.89,5957.65,1.93,11975.96,2024-11-01
108,Mid-Level,7856.81,1526.11,3078.65,6330.7,1029.51,5301.19,22.53,10957.98,2024-11-01
109,Mid-Level,4997.09,1171.81,1846.74,3825.28,448.33,3376.95,33.52,6877.35,2024-11-01
110,Mid-Level,6902.28,1594.4,1754.44,5307.88,835.87,4472.01,31.98,8688.7,2024-11-01
111,Mid-Level,6033.41,1310.64,2495.02,4722.77,601.64,4121.13,52.89,8581.32,2024-11-01
112,Mid-Level,8001.87,1873.84,2955.46,6128.03,1004.34,5123.68,113.97,11071.3,2024-11-01
113,Mid-Level,6184.18,1237.31,2203.97,4946.87,656.77,4290.1,72.4,8460.54,2024-11-01
114,Mid-Level,8843.41,1853.13,2635.28,6990.29,1113.52,5876.77,17.92,11496.61,2024-11-01
115,Mid-Level,6261.93,1160.85,2314.34,5101.08,805.38,4295.71,22.0,8598.27,2024-11-01
116,Mid-Level,9961.18,1922.46,3089.18,8038.73,1319.86,6718.87,144.49,13194.86,2024-11-01
117,Mid-Level,9211.6,1732.02,2373.81,7479.58,1245.49,6234.09,13.75,11599.16,2024-11-01
118,Mid-Level,7670.44,1383.55,2511.75,6286.89,1017.19,5269.7,23.62,10205.81,2024-11-01
119,Mid-Level,3539.24,760.82,1150.48,2778.42,255.05,2523.37,9.17,4698.89,2024-11-01
120,Mid-Level,6990.73,1592.62,2387.42,5398.11,905.94,4492.17,118.75,9496.9,2024-11-01
121,Mid-Level,9551.32,2193.6,2722.51,7357.72,1097.06,6260.66,34.51,12308.33,2024-11-01
122,Mid-Level,3929.59,795.09,1487.85,3134.5,338.42,2796.08,131.01,5548.46,2024-11-01
123,Mid-Level,7716.22,1552.78,2000.29,6163.44,920.59,5242.85,139.4,9855.91,2024-11-01
124,Mid-Level,5089.0,1055.6,2012.08,4033.41,500.09,3533.31,148.61,7249.69,2024-11-01
125,Mid-Level,4440.16,844.25,1385.15,3595.91,430.98,3164.93,33.41,5858.73,2024-11-01
126,Mid-Level,5840.78,1081.61,1850.08,4759.18,643.83,4115.34,72.45,7763.31,2024-11-01
127,Mid-Level,6661.99,1439.75,1954.6,5222.24,878.46,4343.78,97.21,8713.8,2024-11-01
128,Mid-Level,6105.16,1318.01,2402.4,4787.14,610.46,4176.68,100.66,8608.21,2024-11-01
129,Mid-Level,5219.38,1229.03,1826.2,3990.35,455.23,3535.11,99.42,7145.0,2024-11-01
130,Mid-Level,5444.97,1170.85,2090.77,4274.11,501.27,3772.84,48.65,7584.39,2024-11-01
131,Mid-Level,3832.51,711.67,1254.31,3120.84,308.46,2812.38,25.22,5112.04,2024-11-01
132,Mid-Level,5206.8,1167.83,1931.39,4038.97,464.42,3574.54,81.44,7219.63,2024-11-01
133,Mid-Level,5898.51,1326.11,1803.88,4572.41,504.33,4068.08,19.29,7721.68,2024-11-01
134,Mid-Level,5073.01,1025.88,1636.05,4047.13,489.72,3557.41,35.15,6744.21,2024-11-01
135,Mid-Level,7308.55,1679.83,2964.1,5628.72,976.01,4652.71,17.68,10290.32,2024-11-01
136,Mid-Level,6901.46,1478.86,2005.08,5422.61,950.06,4472.54,100.43,9006.98,2024-11-01
137,Mid-Level,7674.31,1594.53,2188.85,6079.78,1069.69,5010.09,97.58,9960.74,2024-11-01
138,Mid-Level,7632.2,1738.13,3148.77,5894.07,827.93,5066.14,7.28,10788.25,2024-11-01
139,Mid-Level,4548.03,918.45,1375.31,3629.58,457.13,3172.46,115.25,6038.59,2024-11-01
140,Mid-Level,6491.66,1343.3,2279.17,5148.36,721.03,4427.34,38.0,8808.83,2024-11-01
141,Mid-Level,9300.63,1738.01,3060.04,7562.62,1306.17,6256.45,142.67,12503.33,2024-11-01
142,Mid-Level,7403.49,1560.92,2278.43,5842.57,1006.02,4836.55,25.88,9707.81,2024-11-01
143,Mid-Level,5172.71,1151.95,1725.64,4020.76,541.58,3479.18,148.63,7046.98,2024-11-01
144,Mid-Level,4800.02,1112.07,1567.52,3687.95,502.84,3185.11,7.83,6375.37,2024-11-01
145,Mid-Level,6004.99,1109.46,2098.79,4895.53,577.49,4318.04,82.14,8185.93,2024-11-01
146,Mid-Level,5296.28,1073.52,1612.75,4222.76,518.08,3704.68,122.54,7031.57,2024-11-01
147,Mid-Level,7991.38,1776.39,2968.95,6214.99,907.06,5307.92,91.22,11051.55,2024-11-01
148,Mid-Level,7070.69,1298.84,2434.46,5771.84,818.79,4953.05,149.07,9654.23,2024-11-01
149,Mid-Level,4536.2,1063.87,1867.89,3472.33,265.96,3206.37,9.53,6413.62,2024-11-01
150,Mid-Level,5203.29,1164.0,1825.7,4039.29,544.13,3495.16,26.65,7055.64,2024-11-01
151,Mid-Level,7020.3,1629.02,1963.1,5391.28,869.76,4521.52,16.11,8999.52,2024-11-01
152,Mid-Level,5816.68,1167.91,1545.79,4648.77,543.74,4105.03,65.96,7428.43,2024-11-01
153,Mid-Level,9747.35,1903.76,3010.17,7843.59,1166.33,6677.25,74.8,12832.32,2024-11-01
154,Mid-Level,8052.52,1469.6,2292.1,6582.92,1036.74,5546.17,137.35,10481.97,2024-11-01
155,Mid-Level,5381.7,1242.06,1701.66,4139.64,507.21,3632.44,79.08,7162.44,2024-11-01
156,Mid-Level,7543.35,1654.18,2718.3,5889.17,928.67,4960.5,105.19,10366.84,2024-11-01
157,Mid-Level,6465.69,1400.62,2303.69,5065.08,729.67,4335.41,146.77,8916.16,2024-11-01
158,Mid-Level,5448.2,996.68,1377.16,4451.52,577.2,3874.32,34.55,6859.92,2024-11-01
159,Mid-Level,5078.24,935.85,1270.52,4142.39,511.05,3631.34,128.79,6477.55,2024-11-01
160,Mid-Level,3291.35,744.46,1124.6,2546.89,239.36,2307.53,41.09,4457.04,2024-11-01
161,Mid-Level,8694.78,1783.73,3198.48,6911.05,1054.75,5856.3,114.13,12007.39,2024-11-01
162,Mid-Level,4795.77,911.76,1891.84,3884.01,444.86,3439.14,135.45,6823.06,2024-11-01
163,Mid-Level,5881.55,1171.52,1595.79,4710.03,540.78,4169.25,141.94,7619.27,2024-11-01
164,Mid-Level,12204.45,2787.94,3687.0,9416.52,1623.46,7793.05,143.57,16035.02,2024-11-01
165,Mid-Level,5879.71,1384.48,1597.04,4495.23,558.68,3936.55,128.85,7605.6,2024-11-01
166,Mid-Level,8154.49,1504.32,2782.1,6650.17,1060.48,5589.69,50.95,10987.53,2024-11-01
167,Mid-Level,6127.59,1145.76,1854.61,4981.83,602.75,4379.08,102.81,8085.01,2024-11-01
168,Mid-Level,6520.87,1339.35,1983.07,5181.52,752.49,4429.03,112.57,8616.5,2024-11-01
169,Mid-Level,5030.84,1170.5,1672.69,3860.35,499.35,3361.0,17.76,6721.3,2024-11-01
170,Mid-Level,3996.35,908.35,1555.43,3088.0,266.47,2821.53,89.95,5641.72,2024-11-01
171,Mid-Level,8604.88,1560.22,2626.64,7044.66,1059.84,5984.82,48.67,11280.18,2024-11-01
172,Mid-Level,10614.48,2197.35,3317.65,8417.13,1202.26,7214.87,4.86,13936.99,2024-11-01
173,Mid-Level,6727.84,1516.78,1941.53,5211.06,821.35,4389.71,125.27,8794.64,2024-11-01
174,Mid-Level,8747.1,2090.21,3440.36,6656.9,1104.87,5552.03,74.12,12261.58,2024-11-01
175,Senior,13037.27,2526.18,4630.93,10511.09,1804.47,8706.62,103.46,17771.66,2024-11-01
176,Senior,11738.44,2222.21,3458.3,9516.23,1456.37,8059.86,7.4,15204.15,2024-11-01
177,Senior,14021.22,2840.24,4173.61,11180.97,1987.36,9193.61,46.87,18241.69,2024-11-01
178,Senior,14484.8,2831.42,3647.05,11653.38,1820.27,9833.11,118.61,18250.46,2024-11-01
179,Senior,17525.94,3255.6,7006.11,14270.34,2536.74,11733.6,26.32,24558.37,2024-11-01
180,Senior,11833.51,2644.68,3321.37,9188.83,1393.19,7795.64,30.34,15185.23,2024-11-01
181,Senior,18021.93,3460.48,4781.89,14561.45,2191.61,12369.84,92.23,22896.06,2024-11-01
182,Senior,9387.18,1830.5,3356.65,7556.68,1243.47,6313.21,93.1,12836.93,2024-11-01
183,Senior,11102.12,2593.97,3645.57,8508.14,1268.78,7239.36,47.23,14794.91,2024-11-01
184,Senior,13582.98,3032.45,4700.88,10550.53,1765.23,8785.31,106.71,18390.58,2024-11-01
185,Senior,12888.93,2910.11,5262.7,9978.82,1557.82,8420.99,19.57,18171.19,2024-11-01
186,Senior,14969.06,3103.02,4163.47,11866.04,2020.14,9845.9,47.66,19180.19,2024-11-01
187,Senior,17225.72,3983.29,5877.71,13242.43,2338.08,10904.35,42.39,23145.82,2024-11-01
188,Senior,5527.64,1150.62,2219.93,4377.02,512.73,3864.29,65.24,7812.82,2024-11-01
189,Senior,12007.71,2479.98,3420.08,9527.73,1601.04,7926.69,110.14,15537.92,2024-11-01
190,Senior,9828.37,2283.24,3254.5,7545.12,1239.93,6305.19,122.64,13205.5,2024-11-01
191,Senior,7408.72,1420.81,2590.81,5987.91,964.2,5023.71,94.5,10094.03,2024-11-01
192,Senior,16314.18,3508.91,4724.75,12805.27,1825.37,10979.9,105.06,21143.99,2024-11-01
193,Senior,21465.33,4532.5,8261.35,16932.83,3013.52,13919.31,95.76,29822.44,2024-11-01
194,Senior,15423.84,3502.01,4599.92,11921.83,2087.99,9833.84,127.03,20150.79,2024-11-01
195,Senior,15036.42,3186.51,4407.07,11849.91,1967.94,9881.97,92.06,19535.56,2024-11-01
196,Senior,8079.28,1503.11,3157.33,6576.17,1128.52,5447.65,144.34,11380.95,2024-11-01
197,Senior,13262.1,2679.84,4951.69,10582.25,1845.72,8736.54,53.4,18267.19,2024-11-01
198,Senior,16887.53,3776.8,5974.37,13110.73,2304.65,10806.08,90.29,22952.19,2024-11-01
199,Senior,11385.84,2112.01,2855.55,9273.83,1453.29,7820.54,39.83,14281.22,2024-11-01
200,Senior,14148.75,2567.17,4355.04,11581.58,1763.15,9818.43,141.52,18645.31,2024-11-01
201,Senior,13058.38,3031.96,5416.14,10026.42,1509.55,8516.87,49.21,18523.73,2024-11-01
202,Senior,12174.42,2806.64,3786.81,9367.78,1312.97,8054.81,38.26,15999.49,2024-11-01
203,Senior,7110.98,1327.72,2952.32,5783.26,983.86,4799.4,0.17,10063.47,2024-11-01
204,Senior,6734.86,1535.48,2487.96,5199.38,883.41,4315.98,104.27,9327.09,2024-11-01
205,Senior,10484.09,2259.25,4131.62,8224.83,1280.46,6944.37,107.22,14722.92,2024-11-01
206,Senior,12122.26,2739.41,3498.99,9382.85,1596.44,7786.41,143.77,15765.03,2024-11-01
207,Senior,15781.11,2978.93,6038.54,12802.17,1865.06,10937.11,103.54,21923.19,2024-11-01
208,Senior,12156.35,2561.25,4682.09,9595.11,1403.77,8191.34,113.47,16951.92,2024-11-01
209,Senior,14970.97,3269.73,5590.16,11701.25,1785.77,9915.48,99.51,20660.65,2024-11-01
210,Senior,17879.52,4269.84,6164.48,13609.68,1956.02,11653.66,71.79,24115.8,2024-11-01
211,Senior,12312.72,2519.27,4745.41,9793.45,1706.87,8086.58,124.85,17182.97,2024-11-01
212,Senior,11810.68,2542.77,3431.02,9267.91,1581.49,7686.42,80.76,15322.46,2024-11-01
213,Senior,22686.99,4790.0,7566.69,17897.0,3147.66,14749.33,25.76,30279.44,2024-11-01
214,Senior,15372.11,3042.48,5386.14,12329.63,1976.05,10353.58,90.65,20848.9,2024-11-01
215,Senior,12705.89,2953.56,4370.46,9752.33,1424.06,8328.28,137.18,17213.53,2024-11-01
216,Senior,9776.96,2224.51,2827.51,7552.46,1280.78,6271.68,39.17,12643.65,2024-11-01
217,Senior,14871.32,3168.92,6113.46,11702.41,1788.02,9914.38,123.73,21108.51,2024-11-01
218,Senior,11398.34,2207.32,3471.91,9191.01,1598.63,7592.38,25.35,14895.59,2024-11-01
219,Senior,11224.49,2342.35,3771.76,8882.15,1479.62,7402.53,63.1,15059.35,2024-11-01
220,Senior,15707.08,3753.41,5601.38,11953.67,2107.48,9846.19,109.38,21417.84,2024-11-01
221,Senior,9573.62,1958.69,2808.11,7614.93,1240.24,6374.69,109.07,12490.79,2024-11-01
222,Senior,16161.75,3561.97,6062.54,12599.78,1961.6,10638.17,47.51,22271.8,2024-11-01
223,Senior,9660.14,1966.42,2438.97,7693.72,1168.52,6525.2,73.39,12172.5,2024-11-01
224,Senior,8633.57,1955.65,3518.56,6677.93,1191.8,5486.12,11.1,12163.23,2024-11-01
225,Manager,59553.12,12204.72,18268.46,47348.39,7272.51,40075.88,90.94,77912.52,2024-11-01
226,Manager,50737.54,10732.58,17037.8,40004.96,5722.21,34282.75,44.88,67820.22,2024-11-01
227,Manager,18466.02,3429.77,7733.46,15036.25,2443.57,12592.69,31.59,26231.07,2024-11-01
228,Manager,35464.34,6794.51,13142.3,28669.84,4838.17,23831.66,53.6,48660.24,2024-11-01
229,Manager,34612.85,8095.33,11778.7,26517.52,4579.97,21937.55,41.01,46432.56,2024-11-01
230,Manager,46709.35,10810.78,12147.93,35898.57,6083.48,29815.09,43.63,58900.91,2024-11-01
231,Manager,49185.25,11656.19,12882.78,37529.06,6129.91,31399.15,15.5,62083.53,2024-11-01
232,Manager,40195.18,8289.91,14257.83,31905.27,4794.86,27110.41,117.28,54570.29,2024-11-01
233,Manager,42909.01,8602.82,10728.52,34306.18,5783.08,28523.1,7.18,53644.7,2024-11-01
234,Manager,52801.58,9645.8,20216.36,43155.78,7649.9,35505.88,98.98,73116.92,2024-11-01
235,Manager,51564.36,10091.98,21278.18,41472.38,7055.52,34416.87,6.7,72849.25,2024-11-01
236,Manager,29700.82,5527.93,8181.1,24172.89,3736.97,20435.93,43.17,37925.09,2024-11-01
237,Manager,42389.09,7892.52,17097.3,34496.57,5503.91,28992.66,34.03,59520.42,2024-11-01
238,Manager,60882.56,13159.23,19122.23,47723.33,7519.61,40203.72,107.99,80112.78,2024-11-01
239,Manager,25806.7,6193.2,9164.73,19613.49,3312.3,16301.19,11.89,34983.32,2024-11-01
240,Manager,35089.81,8206.62,13465.8,26883.19,4254.55,22628.64,92.36,48647.97,2024-11-01
241,Manager,46443.49,9209.26,13496.16,37234.23,6624.14,30610.09,149.53,60089.18,2024-11-01
242,Manager,37254.54,8216.58,11830.73,29037.96,4094.04,24943.92,42.05,49127.33,2024-11-01
243,Manager,30333.63,7166.28,10694.04,23167.35,4006.04,19161.3,4.25,41031.92,2024-11-01
244,Manager,31794.1,5783.03,10515.17,26011.08,4114.11,21896.97,57.47,42366.74,2024-11-01
245,Manager,50014.63,9714.81,19674.05,40299.82,6589.78,33710.03,64.52,69753.2,2024-11-01
246,Manager,44811.06,8376.38,17856.97,36434.68,5962.3,30472.38,59.05,62727.08,2024-11-01
247,Manager,57773.43,13161.25,21262.31,44612.18,7835.6,36776.58,68.33,79104.07,2024-11-01
248,Manager,24869.48,5631.19,9512.52,19238.29,3313.41,15924.88,72.24,34454.24,2024-11-01
249,Manager,47382.05,11248.06,16568.99,36133.99,6430.59,29703.41,139.56,64090.61,2024-11-01
1,Intern,985.41,201.47,351.13,783.94,0.0,783.94,14.97,1351.5,2024-12-01
2,Intern,734.14,166.98,219.54,567.16,0.0,567.16,149.45,1103.13,2024-12-01
3,Intern,718.25,134.41,202.92,583.84,0.0,583.84,132.51,1053.69,2024-12-01
4,Intern,853.61,198.86,353.45,654.75,0.0,654.75,130.07,1337.13,2024-12-01
5,Intern,636.91,128.79,184.15,508.12,0.0,508.12,69.39,890.45,2024-12-01
6,Intern,721.98,147.83,213.79,574.16,0.0,574.16,61.88,997.66,2024-12-01
7,Intern,502.37,109.38,209.4,392.99,0.0,392.99,147.02,858.79,2024-12-01
8,Intern,906.6,208.81,374.9,697.79,0.0,697.79,141.94,1423.44,2024-12-01
9,Intern,721.84,151.51,181.89,570.32,0.0,570.32,67.26,970.98,2024-12-01
10,Intern,859.28,204.11,249.65,655.18,0.0,655.18,88.59,1197.53,2024-12-01
11,Intern,789.94,177.28,319.28,612.66,0.0,612.66,129.93,1239.15,2024-12-01
12,Intern,499.4,110.19,146.97,389.21,0.0,389.21,131.25,777.62,2024-12-01
13,Junior,2479.26,453.4,640.67,2025.86,126.78,1899.07,11.72,3131.65,2024-12-01
14,Junior,3189.45,735.6,1184.92,2453.86,169.33,2284.53,55.94,4430.32,2024-12-01
15,Junior,2315.03,474.68,771.57,1840.35,71.82,1768.53,98.65,3185.24,2024-12-01
16,Junior,5160.46,1138.21,2014.19,4022.25,504.92,3517.34,5.99,7180.64,2024-12-01
17,Junior,3374.2,751.92,1226.19,2622.27,268.8,2353.47,68.63,4669.02,2024-12-01
18,Junior,3142.75,698.11,1196.05,2444.64,140.68,2303.97,56.11,4394.91,2024-12-01
19,Junior,5326.85,1097.44,1501.77,4229.41,486.02,3743.38,116.98,6945.6,2024-12-01
20,Junior,3878.54,790.6,1300.07,3087.95,234.11,2853.83,90.73,5269.35,2024-12-01
21,Junior,4166.75,847.97,1442.08,3318.78,294.93,3023.86,97.09,5705.92,2024-12-01
22,Junior,3150.96,618.38,1281.46,2532.58,200.1,2332.48,14.4,4446.82,2024-12-01
23,Junior,5231.49,1191.83,1392.04,4039.66,463.55,3576.11,128.07,6751.6,2024-12-01
24,Junior,3859.54,901.98,1258.24,2957.57,233.91,2723.66,122.55,5240.34,2024-12-01
25,Junior,3861.21,830.06,1126.98,3031.15,219.75,2811.4,41.45,5029.65,2024-12-01
26,Junior,2879.39,624.44,1063.45,2254.95,80.29,2174.66,71.43,4014.27,2024-12-01
27,Junior,4969.64,904.28,1740.74,4065.36,534.41,3530.95,134.42,6844.8,2024-12-01
28,Junior,3429.55,718.09,1206.81,2711.46,229.48,2481.98,45.61,4681.97,2024-12-01
29,Junior,3437.58,805.09,1043.57,2632.49,253.55,2378.95,149.06,4630.21,2024-12-01
30,Junior,4204.38,785.3,1374.73,3419.08,250.76,3168.32,146.19,5725.31,2024-12-01
31,Junior,3441.63,718.99,1179.63,2722.64,265.87,2456.77,108.52,4729.78,2024-12-01
32,Junior,2185.98,474.65,824.74,1711.33,76.87,1634.46,137.63,3148.35,2024-12-01
33,Junior,4738.1,892.92,1497.36,3845.18,472.58,3372.6,69.58,6305.03,2024-12-01
34,Junior,2332.38,498.53,684.88,1833.85,94.63,1739.22,82.62,3099.88,2024-12-01
35,Junior,3443.2,734.64,1060.9,2708.56,244.68,2463.88,142.8,4646.9,2024-12-01
36,Junior,4066.86,828.03,1394.95,3238.82,308.17,2930.65,104.56,5566.37,2024-12-01
37,Junior,2293.2,460.56,930.89,1832.64,74.73,1757.91,33.13,3257.22,2024-12-01
38,Junior,3536.34,819.57,1031.72,2716.77,267.58,2449.19,101.55,4669.61,2024-12-01
39,Junior,3944.12,819.11,1510.3,3125.01,339.92,2785.09,12.91,5467.34,2024-12-01
40,Junior,4095.6,844.73,1434.2,3250.87,283.17,2967.7,59.2,5589.01,2024-12-01
41,Junior,4971.9,950.96,1853.46,4020.94,545.25,3475.69,92.04,6917.4,2024-12-01
42,Junior,3781.44,732.3,1392.43,3049.14,298.82,2750.33,91.07,5264.94,2024-12-01
43,Junior,1952.7,454.59,748.22,1498.12,0.0,1498.12,53.72,2754.64,2024-12-01
44,Junior,2424.37,537.2,999.08,1887.16,126.73,1760.43,21.92,3445.36,2024-12-01
45,Junior,3705.26,766.03,981.19,2939.22,276.14,2663.09,97.46,4783.91,2024-12-01
46,Junior,2799.29,601.2,1010.92,2198.09,115.79,2082.3,20.79,3831.0,2024-12-01
47,Junior,4500.51,827.71,1760.25,3672.8,446.33,3226.46,98.8,6359.56,2024-12-01
48,Junior,3866.24,842.76,1506.83,3023.48,319.44,2704.04,105.99,5479.05,2024-12-01
49,Junior,3345.86,791.15,915.17,2554.71,208.91,2345.8,82.02,4343.05,2024-12-01
50,Junior,3417.73,720.59,1213.58,2697.15,278.8,2418.35,9.47,4640.78,2024-12-01
51,Junior,3210.67,746.25,1263.08,2464.42,146.32,2318.11,148.31,4622.06,2024-12-01
52,Junior,3932.63,727.21,1419.19,3205.42,227.73,2977.69,65.5,5417.33,2024-12-01
53,Junior,1940.93,429.07,656.74,1511.86,86.09,1425.77,93.76,2691.43,2024-12-01
54,Junior,3734.23,704.84,1416.58,3029.39,269.1,2760.29,62.76,5213.57,2024-12-01
55,Junior,2913.05,555.41,1014.43,2357.63,144.9,2212.73,65.34,3992.82,2024-12-01
56,Junior,3824.56,805.54,1031.71,3019.02,320.94,2698.09,55.5,4911.78,2024-12-01
57,Junior,3288.84,756.1,1161.86,2532.73,255.36,2277.38,92.74,4543.44,2024-12-01
58,Junior,3934.65,801.21,1470.52,3133.45,337.51,2795.93,3.36,5408.54,2024-12-01
59,Junior,2767.14,631.03,904.62,2136.11,111.33,2024.78,84.81,3756.57,2024-12-01
60,Junior,3213.18,617.67,1258.26,2595.51,260.5,2335.01,91.56,4563.0,2024-12-01
61,Junior,4326.81,904.01,1220.16,3422.8,320.27,3102.53,56.85,5603.82,2024-12-01
62,Junior,5235.77,1170.32,2132.4,4065.45,558.93,3506.52,115.77,7483.95,2024-12-01
63,Junior,4624.67,956.99,1690.42,3667.69,511.34,3156.35,135.44,6450.53,2024-12-01
64,Junior,4968.42,1021.33,1383.93,3947.09,514.14,3432.95,68.83,6421.18,2024-12-01
65,Junior,3742.52,867.13,1458.37,2875.39,234.49,2640.9,109.91,5310.79,2024-12-01
66,Junior,3597.88,718.85,1123.38,2879.03,289.58,2589.45,38.17,4759.43,2024-12-01
67,Junior,3581.38,842.78,1278.79,2738.6,287.29,2451.31,96.32,4956.49,2024-12-01
68,Junior,2890.68,612.45,854.16,2278.23,102.3,2175.93,51.5,3796.34,2024-12-01
69,Junior,3707.25,816.03,1313.92,2891.22,265.88,2625.34,57.96,5079.13,2024-12-01
70,Junior,4552.62,941.26,1797.91,3611.36,457.16,3154.2,16.26,6366.79,2024-12-01
71,Junior,3373.59,634.17,848.2,2739.41,273.08,2466.34,24.66,4246.45,2024-12-01
72,Junior,2786.45,532.02,843.57,2254.43,113.32,2141.11,37.41,3667.44,2024-12-01
73,Junior,3131.62,567.02,984.46,2564.6,225.9,2338.7,122.27,4238.35,2024-12-01
74,Junior,3043.66,621.29,880.53,2422.37,144.15,2278.22,113.64,4037.84,2024-12-01
75,Mid-Level,4559.92,1013.62,1824.26,3546.3,392.16,3154.14,15.95,6400.13,2024-12-01
76,Mid-Level,7979.55,1535.32,3159.37,6444.23,922.65,5521.57,34.83,11173.75,2024-12-01
77,Mid-Level,9079.75,1917.38,2854.04,7162.37,1049.78,6112.59,127.58,12061.38,2024-12-01
78,Mid-Level,6525.02,1365.91,2614.57,5159.11,820.43,4338.68,45.74,9185.33,2024-12-01
79,Mid-Level,6152.72,1253.58,1653.49,4899.14,595.53,4303.61,55.12,7861.33,2024-12-01
80,Mid-Level,3952.27,748.82,1655.47,3203.45,310.0,2893.46,80.37,5688.1,2024-12-01
81,Mid-Level,9719.41,1847.03,3365.12,7872.37,1384.29,6488.08,21.62,13106.15,2024-12-01
82,Mid-Level,5681.24,1284.86,1799.64,4396.38,596.9,3799.49,27.3,7508.17,2024-12-01
83,Mid-Level,7442.7,1679.09,2306.81,5763.61,910.95,4852.66,66.28,9815.79,2024-12-01
84,Mid-Level,6205.2,1461.32,1989.06,4743.88,641.86,4102.02,56.48,8250.73,2024-12-01
85,Mid-Level,6363.34,1358.0,1973.53,5005.34,826.73,4178.61,9.63,8346.5,2024-12-01
86,Mid-Level,4867.83,1154.52,1365.17,3713.31,453.2,3260.11,32.31,6265.31,2024-12-01
87,Mid-Level,5002.34,1093.82,1520.0,3908.51,503.36,3405.15,40.81,6563.15,2024-12-01
88,Mid-Level,4498.8,827.81,1766.28,3670.99,510.94,3160.06,100.2,6365.28,2024-12-01
89,Mid-Level,6460.8,1514.19,2528.05,4946.61,632.47,4314.14,73.57,9062.42,2024-12-01
90,Mid-Level,5142.82,1121.02,1850.8,4021.8,560.53,3461.27,26.0,7019.63,2024-12-01
91,Mid-Level,6726.99,1350.83,1840.18,5376.15,870.65,4505.5,109.61,8676.78,2024-12-01
92,Mid-Level,7467.4,1410.24,2585.23,6057.16,1003.76,5053.39,8.92,10061.55,2024-12-01
93,Mid-Level,10866.34,2453.35,3502.19,8412.99,1368.24,7044.75,110.44,14478.96,2024-12-01
94,Mid-Level,8200.08,1803.08,2960.32,6396.99,1140.68,5256.31,31.41,11191.8,2024-12-01
95,Mid-Level,4558.11,1071.71,1914.24,3486.4,372.0,3114.41,22.36,6494.71,2024-12-01
96,Mid-Level,9040.28,1643.35,2466.33,7396.93,1190.14,6206.8,35.81,11542.42,2024-12-01
97,Mid-Level,6301.04,1373.51,1855.9,4927.54,645.17,4282.37,61.74,8218.68,2024-12-01
98,Mid-Level,8848.2,1694.54,2683.77,7153.66,1096.97,6056.69,125.92,11657.88,2024-12-01
99,Mid-Level,6414.29,1254.27,1887.79,5160.02,823.61,4336.41,132.78,8434.86,2024-12-01
100,Mid-Level,9776.58,2223.56,3728.94,7553.02,1324.76,6228.26,31.8,13537.33,2024-12-01
101,Mid-Level,7191.3,1424.2,2116.91,5767.09,849.68,4917.42,145.89,9454.09,2024-12-01
102,Mid-Level,7603.38,1397.34,3072.18,6206.04,1088.38,5117.65,32.66,10708.22,2024-12-01
103,Mid-Level,6762.75,1347.6,1830.4,5415.15,807.32,4607.82,135.97,8729.11,2024-12-01
104,Mid-Level,8737.82,2042.73,3482.67,6695.09,1189.66,5505.43,93.38,12313.88,2024-12-01
105,Mid-Level,5590.09,1021.65,1709.79,4568.44,541.89,4026.55,22.75,7322.63,2024-12-01
106,Mid-Level,6757.33,1401.63,2502.0,5355.7,800.82,4554.88,2.15,9261.48,2024-12-01
107,Mid-Level,8942.16,2044.92,3377.43,6897.24,970.46,5926.78,149.35,12468.94,2024-12-01
108,Mid-Level,7953.78,1654.92,2968.45,6298.86,1013.41,5285.44,16.24,10938.47,2024-12-01
109,Mid-Level,5091.01,1108.59,2006.0,3982.42,545.32,3437.1,109.22,7206.23,2024-12-01
110,Mid-Level,6892.09,1385.28,1750.43,5506.81,891.06,4615.75,115.68,8758.2,2024-12-01
111,Mid-Level,6024.28,1134.39,1945.1,4889.89,656.26,4233.63,36.06,8005.45,2024-12-01
112,Mid-Level,8085.38,1723.39,2455.71,6362.0,1070.79,5291.2,106.03,10647.12,2024-12-01
113,Mid-Level,6118.31,1279.52,2400.48,4838.79,557.96,4280.83,65.69,8584.48,2024-12-01
114,Mid-Level,8871.33,1711.96,2783.32,7159.36,1035.74,6123.62,81.9,11736.55,2024-12-01
115,Mid-Level,6352.57,1190.27,1949.39,5162.3,870.66,4291.65,28.28,8330.24,2024-12-01
116,Mid-Level,10039.81,2244.44,2525.9,7795.37,1388.26,6407.11,53.62,12619.32,2024-12-01
117,Mid-Level,9253.6,1867.43,3174.81,7386.17,1041.41,6344.76,58.62,12487.03,2024-12-01
118,Mid-Level,7717.56,1400.24,1956.6,6317.31,1002.15,5315.16,11.45,9685.61,2024-12-01
119,Mid-Level,3539.2,642.13,1255.08,2897.07,284.99,2612.08,121.13,4915.41,2024-12-01
120,Mid-Level,8190.85,1652.69,3401.47,6538.16,1164.62,5373.54,140.19,11732.5,2024-12-01
121,Mid-Level,9485.95,1908.63,3591.76,7577.32,1288.56,6288.76,48.76,13126.47,2024-12-01
122,Mid-Level,3975.94,885.75,1432.82,3090.19,217.05,2873.14,114.92,5523.68,2024-12-01
123,Mid-Level,7781.46,1636.27,2408.86,6145.19,1028.01,5117.18,84.96,10275.28,2024-12-01
124,Mid-Level,5146.63,935.42,1928.86,4211.2,467.23,3743.97,54.11,7129.6,2024-12-01
125,Mid-Level,4383.53,933.05,1287.02,3450.48,350.73,3099.75,140.62,5811.17,2024-12-01
126,Mid-Level,5851.76,1191.87,2054.56,4659.89,525.66,4134.23,145.17,8051.49,2024-12-01
127,Mid-Level,6690.18,1422.04,2601.79,5268.14,915.36,4352.78,83.56,9375.53,2024-12-01
128,Mid-Level,6152.49,1283.06,1663.08,4869.43,679.9,4189.53,146.49,7962.05,2024-12-01
129,Mid-Level,6063.43,1269.72,2506.02,4793.71,609.84,4183.87,56.66,8626.1,2024-12-01
130,Mid-Level,5481.63,1225.27,1528.56,4256.36,492.69,3763.67,132.79,7142.98,2024-12-01
131,Mid-Level,4590.25,841.42,1680.55,3748.83,495.51,3253.32,133.4,6404.2,2024-12-01
132,Mid-Level,5818.87,1281.62,2340.64,4537.24,605.78,3931.46,89.45,8248.96,2024-12-01
133,Mid-Level,5948.76,1425.78,2111.35,4522.98,593.38,3929.61,50.9,8111.01,2024-12-01
134,Mid-Level,5146.7,1104.03,2147.43,4042.67,508.14,3534.53,137.18,7431.31,2024-12-01
135,Mid-Level,7788.76,1407.47,2709.7,6381.29,1116.6,5264.69,86.11,10584.56,2024-12-01
136,Mid-Level,7288.5,1472.47,2239.18,5816.02,860.23,4955.79,68.76,9596.43,2024-12-01
137,Mid-Level,7763.83,1566.21,2653.86,6197.62,880.71,5316.91,107.49,10525.18,2024-12-01
138,Mid-Level,7692.73,1451.91,2734.74,6240.82,967.19,5273.62,53.35,10480.82,2024-12-01
139,Mid-Level,4514.53,1047.26,1359.02,3467.28,361.52,3105.76,24.14,5897.69,2024-12-01
140,Mid-Level,6474.34,1435.96,1685.6,5038.38,872.49,4165.89,133.22,8293.17,2024-12-01
141,Mid-Level,9350.05,2047.18,2838.48,7302.87,1109.84,6193.03,68.07,12256.6,2024-12-01
142,Mid-Level,7785.76,1674.33,2560.6,6111.43,1008.48,5102.95,2.11,10348.47,2024-12-01
143,Mid-Level,5205.16,1003.1,1938.38,4202.06,512.45,3689.61,144.07,7287.61,2024-12-01
144,Mid-Level,4738.81,980.08,1909.14,3758.72,522.67,3236.05,81.93,6729.87,2024-12-01
145,Mid-Level,6913.42,1284.49,1781.65,5628.93,1009.73,4619.2,94.92,8789.99,2024-12-01
146,Mid-Level,5332.72,1004.02,1563.74,4328.71,555.38,3773.32,111.51,7007.97,2024-12-01
147,Mid-Level,8034.5,1727.61,3103.73,6306.9,1134.25,5172.64,29.43,11167.67,2024-12-01
148,Mid-Level,7090.08,1538.68,1967.99,5551.4,902.53,4648.87,137.18,9195.25,2024-12-01
149,Mid-Level,4574.83,835.75,1652.49,3739.09,467.22,3271.87,115.25,6342.57,2024-12-01
150,Mid-Level,5225.53,987.54,1334.18,4238.0,501.82,3736.18,132.49,6692.2,2024-12-01
151,Mid-Level,6981.17,1451.57,2745.59,5529.59,919.11,4610.49,2.5,9729.26,2024-12-01
152,Mid-Level,6209.97,1271.46,2461.56,4938.52,575.58,4362.94,113.29,8784.83,2024-12-01
153,Mid-Level,9807.22,2108.28,3651.51,7698.93,1165.5,6533.43,10.29,13469.02,2024-12-01
154,Mid-Level,8040.57,1504.65,2761.24,6535.92,1164.54,5371.38,5.58,10807.39,2024-12-01
155,Mid-Level,5425.18,1147.94,2229.37,4277.24,542.5,3734.73,25.88,7680.43,2024-12-01
156,Mid-Level,7564.02,1708.0,2089.37,5856.02,870.65,4985.38,133.67,9787.05,2024-12-01
157,Mid-Level,6456.23,1449.08,1943.57,5007.15,738.85,4268.3,89.37,8489.17,2024-12-01
158,Mid-Level,5443.23,1291.43,1757.72,4151.8,573.84,3577.96,53.99,7254.93,2024-12-01
159,Mid-Level,5043.0,1196.38,1306.42,3846.62,488.37,3358.25,50.73,6400.14,2024-12-01
160,Mid-Level,3712.73,811.56,1353.81,2901.17,224.31,2676.86,131.81,5198.36,2024-12-01
161,Mid-Level,8665.12,1787.67,3212.13,6877.46,1142.18,5735.28,137.42,12014.68,2024-12-01
162,Mid-Level,4775.68,1092.54,1943.69,3683.14,471.42,3211.72,24.02,6743.4,2024-12-01
163,Mid-Level,5858.45,1273.12,1640.6,4585.33,538.2,4047.13,75.05,7574.1,2024-12-01
164,Mid-Level,12196.03,2560.49,3956.84,9635.54,1530.84,8104.7,18.57,16171.43,2024-12-01
165,Mid-Level,5925.79,1358.99,2148.34,4566.79,633.62,3933.17,73.9,8148.03,2024-12-01
166,Mid-Level,8801.77,1960.51,2518.28,6841.26,1064.54,5776.72,97.36,11417.41,2024-12-01
167,Mid-Level,6153.25,1466.76,2479.39,4686.49,526.31,4160.19,107.24,8739.88,2024-12-01
168,Mid-Level,6589.92,1514.75,2049.8,5075.17,740.16,4335.01,79.46,8719.18,2024-12-01
169,Mid-Level,5064.76,1143.24,1437.31,3921.52,527.3,3394.22,81.9,6583.97,2024-12-01
170,Mid-Level,5037.8,913.62,1740.23,4124.18,534.7,3589.48,106.01,6884.05,2024-12-01
171,Mid-Level,8560.21,1916.62,3139.95,6643.6,1018.02,5625.57,147.96,11848.12,2024-12-01
172,Mid-Level,10635.78,2417.88,4444.6,8217.9,1276.94,6940.96,37.13,15117.51,2024-12-01
173,Mid-Level,6649.87,1289.41,1744.16,5360.46,832.86,4527.61,101.99,8496.02,2024-12-01
174,Mid-Level,9481.21,2154.39,3314.15,7326.83,1288.62,6038.2,142.26,12937.63,2024-12-01
175,Senior,13134.76,2564.19,4306.25,10570.57,1492.45,9078.11,147.16,17588.17,2024-12-01
176,Senior,11711.89,2801.32,4158.68,8910.57,1545.23,7365.34,46.7,15917.26,2024-12-01
177,Senior,14086.65,2553.74,4688.78,11532.91,1663.12,9869.79,4.41,18779.83,2024-12-01
178,Senior,14400.36,2609.16,5516.38,11791.2,2097.63,9693.57,3.38,19920.13,2024-12-01
179,Senior,17553.75,3705.08,4575.87,13848.67,2456.2,11392.47,123.51,22253.13,2024-12-01
180,Senior,12603.39,2275.98,3518.67,10327.4,1535.63,8791.77,101.83,16223.89,2024-12-01
181,Senior,19070.51,4289.68,5224.67,14780.83,2481.72,12299.11,25.16,24320.34,2024-12-01
182,Senior,9471.81,2015.21,2673.85,7456.6,1320.41,6136.19,59.37,12205.04,2024-12-01
183,Senior,11114.92,2303.7,3818.26,8811.23,1424.91,7386.32,137.93,15071.12,2024-12-01
184,Senior,14804.66,2671.83,5050.97,12132.83,1799.03,10333.8,54.77,19910.4,2024-12-01
185,Senior,12906.8,2513.33,4360.13,10393.47,1706.89,8686.59,67.83,17334.76,2024-12-01
186,Senior,14967.45,2927.43,4881.43,12040.02,1978.74,10061.28,14.15,19863.02,2024-12-01
187,Senior,17226.27,3352.14,6980.84,13874.14,2081.53,11792.61,82.8,24289.91,2024-12-01
188,Senior,5455.25,1221.82,2070.93,4233.43,518.04,3715.39,131.84,7658.02,2024-12-01
189,Senior,12081.97,2816.53,3849.18,9265.44,1424.44,7841.01,23.76,15954.9,2024-12-01
190,Senior,11107.03,2232.81,3552.32,8874.22,1267.11,7607.12,42.69,14702.04,2024-12-01
191,Senior,7529.05,1597.66,2692.51,5931.39,977.84,4953.55,112.22,10333.78,2024-12-01
192,Senior,16280.55,3235.84,4367.9,13044.71,2258.33,10786.39,101.24,20749.69,2024-12-01
193,Senior,21451.25,4397.62,7316.87,17053.63,2829.82,14223.81,109.29,28877.41,2024-12-01
194,Senior,15416.33,3302.01,5087.44,12114.33,1858.45,10255.88,138.2,20641.98,2024-12-01
195,Senior,14992.85,3317.21,5699.07,11675.64,1830.37,9845.27,114.37,20806.29,2024-12-01
196,Senior,8108.59,1646.02,2957.98,6462.57,996.16,5466.41,15.76,11082.33,2024-12-01
197,Senior,13324.93,3104.06,5339.51,10220.87,1638.08,8582.79,128.31,18792.75,2024-12-01
198,Senior,16870.56,3805.97,4311.46,13064.6,1886.25,11178.35,144.32,21326.34,2024-12-01
199,Senior,11425.67,2085.95,4422.4,9339.73,1480.95,7858.77,76.08,15924.15,2024-12-01
200,Senior,14247.15,3085.66,5186.22,11161.48,1633.59,9527.89,7.19,19440.56,2024-12-01
201,Senior,13083.81,2845.45,3437.84,10238.36,1529.2,8709.16,52.53,16574.18,2024-12-01
202,Senior,12258.31,2293.9,3504.85,9964.41,1785.67,8178.74,75.11,15838.27,2024-12-01
203,Senior,7151.53,1633.92,2720.81,5517.61,828.03,4689.58,100.69,9973.03,2024-12-01
204,Senior,6744.73,1519.52,2399.27,5225.22,887.25,4337.96,75.93,9219.94,2024-12-01
205,Senior,10470.29,2461.27,4112.25,8009.02,1346.8,6662.22,12.78,14595.31,2024-12-01
206,Senior,12163.34,2833.47,3350.71,9329.87,1660.3,7669.57,2.22,15516.27,2024-12-01
207,Senior,15772.7,3455.07,4018.16,12317.63,1923.94,10393.69,20.92,19811.77,2024-12-01
208,Senior,14122.41,2599.37,5087.45,11523.04,1831.48,9691.56,99.74,19309.6,2024-12-01
209,Senior,16330.79,3222.73,4270.39,13108.07,2227.64,10880.43,112.06,20713.25,2024-12-01
210,Senior,17965.09,4133.41,7142.22,13831.69,1980.36,11851.33,119.6,25226.91,2024-12-01
211,Senior,12433.95,2662.8,5172.24,9771.15,1745.18,8025.97,65.76,17671.95,2024-12-01
212,Senior,11862.93,2364.94,4777.87,9497.99,1631.84,7866.16,94.42,16735.22,2024-12-01
213,Senior,24976.97,5771.38,7908.61,19205.59,2959.87,16245.72,35.69,32921.27,2024-12-01
214,Senior,15417.82,3667.73,5057.66,11750.08,2066.52,9683.57,78.81,20554.29,2024-12-01
215,Senior,12718.51,2890.87,3505.76,9827.64,1491.68,8335.96,19.47,16243.74,2024-12-01
216,Senior,9867.73,2164.32,3311.21,7703.41,1128.38,6575.03,88.7,13267.64,2024-12-01
217,Senior,14841.85,2698.28,5359.98,12143.57,2180.64,9962.93,15.35,20217.17,2024-12-01
218,Senior,13249.06,2604.41,5099.64,10644.65,1651.05,8993.61,75.85,18424.56,2024-12-01
219,Senior,11199.57,2174.03,3870.23,9025.54,1466.05,7559.49,8.35,15078.15,2024-12-01
220,Senior,15655.76,3425.3,5335.93,12230.46,2006.38,10224.08,109.08,21100.77,2024-12-01
221,Senior,9552.63,2053.3,3234.1,7499.32,1146.1,6353.22,120.93,12907.66,2024-12-01
222,Senior,16190.88,3797.67,5404.3,12393.21,1743.86,10649.35,44.63,21639.81,2024-12-01
223,Senior,10562.36,2314.43,3709.11,8247.92,1428.15,6819.77,41.22,14312.68,2024-12-01
224,Senior,8699.39,1807.69,3427.03,6891.69,1150.89,5740.81,69.78,12196.2,2024-12-01
225,Manager,59611.08,11778.65,18489.23,47832.44,8522.85,39309.59,7.52,78107.83,2024-12-01
226,Manager,57293.85,12680.93,23274.94,44612.92,6785.92,37827.0,9.7,80578.49,2024-12-01
227,Manager,22786.08,4327.06,6915.99,18459.02,2706.0,15753.02,96.0,29798.06,2024-12-01
228,Manager,35494.62,8018.06,13291.48,27476.56,4704.23,22772.33,32.53,48818.62,2024-12-01
229,Manager,40914.48,9133.26,12495.39,31781.23,4457.48,27323.75,116.93,53526.81,2024-12-01
230,Manager,46877.75,10403.24,13506.11,36474.5,5639.34,30835.16,90.23,60474.09,2024-12-01
231,Manager,51004.79,9835.17,15858.44,41169.62,5913.83,35255.79,129.82,66993.06,2024-12-01
232,Manager,40332.34,9573.62,11049.99,30758.72,4551.02,26207.7,134.27,51516.6,2024-12-01
233,Manager,43009.37,8099.61,11005.68,34909.76,4901.3,30008.46,116.8,54131.84,2024-12-01
234,Manager,52917.3,12423.48,21529.71,40493.82,6861.47,33632.35,9.81,74456.82,2024-12-01
235,Manager,51707.35,11020.43,21252.7,40686.93,6744.74,33942.19,112.21,73072.27,2024-12-01
236,Manager,32380.05,7004.87,12345.41,25375.18,3577.6,21797.58,79.41,44804.87,2024-12-01
237,Manager,42505.07,8651.41,11104.48,33853.67,5086.34,28767.33,115.43,53724.98,2024-12-01
238,Manager,61104.09,14258.97,24333.23,46845.12,7379.33,39465.79,81.09,85518.41,2024-12-01
239,Manager,30371.7,7101.28,11021.7,23270.42,3387.21,19883.2,39.97,41433.36,2024-12-01
240,Manager,35177.79,7795.43,9155.21,27382.36,4216.37,23165.99,108.83,44441.83,2024-12-01
241,Manager,46357.49,9929.46,12163.83,36428.04,5484.35,30943.69,18.92,58540.24,2024-12-01
242,Manager,40487.68,9292.57,15058.34,31195.11,5309.6,25885.51,83.03,55629.05,2024-12-01
243,Manager,30314.27,6075.26,10677.33,24239.01,3661.93,20577.09,4.42,40996.02,2024-12-01
244,Manager,35369.71,7090.49,14816.83,28279.22,4617.64,23661.58,62.95,50249.49,2024-12-01
245,Manager,49961.28,9958.26,19399.39,40003.03,6705.95,33297.08,35.87,69396.55,2024-12-01
246,Manager,44891.94,9417.77,16698.26,35474.16,5159.54,30314.62,52.03,61642.23,2024-12-01
247,Manager,58905.61,12987.42,15346.9,45918.18,7804.71,38113.48,127.08,74379.59,2024-12-01
248,Manager,24989.98,5215.28,8196.74,19774.7,2910.93,16863.77,103.61,33290.33,2024-12-01
249,Manager,47431.24,10084.63,13088.42,37346.61,5230.94,32115.66,20.75,60540.41,2024-12-01
